price,ram,internal_memory,screen_size,screen_tech,refresh_rate,camera_main_resolution,camera_count,brand,price_category,screen_resolution_k,chip_model,chip_model_encoded,brand_encoded,screen_tech_encoded,screen_resolution_k_encoded
14490000.0,12.0,256,6.78,AMOLED,60.0,50,3,Asus,High,HD,Snapdragon 8,10001674.027339641,13917296.267087275,8814153.412615655,8514044.54111523
11950000.0,12.0,1024,6.59,AMOLED,120.0,48,2,Asus,High,HD,Snapdragon 855,9407208.83280757,14777804.416403785,8652998.667789413,8478074.60955868
10750000.0,12.0,256,6.59,AMOLED,144.0,64,3,Asus,High,HD,Snapdragon 865,10153434.880576836,14934427.323465178,8684478.137766974,8622095.701029267
11450000.0,16.0,512,6.59,AMOLED,144.0,64,3,Asus,High,HD,Snapdragon 865,10192819.400630914,13917296.267087275,8814153.412615655,8514044.54111523
14450000.0,16.0,512,6.78,AMOLED,144.0,64,3,Asus,High,HD,Snapdragon 888,11506006.309148263,14934427.323465178,8684478.137766974,8622095.701029267
13950000.0,16.0,256,6.78,AMOLED,144.0,64,3,Asus,High,HD,Snapdragon 888,11290005.662056135,13909078.163336838,8906548.335996285,8557935.866096748
9950000.0,16.0,256,6.78,AMOLED,165.0,50,3,Asus,High,HD,Dimensity 9000,9762230.40074775,14934427.323465178,8684478.137766974,8622095.701029267
12450000.0,16.0,512,6.78,AMOLED,165.0,50,3,Asus,High,HD,Dimensity 9000,9619208.83280757,14777804.416403785,8652998.667789413,8478074.60955868
8950000.0,16.0,512,6.78,AMOLED,165.0,50,3,Asus,High,HD,Snapdragon 8 gen 1,13372080.320310604,13917296.267087275,8814153.412615655,8514044.54111523
11550000.0,18.0,512,6.78,AMOLED,165.0,50,3,Asus,High,HD,Snapdragon 8 gen 1,13038118.374101464,14460539.65750338,8570011.200063622,8558835.587253692
14450000.0,16.0,512,6.78,AMOLED,165.0,50,3,Asus,High,HD,Snapdragon 8 gen 2,14925593.505980069,14388941.139171029,8734039.109685032,8546529.176983478
31550000.0,16.0,512,6.78,AMOLED,165.0,50,3,Asus,Premium,HD,Snapdragon 8 gen 2,14995935.946104903,13917296.267087275,8814153.412615655,8514044.54111523
15450000.0,24.0,1024,6.78,LTPO AMOLED,165.0,50,6,Asus,Premium,HD,Snapdragon 8 gen 3,18545581.169619024,14777804.416403785,13067163.823985457,8478074.60955868
19950000.0,24.0,1024,6.78,AMOLED,165.0,50,3,Asus,Premium,HD,Snapdragon 8 gen 3,17652284.575792793,14934427.323465178,8684478.137766974,8622095.701029267
17650000.0,16.0,512,6.78,LTPO AMOLED,165.0,50,3,Asus,Premium,HD,Snapdragon 8 e,15879366.400429558,14777804.416403785,13067163.823985457,8478074.60955868
22450000.0,16.0,256,6.78,LTPO SAMSUNG Flexible AMOLED,165.0,50,3,Asus,Premium,HD,Snapdragon 8 gen 3,17860681.708816767,13917296.267087275,9861511.041009463,8514044.54111523
27950000.0,24.0,1024,6.78,LTPO AMOLED,165.0,50,3,Asus,Premium,HD,Snapdragon 8 e,15389379.60042061,13909078.163336838,12339695.887984946,8557935.866096748
20490000.0,16.0,512,5.92,Super AMOLED,144.0,50,2,Asus,Premium,HD,Snapdragon 8 gen 2,14995935.946104903,13917296.267087275,7485180.937359171,8514044.54111523
25950000.0,16.0,512,6.78,LTPO AMOLED,144.0,50,3,Asus,Premium,HD,Snapdragon 8 gen 3,16414514.1337292,13909078.163336838,12339695.887984946,8557935.866096748
26950000.0,16.0,512,6.78,LTPO AMOLED,144.0,50,3,Asus,Premium,HD,Snapdragon 8 e,15742087.933753943,14460539.65750338,12575940.45741325,8558835.587253692
16450000.0,16.0,256,5.9,Super AMOLED,120.0,50,2,Asus,Premium,HD,Snapdragon 8 gen 1,12322503.561615955,14777804.416403785,7792726.352464805,8478074.60955868
3990000.0,8.0,256,6.78,IPS LCD,120.0,108,3,Infinix,Medium,HD,Helio G99,7222862.400480696,8267194.400630915,4234313.623719911,8514044.54111523
2890000.0,8.0,256,6.56,IPS LCD,90.0,50,1,Infinix,Low,HD,Unisoc t606,8670425.867507886,8377947.671182036,4366588.32807571,8558835.587253692
2290000.0,4.0,128,6.56,IPS LCD,90.0,50,1,Infinix,Low,HD,Unisoc t606,8595464.633718893,8162990.698645388,4303207.424525562,8546529.176983478
4890000.0,8.0,256,6.78,AMOLED,60.0,50,2,Infinix,Medium,HD,Helio G100,9054592.534174552,8267194.400630915,8814153.412615655,8514044.54111523
3790000.0,8.0,256,6.78,IPS LCD,120.0,50,2,Infinix,Medium,HD,Helio G100,9246096.557399534,8377947.671182036,4366588.32807571,8558835.587253692
5790000.0,8.0,256,6.78,AMOLED,120.0,108,3,Infinix,Medium,HD,Helio G99,7183176.117565591,8019124.141770272,8652998.667789413,8478074.60955868
2790000.0,8.0,128,6.6,IPS LCD,90.0,50,1,Itel,Low,HD,Unisoc t606,8435208.83280757,7298444.400630915,4234313.623719911,8514044.54111523
2690000.0,8.0,128,6.6,IPS LCD,90.0,50,2,Itel,Low,HD,Unisoc t606,8439208.83280757,7859650.743578188,4344292.7188585885,8622095.701029267
3290000.0,8.0,128,6.56,IPS LCD,120.0,50,1,Itel,Medium,HD,Helio G99,7263755.520504731,7267194.400630915,4366588.32807571,8558835.587253692
3990000.0,12.0,256,6.56,IPS LCD,60.0,50,1,Itel,Medium,HD,Helio G99,7258005.520504731,7859650.743578188,4344292.7188585885,8622095.701029267
3590000.0,8.0,256,6.56,IPS LCD,120.0,50,1,Itel,Medium,HD,Helio G99,7200285.983085417,7536639.976179747,4303207.424525562,8546529.176983478
7090000.0,8.0,256,6.67,Super AMOLED,60.0,50,1,Nothing,Medium,HD,Dimensity 7300,8823936.457863903,10098755.520504732,7795752.3659306,8622095.701029267
7990000.0,12.0,256,6.7,Flexible AMOLED On-cell,120.0,50,2,Nothing,Medium,HD,Dimensity 7200 pro,9598646.400917694,9910719.543337839,9623686.21265541,8557935.866096748
8890000.0,12.0,256,6.7,Flexible AMOLED On-cell,120.0,50,2,Nothing,High,HD,Dimensity 7350 pro,9794296.229532823,9935283.911671923,9570745.036184821,8478074.60955868
6790000.0,8.0,128,6.7,Flexible AMOLED On-cell,120.0,50,2,Nothing,Medium,HD,Dimensity 7200 pro,9653191.855463149,10048690.021583928,9694274.447949527,8558835.587253692
1990000.0,4.0,128,6.6,IPS LCD,90.0,50,1,Nubia,Low,HD,Sc986 3a,9477153.372389965,10432411.496670172,4234313.623719911,8514044.54111523
3990000.0,8.0,128,6.8,IPS LCD,60.0,50,2,Nubia,Medium,HD,Unisoc t8100,9861511.041009463,10127004.416403785,4272590.376194736,8478074.60955868
2690000.0,6.0,256,6.6,IPS LCD,90.0,50,2,Nubia,Low,HD,Unisoc t606,8670425.867507886,9889004.416403785,4366588.32807571,8558835.587253692
2990000.0,4.0,64,6.56,IPS LCD,90.0,8,2,OPPO,Low,HD,Helio G85,6883690.021583928,8560957.506030804,4344292.7188585885,8622095.701029267
6090000.0,8.0,256,6.67,LCD,90.0,50,1,OPPO,Medium,HD,Snapdragon 6,9092183.513921272,8971475.774488393,7925121.164324635,8478074.60955868
4590000.0,6.0,128,6.67,LCD,90.0,50,1,OPPO,Medium,HD,Snapdragon 6,9092183.513921272,8971475.774488393,7925121.164324635,8478074.60955868
3990000.0,4.0,128,6.67,LCD,60.0,8,1,OPPO,Medium,HD,Snapdragon 6,8992092.534174552,9167598.836494735,8011484.8006882705,8514044.54111523
8490000.0,8.0,256,6.7,AMOLED,120.0,64,3,OPPO,High,HD,Dimensity 7050,8702265.18774804,8560957.506030804,8684478.137766974,8622095.701029267
9490000.0,12.0,256,6.7,AMOLED,120.0,50,3,OPPO,High,HD,Dimensity 7300,9057599.069576811,8889295.110781914,8734039.109685032,8546529.176983478
7490000.0,8.0,256,6.7,AMOLED,120.0,50,3,OPPO,Medium,HD,Dimensity 6300,7985813.574844815,9092694.00630915,8570011.200063622,8558835.587253692
8790000.0,8.0,256,6.67,AMOLED,120.0,50,3,OPPO,High,HD,Helio G100,9246096.557399534,9092694.00630915,8570011.200063622,8558835.587253692
10790000.0,12.0,256,6.67,AMOLED,120.0,50,3,OPPO,High,HD,Snapdragon 6 gen1,9861511.041009463,8971475.774488393,8652998.667789413,8478074.60955868
7690000.0,8.0,256,6.67,OLED,120.0,50,2,Realme,Medium,HD,Dimensity 7300,9144592.534174552,5795715.337238996,11139737.242531082,8514044.54111523
3390000.0,6.0,256,6.74,IPS LCD,90.0,50,2,Realme,Medium,HD,Unisoc t612,9489058.134294726,5818030.367325144,4303207.424525562,8546529.176983478
1690000.0,4.0,64,6.74,IPS LCD,90.0,13,2,Realme,Low,HD,Unisoc t612,9505724.800961394,5744001.104100946,4366588.32807571,8558835.587253692
3790000.0,6.0,128,6.745,IPS LCD,90.0,50,2,Realme,Medium,HD,Tiger t612,9160158.040423436,5818030.367325144,4303207.424525562,8546529.176983478
2890000.0,4.0,128,6.745,IPS LCD,90.0,50,2,Realme,Low,HD,Tiger t612,9072183.513921272,5827879.903132269,4344292.7188585885,8622095.701029267
4430000.0,8.0,128,6.67,IPS LCD,60.0,50,1,Realme,Medium,HD,Helio G85,6801847.91632077,5910151.104100946,4272590.376194736,8478074.60955868
3990000.0,8.0,256,6.67,IPS LCD,60.0,50,1,Realme,Medium,HD,Helio G85,6773027.713854554,5818030.367325144,4303207.424525562,8546529.176983478
4890000.0,8.0,256,6.745,IPS LCD,90.0,50,1,Realme,Medium,HD,Tiger t612,9266828.219099512,5910151.104100946,4272590.376194736,8478074.60955868
4290000.0,8.0,128,6.72,IPS LCD,90.0,108,2,Realme,Medium,HD,Snapdragon 685,8779304.901722882,5818030.367325144,4303207.424525562,8546529.176983478
2790000.0,4.0,128,6.74,IPS LCD,60.0,13,2,Realme,Low,HD,Tiger t612,9266828.219099512,5910151.104100946,4272590.376194736,8478074.60955868
3190000.0,4.0,64,6.74,IPS LCD,90.0,32,1,Realme,Medium,HD,Unisoc t612,9489058.134294726,5818030.367325144,4303207.424525562,8546529.176983478
1990000.0,3.0,64,6.74,LCD,90.0,8,1,Realme,Low,HD,Unisoc t612,9489058.134294726,5818030.367325144,7908581.530051579,8546529.176983478
9290000.0,12.0,512,6.67,AMOLED,120.0,200,3,Xiaomi,High,HD,Snapdragon 7,8823674.027339643,7324119.743057486,8652998.667789413,8478074.60955868
3190000.0,6.0,128,6.7,PLS LCD,90.0,50,3,Samsung,Medium,HD,Snapdragon 680,8157749.058715783,14797851.104100948,7942507.886435332,8514044.54111523
3990000.0,4.0,128,6.7,PLS LCD,90.0,50,2,Samsung,Medium,HD,Dimensity 6300,8051942.607102879,14797851.104100948,7942507.886435332,8514044.54111523
2990000.0,4.0,128,6.7,PLS LCD,60.0,50,2,Samsung,Low,HD,Helio G85,6773027.713854554,14303520.684043461,7863243.818160838,8546529.176983478
4590000.0,4.0,128,6.7,Super AMOLED,90.0,50,3,Samsung,Medium,HD,Helio G99,7053907.824882665,13894110.004060345,7721792.7785829995,8557935.866096748
6790000.0,8.0,128,6.7,Super AMOLED,60.0,50,3,Samsung,Medium,HD,Exynos 1380,9686828.219099512,14429954.302898081,7795752.3659306,8622095.701029267
7990000.0,8.0,128,6.7,Super AMOLED,120.0,50,3,Samsung,Medium,HD,Snapdragon 6 gen 3,9722867.65810425,14551582.759286681,7792726.352464805,8478074.60955868
9490000.0,8.0,128,6.7,Super AMOLED,120.0,50,3,Samsung,High,HD,Exynos 1580,9861511.041009463,14551582.759286681,7792726.352464805,8478074.60955868
5890000.0,6.0,128,6.5,Super AMOLED,60.0,50,3,Samsung,Medium,HD,Dimensity 6100,8328085.4161611255,14551582.759286681,7792726.352464805,8478074.60955868
8490000.0,8.0,256,6.6,Super AMOLED,120.0,50,2,Samsung,High,HD,Exynos 1380,9609555.491826786,13843251.104100948,7642609.508787743,8558835.587253692
9190000.0,12.0,256,6.7,Super AMOLED Plus,120.0,50,3,Samsung,High,HD,Snapdragon 7 gen 1,9499824.168891046,14303520.684043461,9670348.523741778,8546529.176983478
11890000.0,8.0,256,6.4,Dynamic AMOLED 2X,120.0,50,3,Samsung,High,HD,Exynos 2200 8,10100962.896199489,13843251.104100948,18625301.562265284,8558835.587253692
13490000.0,8.0,128,6.7,Dynamic AMOLED,120.0,50,2,Samsung,High,HD,Exynos 2400,10970444.38348649,13843251.104100948,13105148.089730108,8558835.587253692
25990000.0,12.0,512,6.7,Dynamic AMOLED 2X,120.0,50,3,Samsung,Premium,FHD,Snapdragon 8 e,15285371.239516811,14797851.104100948,19662449.252503086,20170737.8872442
37190000.0,12.0,1024,6.9,Dynamic AMOLED 2X,120.0,200,4,Samsung,Premium,FHD,Snapdragon 8 e,15389379.60042061,13894110.004060345,18465801.396066852,19532316.98830952
27990000.0,12.0,256,6.9,Dynamic AMOLED 2X,120.0,200,4,Samsung,Premium,FHD,Snapdragon 8 e,15285371.239516811,14797851.104100948,19662449.252503086,20170737.8872442
25490000.0,12.0,256,6.5,OLED,120.0,52,4,Sony,Premium,HD,Snapdragon 8 gen 3,17523298.831291277,12522933.509102903,10622259.972943468,8546529.176983478
8750000.0,8.0,128,6.1,OLED,120.0,48,3,Sony,High,HD,Snapdragon 6 gen 1,8683878.090973847,13094712.37706439,10626020.563149901,8622095.701029267
5690000.0,12.0,256,6.78,AMOLED,120.0,50,2,Tecno,Medium,HD,Helio G99,7263755.520504731,6005397.642370911,8570011.200063622,8558835.587253692
3590000.0,8.0,256,6.78,AMOLED,120.0,100,1,Tecno,Medium,HD,G10 0,9861511.041009463,5899308.622502629,8906548.335996285,8557935.866096748
4290000.0,6.0,128,6.67,IPS LCD,60.0,108,1,Tecno,Medium,HD,D630 0,9861511.041009463,5450612.449026698,4272590.376194736,8478074.60955868
4590000.0,8.0,256,6.78,AMOLED,60.0,108,1,Tecno,Medium,HD,Helio G100,9145513.928892545,5838548.660951902,8734039.109685032,8546529.176983478
1990000.0,4.0,128,6.67,IPS LCD,120.0,50,0,Tecno,Low,HD,Helio G81,9499058.134294728,5905273.254326882,4234313.623719911,8514044.54111523
2190000.0,4.0,64,6.67,IPS LCD,60.0,13,1,Tecno,Low,HD,Unisoc t615,9861511.041009463,5838548.660951902,4303207.424525562,8546529.176983478
2090000.0,4.0,64,6.67,IPS LCD,120.0,13,1,Tecno,Low,HD,Unisoc t615,9861511.041009463,5687740.724049872,4344292.7188585885,8622095.701029267
6990000.0,12.0,256,6.78,AMOLED,120.0,50,2,Vivo,Medium,HD,Snapdragon 6 gen 1,8708394.220006105,8719025.920084123,8814153.412615655,8514044.54111523
2890000.0,4.0,128,6.56,LCD,60.0,13,4,Vivo,Low,HD,Helio G85,6773027.713854554,8671286.616239592,7908581.530051579,8546529.176983478
3190000.0,4.0,128,6.56,LCD,90.0,13,4,Vivo,Medium,HD,T61 2,9610486.705723299,8857343.614908284,7936637.635440955,8622095.701029267
3190000.0,4.0,64,6.56,LCD,90.0,13,4,Vivo,Medium,HD,T61 2,9577153.372389965,8671286.616239592,7908581.530051579,8546529.176983478
2990000.0,4.0,64,6.74,LCD,60.0,13,4,Vivo,Low,HD,Unisoc t7225 8,9572391.46762806,8857343.614908284,7936637.635440955,8622095.701029267
3790000.0,6.0,128,6.74,LCD,60.0,13,4,Vivo,Medium,HD,Unisoc t7225 8,9534296.229532823,8893864.883280758,7705527.733964249,8557935.866096748
3190000.0,4.0,64,6.56,IPS LCD,90.0,50,2,Vivo,Medium,HD,Helio G85,6810816.778924034,8893864.883280758,4288959.5418210775,8557935.866096748
2890000.0,6.0,128,6.56,IPS LCD,90.0,50,4,Vivo,Low,HD,Helio G85,6801847.91632077,8558611.59654951,4272590.376194736,8478074.60955868
4590000.0,8.0,128,6.68,LCD,90.0,50,2,Vivo,Medium,HD,T61 2,9543820.039056633,8719025.920084123,8011484.8006882705,8514044.54111523
5090000.0,8.0,128,6.67,IPS LCD,60.0,50,2,Vivo,Medium,HD,Helio G85,6810816.778924034,8893864.883280758,4288959.5418210775,8557935.866096748
5790000.0,8.0,256,6.64,IPS LCD,90.0,50,2,Vivo,Medium,HD,Snapdragon 680,7671182.965299685,8893864.883280758,4288959.5418210775,8557935.866096748
31990000.0,16.0,512,6.73,AMOLED,120.0,200,4,Xiaomi,Premium,FHD,Snapdragon 8 e,15484716.1509921,7676774.994967286,8734039.109685032,19645905.391267832
21990000.0,12.0,256,6.36,CrystalRes AMOLED,120.0,50,3,Xiaomi,Premium,HD,Snapdragon 8 e,15389379.60042061,7546152.30567469,9861511.041009463,8557935.866096748
2390000.0,4.0,128,6.71,IPS LCD,90.0,8,1,Xiaomi,Low,HD,Helio G36,8607092.534174552,7546152.30567469,4288959.5418210775,8557935.866096748
7790000.0,8.0,256,6.67,AMOLED,120.0,200,3,Xiaomi,Medium,HD,Snapdragon 7,9168222.172149617,7872772.592798418,8814153.412615655,8514044.54111523
6290000.0,8.0,256,6.67,AMOLED,120.0,200,3,Xiaomi,Medium,HD,Helio G99ULTRA,9445919.12819042,7782985.257194361,8570011.200063622,8558835.587253692
7290000.0,8.0,256,6.67,AMOLED,60.0,108,3,Xiaomi,Medium,HD,Dimensity 7025 ultra,9317114.562162567,7676774.994967286,8734039.109685032,8546529.176983478
9690000.0,8.0,256,6.67,AMOLED,120.0,200,3,Xiaomi,High,HD,Snapdragon 7,8709694.400630914,7896395.317947867,8684478.137766974,8622095.701029267
4590000.0,6.0,128,6.67,AMOLED,120.0,108,3,Xiaomi,Medium,HD,Helio G99ULTRA,9523191.855463149,7324119.743057486,8652998.667789413,8478074.60955868
2190000.0,4.0,128,6.75,IPS LCD,60.0,13,1,ZTE,Low,HD,A1 Bionic,9861511.041009463,8913004.416403785,4344292.7188585885,8622095.701029267
1990000.0,4.0,64,6.75,IPS LCD,60.0,13,1,ZTE,Low,HD,A1 Bionic,9861511.041009463,8913004.416403785,4344292.7188585885,8622095.701029267
2290000.0,6.0,128,6.67,IPS LCD,60.0,48,3,ZTE,Low,HD,Unisoc t618,9861511.041009463,8913004.416403785,4344292.7188585885,8622095.701029267
2650000.0,6.0,128,5.81,OLED,60.0,12,1,Google,Low,HD,Snapdragon 730g,9332389.795638459,14201507.119739205,10622259.972943468,8546529.176983478
3150000.0,6.0,128,6.2,OLED,60.0,16,2,Google,Medium,HD,Snapdragon 765g,8768470.031545741,15817050.473186119,11139737.242531082,8514044.54111523
4450000.0,6.0,128,6.3,P-OLED,90.0,16,2,Google,Medium,FHD,Snapdragon 855,9582921.57397457,14201507.119739205,10055544.602173151,19645905.391267832
3750000.0,6.0,128,6.34,OLED,60.0,16,2,Google,Medium,HD,Snapdragon 765g,8881208.83280757,15148814.781433078,10779507.739710953,8558835.587253692
6250000.0,6.0,128,6.1,OLED,60.0,12,2,Google,Medium,HD,Tensor 8,9737153.372389965,15817050.473186119,11139737.242531082,8514044.54111523
7250000.0,12.0,512,6.7,LTPO AMOLED,120.0,50,3,Google,Medium,FHD,Tensor 8,9689534.324770918,13131755.520504732,12339695.887984946,19532316.98830952
11950000.0,8.0,256,6.3,AMOLED,90.0,50,2,Google,High,HD,Tensor G2,11068949.431220723,14201507.119739205,8734039.109685032,8546529.176983478
10550000.0,8.0,128,6.1,OLED,90.0,64,2,Google,High,HD,Tensor G2,11641373.673644967,15148814.781433078,10779507.739710953,8558835.587253692
18990000.0,12.0,512,6.7,LTPO AMOLED,120.0,50,3,Google,Premium,FHD,Tensor G2,11257737.310008602,13497386.210004505,13067163.823985457,19578299.37784788
12690000.0,8.0,256,6.1,OLED,120.0,64,2,Google,High,HD,Tensor G3,10848646.400917694,13497386.210004505,9965924.590656452,8478074.60955868
17050000.0,8.0,256,6.2,OLED,120.0,50,2,Google,Premium,HD,Tensor G3,9996200.991437584,14360686.836822482,10626020.563149901,8622095.701029267
24390000.0,12.0,256,6.7,LTPO OLED,120.0,50,3,Google,Premium,HD,Tensor G3,9996200.991437584,14360686.836822482,13521880.9148265,8622095.701029267
20050000.0,12.0,256,6.3,OLED,120.0,50,2,Google,Premium,HD,Tensor G4,12019555.491826786,13131755.520504732,10644464.121710658,8557935.866096748
24950000.0,16.0,1024,6.3,LTPO OLED,120.0,50,3,Google,Premium,HD,Tensor G4,12481748.731312575,15148814.781433078,13894738.057683643,8558835.587253692
42250000.0,16.0,512,8.0,Foldable LTPO OLED | Màn phụ: OLED,120.0,48,3,Google,Premium,2K,Tensor G4,11729574.818269098,13497386.210004505,9861511.041009463,21657959.56409521
27550000.0,16.0,1024,6.8,LTPO OLED,120.0,50,3,Google,Premium,HD,Tensor G4,12019555.491826786,13131755.520504732,13519738.057683643,8557935.866096748
39890000.0,12.0,512,7.6,OLED,120.0,48,3,Google,Premium,FHD,Tensor G2,10307737.310008602,13131755.520504732,10644464.121710658,19532316.98830952
12950000.0,12.0,512,6.7,AMOLED,120.0,50,3,Honor,High,HD,Snapdragon 7 gen 3,9212340.694006307,13248170.347003154,8814153.412615655,8514044.54111523
6450000.0,6.0,128,6.26,IPS LCD,60.0,48,3,Honor,Medium,HD,Kirin 810,9861511.041009463,13248170.347003154,4234313.623719911,8514044.54111523
7450000.0,16.0,512,6.7,AMOLED,120.0,50,2,Honor,Medium,HD,Snapdragon 7 gen 3,9213555.510328686,11575288.868859846,8652998.667789413,8478074.60955868
11950000.0,16.0,512,6.78,AMOLED,120.0,50,3,Honor,High,HD,Snapdragon 8 gen 3,18545581.169619024,11575288.868859846,8652998.667789413,8478074.60955868
14750000.0,16.0,1024,6.78,AMOLED,120.0,50,3,Honor,High,HD,Snapdragon 8 gen 3,17523298.831291277,11916409.108318623,8734039.109685032,8546529.176983478
8050000.0,16.0,512,6.7,AMOLED,120.0,50,2,Honor,High,HD,Snapdragon 7 gen 4,9861511.041009463,11916409.108318623,8734039.109685032,8546529.176983478
11950000.0,16.0,512,6.78,AMOLED,120.0,50,3,Honor,High,HD,Snapdragon 8 gen 3,17516985.298494138,11301032.65912043,8570011.200063622,8558835.587253692
14950000.0,16.0,1024,6.78,OLED,120.0,50,3,Honor,High,HD,Snapdragon 8 e,15431141.382277029,10064700.315457413,10626020.563149901,8622095.701029267
7950000.0,8.0,265,6.67,OLED,120.0,64,1,Honor,Medium,HD,Dimensity 900,9777400.90522562,12629562.070885137,10644464.121710658,8557935.866096748
9550000.0,12.0,512,6.67,OLED,120.0,160,3,Honor,High,HD,Snapdragon 782g,9411313.948703881,10064700.315457413,10626020.563149901,8622095.701029267
12350000.0,12.0,512,6.78,OLED,120.0,54,3,Honor,High,HD,Dimensity 8000,9861511.041009463,13248170.347003154,11139737.242531082,8514044.54111523
11050000.0,12.0,512,6.78,OLED,120.0,200,3,Honor,High,HD,Snapdragon 8 gen 1,13038118.374101464,11301032.65912043,10779507.739710953,8558835.587253692
8450000.0,12.0,256,6.67,OLED,120.0,64,3,Honor,High,HD,Dimensity 900,9659592.534174552,13248170.347003154,11139737.242531082,8514044.54111523
4950000.0,6.0,128,6.59,IPS LCD,60.0,48,2,Honor,Medium,HD,Kirin 810,9861511.041009463,13248170.347003154,4234313.623719911,8514044.54111523
7650000.0,16.0,1024,6.7,AMOLED,120.0,50,2,Honor,Medium,HD,Snapdragon 8 gen 3,17523298.831291277,11916409.108318623,8734039.109685032,8546529.176983478
11950000.0,16.0,1024,6.7,AMOLED,120.0,50,3,Honor,High,HD,Snapdragon 8 e,15484716.1509921,11916409.108318623,8734039.109685032,8546529.176983478
15750000.0,16.0,1024,6.78,LTPO OLED,120.0,50,3,Honor,Premium,HD,Snapdragon 8 e,15484716.1509921,11916409.108318623,14273890.724884417,8546529.176983478
19950000.0,16.0,1024,6.8,LTPO OLED,120.0,200,3,Honor,Premium,HD,Snapdragon 8 e,15484716.1509921,11916409.108318623,14273890.724884417,8546529.176983478
27950000.0,24.0,1024,6.8,LTPO OLED,120.0,200,3,Honor,Premium,HD,Snapdragon 8 e,15431141.382277029,10064700.315457413,13521880.9148265,8622095.701029267
23450000.0,12.0,512,6.81,LTPO OLED,120.0,50,3,Honor,Premium,HD,Snapdragon 8 gen 1,13038118.374101464,11301032.65912043,13894738.057683643,8558835.587253692
25950000.0,12.0,512,6.81,LTPO OLED,120.0,64,3,Honor,Premium,HD,Snapdragon 8 gen 1,12390262.427934296,10064700.315457413,13521880.9148265,8622095.701029267
29700000.0,16.0,1024,7.92,Foldable LTPO OLED (màn hình chính) | LTPO OLED (màn hình phụ),120.0,50,3,Honor,Premium,2K,Snapdragon 8 gen 2,15115596.963054055,11301032.65912043,9861511.041009463,24383658.092695948
34950000.0,16.0,1024,7.92,Foldable LTPO AMOLED (màn chính) | LTPO OLED (màn phụ),120.0,50,3,Honor,Premium,2K,Snapdragon 8 gen 3,18545581.169619024,11575288.868859846,9861511.041009463,21657959.56409521
23450000.0,16.0,512,7.92,Foldable LTPO OLED | Màn phụ: LTPO OLED,120.0,50,3,Honor,Premium,2K,Snapdragon 8 gen 1,12390262.427934296,10064700.315457413,9861511.041009463,23385232.291367937
28450000.0,12.0,512,7.9,Foldable OLED | OLED,90.0,54,3,Honor,Premium,FHD,Snapdragon 8 gen 1,12390262.427934296,10064700.315457413,9861511.041009463,19818323.483608194
4250000.0,12.0,256,6.8,TFT LCD,90.0,50,2,Honor,Medium,HD,Dimensity 6020,8593637.808155159,13248170.347003154,8440140.295533787,8514044.54111523
3990000.0,12.0,256,6.8,TFT LCD,90.0,50,2,Honor,Medium,HD,Dimensity 6080,8776408.83280757,12629562.070885137,8083936.457863903,8557935.866096748
5450000.0,12.0,512,6.7,AMOLED,90.0,108,2,Honor,Medium,HD,Dimensity 6080,8776408.83280757,12629562.070885137,8906548.335996285,8557935.866096748
2150000.0,4.0,64,6.56,TFT LCD,90.0,13,1,Honor,Low,HD,Helio G36,8131162.3392380485,13248170.347003154,8440140.295533787,8514044.54111523
2950000.0,4.0,1258,6.56,TFT LCD,90.0,50,1,Honor,Low,HD,Helio G36,8100393.108468818,11575288.868859846,8133460.267387712,8478074.60955868
2050000.0,4.0,128,6.56,TFT LCD,90.0,50,2,Honor,Low,HD,Helio G36,8135008.4930842025,11301032.65912043,8412633.280757098,8558835.587253692
2450000.0,6.0,256,6.56,TFT LCD,90.0,50,2,Honor,Low,HD,Helio G85,6773027.713854554,11916409.108318623,8337583.453338168,8546529.176983478
3450000.0,8.0,256,6.77,IPS LCD,120.0,108,2,Honor,Medium,HD,Snapdragon 685,8779304.901722882,11916409.108318623,4303207.424525562,8546529.176983478
7650000.0,8.0,512,6.7,AMOLED,90.0,108,3,Honor,Medium,HD,Snapdragon 680,7671182.965299685,12629562.070885137,8906548.335996285,8557935.866096748
4450000.0,8.0,512,6.7,AMOLED,120.0,108,2,Honor,Medium,HD,Snapdragon 685,8779304.901722882,11916409.108318623,8734039.109685032,8546529.176983478
6450000.0,8.0,256,6.67,AMOLED,120.0,64,3,Honor,Medium,HD,Snapdragon 695,8165646.68769716,13248170.347003154,8814153.412615655,8514044.54111523
7990000.0,12.0,512,6.78,AMOLED,120.0,108,2,Honor,Medium,HD,Snapdragon 6 gen 1,8740340.694006309,12629562.070885137,8906548.335996285,8557935.866096748
6990000.0,12.0,256,6.8,TFT LCD,120.0,108,2,Honor,Medium,HD,Dimensity 7025 ultra,9103487.86174736,13248170.347003154,8440140.295533787,8514044.54111523
14490000.0,8.0,256,6.53,"OLED, 16 triệu màu",60.0,40,3,Huawei,High,HD,Kirin 990,9861511.041009463,11378085.416161124,9861511.041009463,8514044.54111523
17990000.0,8.0,128,6.1,"OLED, cảm ứng điện dung 16.7 triệu màu",60.0,40,3,Huawei,Premium,HD,Kirin 980,9861511.041009463,10916101.943972604,9861511.041009463,8546529.176983478
3890000.0,3.0,32,5.5,IPS LCD,60.0,12,2,Huawei,Medium,HD,Kirin 655,9861511.041009463,11378085.416161124,4234313.623719911,8514044.54111523
16950000.0,8.0,256,7.2,OLED,60.0,40,3,Huawei,Premium,HD,Kirin 980,9861511.041009463,10419674.027339641,10644464.121710658,8557935.866096748
5800000.0,4.0,64,5,IPS LCD,60.0,16,2,Huawei,Medium,HD,Kirin 659,9861511.041009463,11163007.360672975,4366588.32807571,8558835.587253692
6950000.0,8.0,128,6.4,IPS LCD,60.0,24,4,Huawei,Medium,HD,Kirin 710,9861511.041009463,11378085.416161124,4234313.623719911,8514044.54111523
9950000.0,8.0,128,6.39,OLED,60.0,48,4,Huawei,High,HD,Kirin 980,9861511.041009463,10916101.943972604,10622259.972943468,8546529.176983478
26550000.0,16.0,1024,6.3,Foldable LTPO2 OLED (màn chính) | LTPO2 OLED (màn phụ),120.0,50,4,Huawei,Premium,HD,Kirin 9020 8,9861511.041009463,9779674.027339641,9861511.041009463,8622095.701029267
5690000.0,8.0,256,6.67,AMOLED,120.0,108,3,Infinix,Medium,HD,Dimensity 8050,9783912.981134899,8162990.698645388,8734039.109685032,8546529.176983478
6950000.0,12.0,256,6.78,AMOLED,144.0,108,3,Infinix,Medium,HD,Dimensity 8200,9570393.108468818,7935594.730005566,8906548.335996285,8557935.866096748
7950000.0,12.0,256,6.78,AMOLED,144.0,108,2,Infinix,Medium,HD,Dimensity 8300,9861511.041009463,8267194.400630915,8814153.412615655,8514044.54111523
7250000.0,12.0,256,6.67,AMOLED,120.0,108,3,Infinix,Medium,HD,Dimensity 8050,9961748.731312577,7935594.730005566,8906548.335996285,8557935.866096748
7650000.0,12.0,256,6.67,AMOLED,120.0,108,3,Infinix,Medium,HD,Dimensity 8050,9783912.981134899,8162990.698645388,8734039.109685032,8546529.176983478
6990000.0,12.0,256,6.78,AMOLED,144.0,108,3,Infinix,Medium,HD,Dimensity 8020,9861511.041009463,8019124.141770272,8652998.667789413,8478074.60955868
9490000.0,4.0,128,6.1,IPS LCD,60.0,12,1,Apple,High,HD,A13 Bionic,9764555.491826786,18615306.748045534,4234313.623719911,8514044.54111523
7990000.0,4.0,64,6.1,IPS LCD,60.0,12,1,Apple,Medium,HD,A13 Bionic,9832737.310008602,19827646.898002103,4272590.376194736,8478074.60955868
9990000.0,4.0,128,6.1,OLED,60.0,12,2,Apple,High,HD,A14 Bionic,11720425.867507884,19880287.967552952,10779507.739710953,8558835.587253692
27590000.0,6.0,256,6.7,OLED,60.0,12,3,Apple,Premium,HD,A14 Bionic,9782282.764554057,19827646.898002103,9965924.590656452,8478074.60955868
23490000.0,6.0,128,6.7,OLED,60.0,12,3,Apple,Premium,HD,A14 Bionic,9782282.764554057,19827646.898002103,9965924.590656452,8478074.60955868
24990000.0,6.0,128,6.1,OLED,60.0,12,3,Apple,Premium,HD,A14 Bionic,9782282.764554057,19827646.898002103,9965924.590656452,8478074.60955868
7990000.0,4.0,64,6.1,OLED,60.0,12,2,Apple,Medium,HD,A14 Bionic,11803759.200841218,19507002.12327105,10644464.121710658,8557935.866096748
14990000.0,4.0,256,6.1,Super Retina XDR OLED,60.0,12,2,Apple,High,HD,A15 Bionic,13247248.993799629,19473798.34092768,19114606.036707774,8622095.701029267
25500000.0,4.0,512,6.1,Super Retina XDR OLED,60.0,12,2,Apple,Premium,HD,A15 Bionic,12660697.269661698,18615306.748045534,17394361.874718342,8514044.54111523
24490000.0,6.0,256,6.1,Super Retina XDR OLED,120.0,12,3,Apple,Premium,HD,A15 Bionic,12660697.269661698,18615306.748045534,17394361.874718342,8514044.54111523
23990000.0,6.0,256,6.7,Super Retina XDR OLED,120.0,12,3,Apple,Premium,HD,A15 Bionic,12814835.200696182,19880287.967552952,18903066.64037855,8558835.587253692
22990000.0,6.0,128,6.7,Super Retina XDR OLED,120.0,12,3,Apple,Premium,HD,A15 Bionic,12814835.200696182,19880287.967552952,18903066.64037855,8558835.587253692
21990000.0,6.0,128,6.1,Super Retina XDR OLED,120.0,12,3,Apple,Premium,HD,A15 Bionic,13247248.993799629,19473798.34092768,19114606.036707774,8622095.701029267
11590000.0,4.0,128,6.1,Super Retina XDR OLED,60.0,12,2,Apple,High,HD,A15 Bionic,13774523.252264168,19507002.12327105,18877682.51464624,8557935.866096748
15990000.0,6.0,256,6.1,OLED,60.0,12,2,Apple,Premium,HD,A15 Bionic,13388674.027339641,19827646.898002103,9965924.590656452,8478074.60955868
19990000.0,6.0,256,6.7,Super Retina XDR OLED,60.0,12,2,Apple,Premium,HD,A15 Bionic,12814835.200696182,19880287.967552952,18903066.64037855,8558835.587253692
17990000.0,6.0,128,6.7,Super Retina XDR OLED,60.0,12,2,Apple,Premium,HD,A15 Bionic,13060017.974951332,19434835.317136463,18417207.584751442,8546529.176983478
24990000.0,6.0,256,6.1,Super Retina XDR OLED,120.0,48,3,Apple,Premium,HD,A16 Bionic,14011079.315006759,19880287.967552952,18903066.64037855,8558835.587253692
41790000.0,6.0,1024,6.7,Super Retina XDR OLED,120.0,48,3,Apple,Premium,HD,A16 Bionic,13645365.029292474,19507002.12327105,18877682.51464624,8557935.866096748
27990000.0,6.0,256,6.7,Super Retina XDR OLED,120.0,48,3,Apple,Premium,HD,A16 Bionic,13834082.2525996,19827646.898002103,19312920.609884333,8478074.60955868
25590000.0,6.0,128,6.7,Super Retina XDR OLED,120.0,48,3,Apple,Premium,HD,A16 Bionic,13640008.178525528,18615306.748045534,17394361.874718342,8514044.54111523
22990000.0,6.0,128,6.1,Super Retina XDR OLED,120.0,48,3,Apple,Premium,HD,A16 Bionic,13640008.178525528,18615306.748045534,17394361.874718342,8514044.54111523
12990000.0,6.0,128,6.1,OLED,60.0,12,2,Apple,High,HD,A15 Bionic,13060017.974951332,19434835.317136463,10622259.972943468,8546529.176983478
18990000.0,6.0,256,6.1,Super Retina XDR OLED,60.0,48,2,Apple,Premium,HD,A16 Bionic,13773515.998197386,19434835.317136463,18417207.584751442,8546529.176983478
22790000.0,6.0,256,6.7,Super Retina XDR OLED,60.0,48,2,Apple,Premium,HD,A16 Bionic,13640008.178525528,18615306.748045534,17394361.874718342,8514044.54111523
19490000.0,6.0,128,6.7,Super Retina XDR OLED,60.0,48,2,Apple,Premium,HD,A16 Bionic,13834082.2525996,19827646.898002103,19312920.609884333,8478074.60955868
30990000.0,8.0,512,6.7,Super Retina XDR OLED,120.0,48,3,Apple,Premium,HD,A17 Bionic,11439964.582735876,18615306.748045534,17394361.874718342,8514044.54111523
15790000.0,6.0,128,6.1,Super Retina XDR OLED,60.0,48,2,Apple,Premium,HD,A16 Bionic,13645365.029292474,19507002.12327105,18877682.51464624,8557935.866096748
22490000.0,12.0,256,6.1,Super Retina XDR OLED,60.0,48,2,Apple,Premium,HD,A18 Bionic,15494694.400630914,19507002.12327105,18877682.51464624,8557935.866096748
25890000.0,12.0,256,6.7,Super Retina XDR OLED,60.0,48,2,Apple,Premium,HD,A18 Bionic,16010631.900630914,19880287.967552952,18903066.64037855,8558835.587253692
29490000.0,12.0,512,6.7,Super Retina XDR OLED,60.0,48,2,Apple,Premium,HD,A18 Bionic,14796674.027339641,18615306.748045534,17394361.874718342,8514044.54111523
22490000.0,12.0,128,6.7,Super Retina XDR OLED,60.0,48,2,Apple,Premium,HD,A18 Bionic,14796674.027339641,18615306.748045534,17394361.874718342,8514044.54111523
39990000.0,12.0,1024,6.3,Super Retina XDR OLED,120.0,48,3,Apple,Premium,HD,A18 Bionic,15497531.945217622,19434835.317136463,18417207.584751442,8546529.176983478
28590000.0,12.0,256,6.3,Super Retina XDR OLED,120.0,48,3,Apple,Premium,HD,A18 Bionic,15497531.945217622,19434835.317136463,18417207.584751442,8546529.176983478
34690000.0,12.0,512,6.3,Super Retina XDR OLED,120.0,48,3,Apple,Premium,HD,A18 Bionic,15497531.945217622,19434835.317136463,18417207.584751442,8546529.176983478
42990000.0,12.0,1024,6.9,Super Retina XDR OLED,120.0,48,3,Apple,Premium,HD,A18 Bionic,14796674.027339641,18615306.748045534,17394361.874718342,8514044.54111523
37490000.0,12.0,512,6.9,Super Retina XDR OLED,120.0,48,3,Apple,Premium,HD,A18 Bionic,15862359.435887918,19473798.34092768,19114606.036707774,8622095.701029267
30990000.0,12.0,256,6.9,Super Retina XDR OLED,120.0,48,3,Apple,Premium,HD,A18 Bionic,15494694.400630914,19507002.12327105,18877682.51464624,8557935.866096748
25290000.0,12.0,128,6.3,Super Retina XDR OLED,120.0,48,3,Apple,Premium,HD,A18 Bionic,16033756.900630914,19827646.898002103,19312920.609884333,8478074.60955868
19190000.0,12.0,128,6.1,Super Retina XDR OLED,60.0,48,2,Apple,Premium,HD,A18 Bionic,16010631.900630914,19880287.967552952,18903066.64037855,8558835.587253692
19390000.0,12.0,256,6.1,Super Retina XDR,60.0,48,4,Apple,Premium,HD,A18 Bionic,16010631.900630914,19880287.967552952,10838291.600946372,8558835.587253692
25490000.0,12.0,512,6.1,Super Retina XDR,60.0,48,4,Apple,Premium,HD,A18 Bionic,16033756.900630914,19827646.898002103,10457041.600946372,8478074.60955868
16290000.0,12.0,128,6.1,Super Retina XDR,60.0,48,4,Apple,Premium,HD,A18 Bionic,15497531.945217622,19434835.317136463,10647666.600946372,8546529.176983478
9600000.0,4.0,256,6.1,Liquid Retina IPS LCD,60.0,12,2,Apple,High,HD,A13 Bionic,9759555.491826786,19880287.967552952,9861511.041009463,8558835.587253692
28550000.0,6.0,512,6.7,Super Retina XDR OLED,60.0,12,3,Apple,Premium,HD,A14 Bionic,10574206.672402255,19434835.317136463,18417207.584751442,8546529.176983478
17450000.0,4.0,512,6.1,Super Retina,60.0,12,2,Apple,Premium,HD,A15 Bionic,13247248.993799629,19473798.34092768,10554541.600946372,8622095.701029267
20950000.0,6.0,1024,6.7,Super Retina,120.0,12,3,Apple,Premium,HD,A15 Bionic,13388674.027339641,19827646.898002103,10335791.600946372,8478074.60955868
21450000.0,6.0,128,6.1,Super Retina XDR OLED,60.0,12,2,Apple,Premium,HD,A15 Bionic,12660697.269661698,18615306.748045534,17394361.874718342,8514044.54111523
24850000.0,6.0,1024,6.1,LTPO Super Retina XDR OLED,120.0,48,3,Apple,Premium,HD,A16 Bionic,13773515.998197386,19434835.317136463,11915019.545988744,8546529.176983478
18650000.0,6.0,512,6.1,Super Retina XDR OLED,60.0,48,2,Apple,Premium,HD,A16 Bionic,13834082.2525996,19827646.898002103,19312920.609884333,8478074.60955868
22350000.0,6.0,512,6.7,Super Retina XDR OLED,60.0,48,2,Apple,Premium,HD,A16 Bionic,14011079.315006759,19880287.967552952,18903066.64037855,8558835.587253692
28999000.0,8.0,1024,6.1,LTPO Super Retina XDR OLED,120.0,48,3,Apple,Premium,HD,A17 Bionic,11530464.582735876,19473798.34092768,11816039.15383188,8622095.701029267
25450000.0,8.0,1024,6.7,LTPO Super Retina XDR OLED,120.0,48,3,Apple,Premium,HD,A17 Bionic,11691782.764554057,19827646.898002103,12024803.859714232,8478074.60955868
16990000.0,8.0,512,6.1,Super Retina XDR OLED,60.0,48,1,Apple,Premium,HD,A18 Bionic,14796674.027339641,18615306.748045534,17394361.874718342,8514044.54111523
20950000.0,8.0,512,6.1,Super Retina XDR OLED,60.0,48,2,Apple,Premium,HD,A18 Bionic,14796674.027339641,18615306.748045534,17394361.874718342,8514044.54111523
24950000.0,8.0,512,6.7,Super Retina XDR OLED,60.0,48,2,Apple,Premium,HD,A18 Bionic,15497531.945217622,19434835.317136463,18417207.584751442,8546529.176983478
27500000.0,8.0,1024,6.3,LTPO Super Retina XDR OLED,120.0,48,3,Apple,Premium,HD,A18 Bionic,15494694.400630914,19507002.12327105,11904215.624420116,8557935.866096748
34800000.0,8.0,1024,6.9,LTPO Super Retina XDR OLED,120.0,48,3,Apple,Premium,HD,A18 Bionic,15497531.945217622,19434835.317136463,11915019.545988744,8546529.176983478
3950000.0,3.0,32,5.5,IPS LCD,60.0,12,1,Apple,Medium,HD,A10 Bionic,9861511.041009463,19827646.898002103,4272590.376194736,8478074.60955868
12950000.0,8.0,512,6.1,Super Retina XDR OLED,60.0,48,1,Apple,High,HD,A18 Bionic,16033756.900630914,19827646.898002103,19312920.609884333,8478074.60955868
2390000.0,8.0,128,6.6,IPS LCD,90.0,50,1,Itel,Low,HD,Unisoc t606,8678759.20084122,7323444.400630915,4288959.5418210775,8557935.866096748
2850000.0,4.0,128,6.6,IPS LCD,90.0,50,2,Itel,Low,HD,Dimensity 6080,8936259.20084122,7859650.743578188,4344292.7188585885,8622095.701029267
2950000.0,8.0,256,6.78,AMOLED,60.0,50,2,Itel,Low,HD,Tiger t616 8,9285010.03728133,7288444.400630915,8652998.667789413,8478074.60955868
10250000.0,12.0,512,6.55,OLED,144.0,50,3,Meizu,High,HD,Snapdragon 8 gen 2,14995935.946104903,9408222.172149617,11139737.242531082,8514044.54111523
10450000.0,16.0,512,6.55,OLED,144.0,50,3,Meizu,High,HD,Snapdragon 8 gen 2,14925593.505980069,9511901.532221721,10622259.972943468,8546529.176983478
13650000.0,12.0,256,6.81,LTPO OLED,120.0,50,3,Meizu,High,FHD,Snapdragon 8 gen 2,14404468.22893195,9442925.867507886,15057595.200540785,19578299.37784788
11750000.0,12.0,512,6.55,AMOLED,120.0,200,3,Meizu,High,HD,Snapdragon 8 gen 3,18545581.169619024,9442925.867507886,8652998.667789413,8478074.60955868
9150000.0,16.0,512,6.78,LTPO OLED,144.0,50,2,Meizu,High,HD,Snapdragon 8 gen 2,14925593.505980069,9511901.532221721,14273890.724884417,8546529.176983478
17150000.0,16.0,1024,6.79,LTPO AMOLED,120.0,50,3,Meizu,Premium,HD,Snapdragon 8 gen 3,17523298.831291277,9511901.532221721,12819715.382906001,8546529.176983478
3250000.0,4.0,128,5.2,Super AMOLED,60.0,12,1,Meizu,Medium,HD,Helio p25,9861511.041009463,9442925.867507886,7792726.352464805,8478074.60955868
4450000.0,6.0,128,5.7,Super AMOLED,60.0,12,1,Meizu,Medium,FHD,Helio x30,9861511.041009463,9822507.88643533,7642609.508787743,19383021.600070104
12250000.0,8.0,256,6.6,P-OLED,144.0,50,2,Motorola,High,HD,Dimensity 7030,9884772.420009013,9575481.448099744,9654274.447949527,8557935.866096748
12950000.0,12.0,256,6.7,OLED,144.0,50,3,Motorola,High,HD,Snapdragon 8 gen 1,12390262.427934296,9837386.210004505,10626020.563149901,8622095.701029267
10350000.0,12.0,256,6.55,P-OLED,144.0,50,2,Motorola,High,HD,Dimensity 7030,9975248.610485204,9837386.210004505,10331814.756396776,8622095.701029267
9050000.0,12.0,512,6.7,OLED,144.0,50,3,Motorola,High,HD,Snapdragon 7 gen 3,9130319.400630914,9575481.448099744,10644464.121710658,8557935.866096748
16860000.0,8.0,512,6.67,OLED,165.0,50,3,Motorola,Premium,HD,Snapdragon 8 gen 2,15115596.963054055,10236255.520504732,10779507.739710953,8558835.587253692
10950000.0,12.0,256,6.7,OLED,144.0,50,3,Motorola,High,HD,Snapdragon 8 gen1,10112183.513921272,10236255.520504732,10779507.739710953,8558835.587253692
3790000.0,4.0,128,6.5,IPS LCD,60.0,50,2,Motorola,Medium,HD,Tiger t616 8,9246828.219099512,10784529.067147363,4234313.623719911,8514044.54111523
3950000.0,8.0,128,6.5,IPS LCD,120.0,50,2,Motorola,Medium,HD,Dimensity 7020,9496828.219099512,10236255.520504732,4366588.32807571,8558835.587253692
5850000.0,12.0,256,6.5,P-OLED,120.0,50,2,Motorola,Medium,HD,Snapdragon 695,8124330.292437547,10236255.520504732,10581814.756396776,8558835.587253692
4820000.0,4.0,128,6.5,IPS LCD,120.0,48,2,Motorola,Medium,HD,Snapdragon 480,9861511.041009463,10784529.067147363,4234313.623719911,8514044.54111523
7250000.0,6.0,256,6.6,LTPS LCD,120.0,50,2,Motorola,Medium,HD,Snapdragon 6 gen 1,8708394.220006105,10784529.067147363,9197803.859714232,8514044.54111523
12450000.0,12.0,128,6.7,OLED,165.0,50,3,Motorola,High,HD,Snapdragon 8 gen 2,15332635.452985777,9837386.210004505,10626020.563149901,8622095.701029267
13250000.0,12.0,256,6.9,Foldable LTPO AMOLED,144.0,64,2,Motorola,High,HD,Snapdragon 7 gen 1,9350008.83280757,9960222.191743243,10854541.600946372,8478074.60955868
18850000.0,12.0,512,6.9,Foldable LTPO AMOLED | AMOLED,165.0,13,2,Motorola,Premium,HD,Snapdragon 8 gen 1,12794682.288348677,10106959.60353693,9861511.041009463,8546529.176983478
19950000.0,12.0,512,6.6,P-OLED,144.0,50,3,Motorola,Premium,HD,Snapdragon 8 gen 1,13072245.186554987,9575481.448099744,9654274.447949527,8557935.866096748
4950000.0,8.0,256,6.67,AMOLED,120.0,50,2,Nothing,Medium,HD,Dimensity 7300,8900365.029292474,9935283.911671923,8652998.667789413,8478074.60955868
25750000.0,16.0,512,8,Foldable LTPO AMOLED,120.0,50,3,Nothing,Premium,2.5K,Dimensity 9400,11041162.339238048,9160755.520504732,10073291.600946372,9861511.041009463
9950000.0,12.0,256,6.55,OLED,120.0,50,2,Nothing,High,HD,Snapdragon 778g,9608674.027339641,10048690.021583928,10779507.739710953,8558835.587253692
14190000.0,12.0,512,6.7,OLED,120.0,50,2,Nothing,High,HD,Snapdragon 8 gen 1,12794682.288348677,9859745.611399686,10622259.972943468,8546529.176983478
7150000.0,12.0,256,6.7,AMOLED,120.0,50,2,Nothing,Medium,HD,Dimensity 7200 pro,9636828.219099512,9160755.520504732,8814153.412615655,8514044.54111523
8450000.0,12.0,256,6.7,AMOLED,120.0,50,2,Nothing,High,HD,Dimensity 7350 pro,9815248.610485204,10048690.021583928,8570011.200063622,8558835.587253692
14990000.0,12.0,512,6.5,LTPO OLED,120.0,50,2,Nothing,High,HD,Snapdragon 8,9695007.360672975,9935283.911671923,15057595.200540785,8478074.60955868
7050000.0,12.0,256,6.77,AMOLED,120.0,50,3,Nothing,Medium,HD,Snapdragon 7,8709694.400630914,10098755.520504732,8684478.137766974,8622095.701029267
7950000.0,12.0,256,6.7,AMOLED,120.0,50,2,Nothing,Medium,HD,Dimensity 7350 pro,9804772.420009013,9859745.611399686,8734039.109685032,8546529.176983478
8450000.0,12.0,256,6.77,AMOLED,120.0,50,3,Nothing,High,HD,Snapdragon 7,8823674.027339643,9935283.911671923,8652998.667789413,8478074.60955868
4690000.0,8.0,256,6.72,IPS LCD,120.0,50,2,Nubia,Medium,HD,Unisoc t820,9581915.27715187,10183004.416403785,4288959.5418210775,8557935.866096748
3990000.0,8.0,256,6.6,IPS LCD,120.0,50,1,Nubia,Medium,HD,Unisoc t820,9615248.610485204,10101046.267087275,4344292.7188585885,8622095.701029267
3650000.0,8.0,256,6.6,ISP LCD,120.0,50,2,Nubia,Medium,HD,Unisoc t820 8,9861511.041009463,10114005.648716955,9861511.041009463,8546529.176983478
21500000.0,24.0,1024,6.85,AMOLED,144.0,50,3,Nubia,Premium,HD,Snapdragon 8 e,15742087.933753943,9889004.416403785,8570011.200063622,8558835.587253692
6050000.0,16.0,256,6.65,"AMOLED, Full HD+ (1080x2340 pixels) - 144Hz",144.0,64,3,Nubia,Medium,HD,Snapdragon 865,9784863.452005407,10127004.416403785,9861511.041009463,8478074.60955868
6900000.0,16.0,256,6.65,AMOLED,144.0,64,3,Nubia,Medium,HD,Snapdragon 865,10038964.867598148,10114005.648716955,8734039.109685032,8546529.176983478
7450000.0,12.0,256,6.8,AMOLED,144.0,64,4,Nubia,Medium,HD,Snapdragon 888,11290005.662056135,10183004.416403785,8906548.335996285,8557935.866096748
7950000.0,18.0,512,6.8,AMOLED,165.0,64,3,Nubia,Medium,HD,Snapdragon 888,11506006.309148263,10101046.267087275,8684478.137766974,8622095.701029267
6950000.0,12.0,256,6.8,AMOLED,165.0,64,3,Nubia,Medium,HD,Snapdragon 888,11506006.309148263,10101046.267087275,8684478.137766974,8622095.701029267
11750000.0,18.0,512,6.8,AMOLED,165.0,64,3,Nubia,High,HD,Snapdragon 8 gen 1,13038118.374101464,9889004.416403785,8570011.200063622,8558835.587253692
11950000.0,18.0,1024,6.8,AMOLED,120.0,64,3,Nubia,High,HD,Snapdragon 8 gen 1,13038118.374101464,9889004.416403785,8570011.200063622,8558835.587253692
8450000.0,18.0,512,6.8,AMOLED,165.0,64,3,Nubia,High,HD,Snapdragon 8 gen1,10563759.20084122,10183004.416403785,8906548.335996285,8557935.866096748
11450000.0,16.0,1024,6.8,AMOLED,120.0,64,3,Nubia,High,HD,Snapdragon 8 gen1,10438759.20084122,10432411.496670172,8814153.412615655,8514044.54111523
12250000.0,12.0,512,6.8,AMOLED,120.0,50,3,Nubia,High,HD,Snapdragon 8 gen 2,15332635.452985777,10101046.267087275,8684478.137766974,8622095.701029267
12250000.0,24.0,1024,6.8,AMOLED,120.0,50,3,Nubia,High,HD,Snapdragon 8 gen 2,14925593.505980069,10114005.648716955,8734039.109685032,8546529.176983478
21550000.0,24.0,1024,6.8,AMOLED,120.0,50,3,Nubia,Premium,HD,Snapdragon 8 gen 2,15332635.452985777,10101046.267087275,8684478.137766974,8622095.701029267
13450000.0,16.0,128,6.8,AMOLED,165.0,50,3,Nubia,High,HD,Snapdragon 8 gen 2,14404468.22893195,10127004.416403785,8652998.667789413,8478074.60955868
12450000.0,12.0,512,6.8,AMOLED,120.0,50,3,Nubia,High,HD,Snapdragon 8 gen 2,14925593.505980069,10114005.648716955,8734039.109685032,8546529.176983478
14250000.0,16.0,1024,6.8,AMOLED,120.0,50,3,Nubia,High,HD,Snapdragon 8 gen 2,14925593.505980069,10114005.648716955,8734039.109685032,8546529.176983478
19950000.0,12.0,512,6.8,AMOLED,120.0,50,3,Nubia,Premium,HD,Snapdragon 8 gen 2,14883512.645968232,10183004.416403785,8906548.335996285,8557935.866096748
13000000.0,12.0,512,6.8,AMOLED,120.0,50,3,Nubia,High,HD,Snapdragon 8 gen 3,17523298.831291277,10114005.648716955,8734039.109685032,8546529.176983478
18450000.0,24.0,256,6.8,AMOLED,120.0,50,3,Nubia,Premium,HD,Snapdragon 8 gen 3,18545581.169619024,10127004.416403785,8652998.667789413,8478074.60955868
22790000.0,16.0,512,6.8,AMOLED,120.0,50,3,Nubia,Premium,HD,Snapdragon 8 gen 3,17523298.831291277,10114005.648716955,8734039.109685032,8546529.176983478
15990000.0,8.0,128,6.7,Fluid AMOLED,120.0,50,3,OnePlus,Premium,FHD,Snapdragon 8 gen 2,14404468.22893195,11999574.58314556,9922245.558691682,19578299.37784788
18990000.0,16.0,256,6.7,Super Fluid AMOLED,120.0,50,3,OnePlus,Premium,FHD,Snapdragon 8 gen 2,14925593.505980069,11645995.510156393,9861511.041009463,19645905.391267832
15950000.0,16.0,256,6.7,Fluid AMOLED,120.0,50,3,OnePlus,Premium,HD,Snapdragon 8 gen 1,12322503.561615955,11999574.58314556,9922245.558691682,8478074.60955868
17450000.0,12.0,256,6.7,LTPO2 Fluid AMOLED,120.0,50,3,OnePlus,Premium,FHD,Snapdragon 8 gen 1,12390262.427934296,12028753.066947073,9861511.041009463,19818323.483608194
11050000.0,16.0,256,6.74,Fluid AMOLED,120.0,50,3,OnePlus,High,HD,Snapdragon 8 gen 1,12322503.561615955,11999574.58314556,9922245.558691682,8478074.60955868
12950000.0,16.0,512,6.7,LTPO3 AMOLED,120.0,50,3,OnePlus,High,FHD,Snapdragon 8 gen 2,15115596.963054055,12027086.400280407,9861511.041009463,19383021.600070104
11450000.0,16.0,128,6.78,LTPO4 AMOLED,120.0,50,3,OnePlus,High,HD,Snapdragon 8 gen 2,14883512.645968232,12335003.154574132,11137370.31195233,8557935.866096748
14950000.0,24.0,1024,6.82,LTPO AMOLED,120.0,64,3,OnePlus,High,FHD,Snapdragon 8 gen 3,16414514.1337292,12335003.154574132,12339695.887984946,19532316.98830952
12790000.0,16.0,512,6.78,LTPO 4.1 AMOLED,120.0,50,3,OnePlus,High,HD,Snapdragon 8 gen 3,17652284.575792793,12028753.066947073,9861511.041009463,8622095.701029267
13950000.0,24.0,1024,6.82,LTPO AMOLED,120.0,50,3,OnePlus,High,FHD,Snapdragon 8 e,15285371.239516811,10956968.22893195,13064211.0935857,20170737.8872442
12950000.0,16.0,1024,6.31,LTPO OLED,120.0,50,2,OnePlus,High,HD,Snapdragon 8 e,15285371.239516811,10956968.22893195,15100098.72648674,8514044.54111523
9450000.0,6.0,128,6.41,Optic AMOLED,60.0,48,2,OnePlus,High,HD,Snapdragon 855,9582921.57397457,11645995.510156393,9861511.041009463,8546529.176983478
13550000.0,8.0,256,6.67,Fluid AMOLED,60.0,48,3,OnePlus,High,FHD,Snapdragon 855,9764623.877699587,12027086.400280407,10379174.553101998,19383021.600070104
8750000.0,8.0,128,6.55,Fluid AMOLED,90.0,48,3,OnePlus,High,HD,Snapdragon 865,10038964.867598148,11645995.510156393,10305397.273603115,8546529.176983478
9550000.0,12.0,256,6.55,"Fluid AMOLED, 120Hz, HDR10+",60.0,48,4,OnePlus,High,HD,Snapdragon 865,10038964.867598148,11645995.510156393,9861511.041009463,8546529.176983478
15050000.0,8.0,128,6.78,Super AMOLED,120.0,48,4,OnePlus,Premium,FHD,Snapdragon 865,9900612.752126947,12027086.400280407,7642609.508787743,19383021.600070104
12450000.0,12.0,256,6.62,AMOLED,120.0,50,3,OnePlus,High,HD,Snapdragon 888,11636590.751711933,10956968.22893195,8814153.412615655,8514044.54111523
9350000.0,12.0,256,6.55,Fluid AMOLED,120.0,48,4,OnePlus,High,HD,Snapdragon 870,8864552.14606634,10956968.22893195,10720633.280757098,8514044.54111523
10950000.0,12.0,256,6.55,"Fluid AMOLED, 120Hz, HDR10+",120.0,50,3,OnePlus,High,HD,Snapdragon 888,11636590.751711933,10956968.22893195,9861511.041009463,8514044.54111523
5950000.0,12.0,512,6.7,OLED,120.0,50,3,OnePlus,Medium,HD,Dimensity 8100max,10008581.943818536,12335003.154574132,10644464.121710658,8557935.866096748
7550000.0,16.0,512,6.74,AMOLED,120.0,64,3,OnePlus,Medium,HD,Dimensity 9000,9943470.031545741,10956968.22893195,8814153.412615655,8514044.54111523
9150000.0,16.0,512,6.74,AMOLED,120.0,50,3,OnePlus,High,HD,Snapdragon 8 gen 1,13372080.320310604,10956968.22893195,8814153.412615655,8514044.54111523
9850000.0,24.0,1024,6.74,AMOLED,120.0,50,3,OnePlus,High,HD,Snapdragon 8 gen 2,14995935.946104903,10956968.22893195,8814153.412615655,8514044.54111523
6250000.0,16.0,512,6.74,AMOLED,120.0,50,2,OnePlus,Medium,HD,Snapdragon 7 gen 3,9502507.886435332,12028753.066947073,8684478.137766974,8622095.701029267
8990000.0,16.0,1024,6.78,LTPO AMOLED,120.0,50,3,OnePlus,High,HD,Snapdragon 8 gen 2,14925593.505980069,11645995.510156393,12819715.382906001,8546529.176983478
11950000.0,16.0,512,6.78,LTPO AMOLED,120.0,50,3,OnePlus,High,HD,Snapdragon 8 gen 2,15332635.452985777,12028753.066947073,13129139.374820763,8622095.701029267
11450000.0,24.0,1024,6.78,LTPO AMOLED,120.0,50,3,OnePlus,High,HD,Snapdragon 8 gen 3,17523298.831291277,11645995.510156393,12819715.382906001,8546529.176983478
9950000.0,16.0,1024,6.78,LTPO AMOLED,120.0,50,2,OnePlus,High,HD,Dimensity 9300 plus,9946828.219099512,11999574.58314556,13067163.823985457,8478074.60955868
7450000.0,16.0,1024,6.74,AMOLED,120.0,50,2,OnePlus,Medium,HD,Dimensity 9300,10102926.527631732,11645995.510156393,8734039.109685032,8546529.176983478
8550000.0,16.0,1024,6.78,LTPO AMOLED,120.0,50,3,OnePlus,High,HD,Snapdragon 8 gen 3,18545581.169619024,11999574.58314556,13067163.823985457,8478074.60955868
10950000.0,16.0,1024,6.78,LTPO AMOLED,120.0,50,3,OnePlus,High,HD,Snapdragon 8 e,15285371.239516811,10956968.22893195,13064211.0935857,8514044.54111523
9950000.0,16.0,512,6.7,Fluid AMOLED,120.0,50,3,OnePlus,High,HD,Snapdragon 8 gen 1,13072245.186554987,12335003.154574132,10550603.124530569,8557935.866096748
11590000.0,16.0,256,6.74,Fluid AMOLED,120.0,50,3,OnePlus,High,HD,Dimensity 9000,9767486.358938409,11645995.510156393,10305397.273603115,8546529.176983478
9950000.0,16.0,128,6.74,Fluid AMOLED,120.0,50,2,OnePlus,High,HD,Snapdragon 7 gen 3,9299447.125658508,11645995.510156393,10305397.273603115,8546529.176983478
7450000.0,8.0,128,6.43,AMOLED,90.0,64,3,OnePlus,Medium,HD,Dimensity 900,9777400.90522562,12335003.154574132,8906548.335996285,8557935.866096748
7750000.0,12.0,256,6.7,Fluid AMOLED,120.0,50,3,OnePlus,Medium,HD,Snapdragon 782g,9489574.818269098,10956968.22893195,10720633.280757098,8514044.54111523
5950000.0,8.0,256,6.72,IPS LCD,120.0,108,3,OnePlus,Medium,HD,Snapdragon 695,8219437.68627511,11645995.510156393,4303207.424525562,8546529.176983478
7750000.0,8.0,256,6.7,Fluid AMOLED,120.0,50,2,OnePlus,Medium,HD,Snapdragon 7 gen 3,9299447.125658508,11645995.510156393,10305397.273603115,8546529.176983478
6590000.0,8.0,256,6.67,AMOLED,120.0,50,2,OnePlus,Medium,HD,Snapdragon 695,8219437.68627511,11645995.510156393,8734039.109685032,8546529.176983478
6950000.0,8.0,128,6.72,IPS LCD,120.0,108,3,OnePlus,Medium,HD,Snapdragon 695,8124330.292437547,12027086.400280407,4366588.32807571,8558835.587253692
32890000.0,16.0,256,7.82,Foldable LTPO3 Flexi-fluid AMOLED | Màn phụ: LTPO3 Super Fluid OLED,120.0,64,3,OnePlus,Premium,2K,Snapdragon 8 e,15285371.239516811,10956968.22893195,9861511.041009463,23075629.60042061
36890000.0,16.0,512,7.82,Foldable LTPO3 Flexi-fluid AMOLED | Màn phụ: LTPO3 Super Fluid OLED,120.0,64,3,OnePlus,Premium,2K,Snapdragon 8 gen 2,14995935.946104903,10956968.22893195,9861511.041009463,23075629.60042061
1990000.0,3.0,64,6.56,IPS LCD,60.0,8,1,OPPO,Low,HD,Helio G35,8664592.534174552,9092694.00630915,4366588.32807571,8558835.587253692
3290000.0,4.0,128,6.56,IPS LCD,90.0,8,2,OPPO,Medium,HD,Helio G85,6810816.778924034,8746825.81635263,4288959.5418210775,8557935.866096748
4790000.0,8.0,128,6.72,LTPS LCD,60.0,50,2,OPPO,Medium,HD,Helio G85,6801847.91632077,8971475.774488393,9342509.742067173,8478074.60955868
4190000.0,6.0,128,6.56,IPS LCD,90.0,13,2,OPPO,Medium,HD,Snapdragon 680,8157749.058715783,9167598.836494735,4234313.623719911,8514044.54111523
4690000.0,8.0,128,6.56,IPS LCD,90.0,50,2,OPPO,Medium,HD,Snapdragon 680,8157749.058715783,9167598.836494735,4234313.623719911,8514044.54111523
3990000.0,8.0,256,6.43,AMOLED,90.0,50,2,OPPO,Medium,HD,Snapdragon 680,7671182.965299685,8746825.81635263,8906548.335996285,8557935.866096748
5790000.0,8.0,256,6.72,IPS LCD,60.0,64,3,OPPO,Medium,HD,Snapdragon 695,8172506.1338941455,8971475.774488393,4272590.376194736,8478074.60955868
32490000.0,16.0,512,7.82,OLED,120.0,64,3,OPPO,Premium,2K,Snapdragon 8 gen 2,14925593.505980069,8889295.110781914,10622259.972943468,22851610.317769624
14490000.0,12.0,256,6.7,AMOLED,120.0,50,3,OPPO,High,FHD,Snapdragon 8 gen 1,13372080.320310604,9167598.836494735,8814153.412615655,20170737.8872442
13990000.0,8.0,256,6.4,AMOLED,90.0,50,3,OPPO,High,HD,Dimensity 1300,9729058.134294728,8746825.81635263,8906548.335996285,8557935.866096748
7990000.0,8.0,128,6.7,AMOLED,120.0,64,3,OPPO,Medium,HD,Dimensity 7050,8841489.66000701,9092694.00630915,8570011.200063622,8558835.587253692
8490000.0,8.0,256,6.7,AMOLED,120.0,64,3,OPPO,High,HD,Dimensity 7050,8841489.66000701,9092694.00630915,8570011.200063622,8558835.587253692
2820000.0,3.0,64,6.56,IPS LCD,60.0,8,1,OPPO,Low,HD,Helio G35,8630009.20084122,8560957.506030804,4344292.7188585885,8622095.701029267
2450000.0,4.0,128,6.56,IPS LCD,90.0,8,2,OPPO,Low,HD,Helio G85,6571712.702931445,9167598.836494735,4234313.623719911,8514044.54111523
6450000.0,12.0,256,6.7,OLED,120.0,108,2,OPPO,Medium,HD,Snapdragon 695,8124330.292437547,9092694.00630915,10779507.739710953,8558835.587253692
2650000.0,12.0,256,6.56,IPS LCD,90.0,13,1,OPPO,Low,HD,Dimensity 6020,8741205.568048028,8889295.110781914,4303207.424525562,8546529.176983478
5990000.0,12.0,512,6.7,AMOLED,120.0,64,2,OPPO,Medium,HD,Dimensity 7050,8711942.607102878,9167598.836494735,8814153.412615655,8514044.54111523
2950000.0,6.0,128,6.56,IPS LCD,90.0,50,2,OPPO,Low,HD,Helio G85,6524290.971909268,9092694.00630915,4366588.32807571,8558835.587253692
3250000.0,12.0,256,6.67,IPS LCD,120.0,50,1,OPPO,Medium,HD,Dimensity 6300,7915850.122689975,8889295.110781914,4303207.424525562,8546529.176983478
2700000.0,8.0,512,6.67,IPS LCD,120.0,32,2,OPPO,Low,HD,Dimensity 6300,7985813.574844815,9092694.00630915,4366588.32807571,8558835.587253692
3450000.0,6.0,128,6.67,IPS LCD,90.0,8,1,OPPO,Medium,HD,Snapdragon 6,9014592.534174552,8560957.506030804,4344292.7188585885,8622095.701029267
5650000.0,12.0,512,6.7,AMOLED,120.0,50,2,OPPO,Medium,HD,Snapdragon 695,8021956.605370469,8560957.506030804,8684478.137766974,8622095.701029267
4450000.0,8.0,256,6.67,IPS LCD,90.0,50,1,OPPO,Medium,HD,Snapdragon 6,8972925.867507886,8746825.81635263,4288959.5418210775,8557935.866096748
4680000.0,12.0,512,6.7,AMOLED,120.0,64,2,OPPO,Medium,HD,Dimensity 7050,8702265.18774804,8560957.506030804,8684478.137766974,8622095.701029267
3650000.0,12.0,256,6.67,IPS LCD,120.0,50,2,OPPO,Medium,HD,Dimensity 6300,7915850.122689975,8889295.110781914,4303207.424525562,8546529.176983478
2150000.0,6.0,128,6.51,IPS LCD,60.0,13,3,OPPO,Low,HD,Helio p35,8999522.578572264,8889295.110781914,4303207.424525562,8546529.176983478
3700000.0,4.0,128,6.56,IPS LCD,60.0,13,2,OPPO,Medium,HD,Helio G35,8593342.534174552,9167598.836494735,4234313.623719911,8514044.54111523
3950000.0,8.0,512,6.72,IPS LCD,60.0,50,2,OPPO,Medium,HD,Helio G85,6801847.91632077,8971475.774488393,4272590.376194736,8478074.60955868
4650000.0,12.0,512,6.7,AMOLED,120.0,50,2,OPPO,Medium,HD,Snapdragon 6 gen 1,9046793.600721044,9092694.00630915,8570011.200063622,8558835.587253692
4250000.0,12.0,512,6.67,IPS LCD,90.0,50,2,OPPO,Medium,HD,Dimensity 6300,7745158.206672402,8746825.81635263,4288959.5418210775,8557935.866096748
6950000.0,12.0,512,6.7,AMOLED,120.0,50,2,OPPO,Medium,HD,Dimensity 7300,9057599.069576811,8889295.110781914,8734039.109685032,8546529.176983478
4750000.0,8.0,256,6.67,IPS LCD,90.0,50,2,OPPO,Medium,HD,Snapdragon 680,7809703.661217856,8560957.506030804,4344292.7188585885,8622095.701029267
4730000.0,6.0,128,6.56,IPS LCD,90.0,13,2,OPPO,Medium,HD,Snapdragon 680,7895461.236975432,9092694.00630915,4366588.32807571,8558835.587253692
6500000.0,8.0,256,6.43,"AMOLED, 90Hz",90.0,50,2,OPPO,Medium,HD,Snapdragon 680,7809703.661217856,8560957.506030804,9861511.041009463,8622095.701029267
3950000.0,8.0,128,6.43,Super AMOLED,60.0,48,4,OPPO,Medium,HD,Helio p95,9861511.041009463,8889295.110781914,7690201.089084303,8546529.176983478
5620000.0,8.0,256,6.59,IPS LCD,90.0,50,2,OPPO,Medium,HD,Snapdragon 680,7895461.236975432,9092694.00630915,4366588.32807571,8558835.587253692
7200000.0,12.0,256,6.6,"IPS LCD, 90Hz",90.0,48,2,OPPO,Medium,HD,Dimensity 810,9081748.731312577,8746825.81635263,9861511.041009463,8557935.866096748
890000.0,6.0,128,6.53,IPS LCD,60.0,48,2,OPPO,Low,HD,Helio p70,9861511.041009463,9092694.00630915,4366588.32807571,8558835.587253692
750000.0,6.0,128,6.3,IPS LCD,60.0,16,2,OPPO,Low,HD,Helio p60,9861511.041009463,8560957.506030804,4344292.7188585885,8622095.701029267
26650000.0,16.0,1024,7.82,Màn hình trong: Foldable LTPO3 OLED | Màn hình ngoài: LTPO3 OLED,120.0,64,3,OPPO,Premium,2K,Snapdragon 8 gen 2,14925593.505980069,8889295.110781914,9861511.041009463,22851610.317769624
17450000.0,12.0,512,6.8,Foldable LTPO AMOLED | Màn phụ: AMOLED,120.0,50,3,OPPO,Premium,HD,Dimensity 9200,10509912.26059838,8889295.110781914,9861511.041009463,8546529.176983478
31650000.0,16.0,1024,8.12,Màn hình trong: Foldable LTPO OLED | Màn hình ngoài: LTPO OLED,120.0,50,3,OPPO,Premium,2K,Snapdragon 8 e,15431141.382277029,8560957.506030804,9861511.041009463,23385232.291367937
9450000.0,12.0,256,6.55,AMOLED,120.0,50,3,OPPO,High,HD,Snapdragon 888,11506006.309148263,8560957.506030804,8684478.137766974,8622095.701029267
21950000.0,12.0,512,6.7,LTPO2 AMOLED,120.0,50,3,OPPO,Premium,FHD,Snapdragon 8 gen 1,12794682.288348677,8889295.110781914,9861511.041009463,19645905.391267832
15750000.0,16.0,512,6.74,AMOLED,120.0,50,3,OPPO,Premium,HD,Dimensity 9200,10233470.031545741,8971475.774488393,8652998.667789413,8478074.60955868
19950000.0,16.0,512,6.82,LTPO3 AMOLED,120.0,50,3,OPPO,Premium,FHD,Snapdragon 8 gen 2,14925593.505980069,8889295.110781914,9861511.041009463,19645905.391267832
11950000.0,16.0,1024,6.78,LTPO AMOLED,120.0,64,3,OPPO,High,HD,Dimensity 9300,10179208.83280757,8560957.506030804,13129139.374820763,8622095.701029267
17250000.0,16.0,512,6.82,LTPO AMOLED,120.0,50,4,OPPO,Premium,FHD,Snapdragon 8 gen 3,16414514.1337292,8746825.81635263,12339695.887984946,19532316.98830952
26790000.0,16.0,1024,6.82,LTPO AMOLED,120.0,50,4,OPPO,Premium,FHD,Snapdragon 8 gen 3,16414514.1337292,8746825.81635263,12339695.887984946,19532316.98830952
12990000.0,16.0,256,6.31,AMOLED,120.0,50,3,OPPO,High,HD,Dimensity 9400,10942618.296529967,9092694.00630915,8570011.200063622,8558835.587253692
15450000.0,16.0,1024,6.6,AMOLED,120.0,50,3,OPPO,Premium,HD,Dimensity 9400 plus,9861511.041009463,8560957.506030804,8684478.137766974,8622095.701029267
13450000.0,16.0,1024,6.59,AMOLED,120.0,50,3,OPPO,High,HD,Dimensity 9400,11514239.262314972,8971475.774488393,8652998.667789413,8478074.60955868
17950000.0,16.0,1024,6.78,LTPO AMOLED,120.0,50,4,OPPO,Premium,HD,Dimensity 9400,10942618.296529967,9092694.00630915,12575940.45741325,8558835.587253692
15950000.0,16.0,1024,6.3,AMOLED,120.0,50,3,OPPO,Premium,HD,Dimensity 9500,10752540.005735587,8889295.110781914,8734039.109685032,8546529.176983478
16950000.0,16.0,1024,6.78,AMOLED,120.0,50,3,OPPO,Premium,HD,Dimensity 9500,10980425.867507886,9092694.00630915,8570011.200063622,8558835.587253692
19950000.0,16.0,1024,6.78,LTPO AMOLED,120.0,50,4,OPPO,Premium,HD,Dimensity 9500,10855425.867507886,8560957.506030804,13129139.374820763,8622095.701029267
24950000.0,16.0,1024,6.82,LTPO AMOLED,120.0,50,4,OPPO,Premium,FHD,Snapdragon 8 e,15431141.382277029,8560957.506030804,13129139.374820763,19818323.483608194
7150000.0,12.0,256,6.59,IPS LCD,120.0,64,3,OPPO,Medium,HD,Dimensity 8000 max,9861511.041009463,8889295.110781914,4303207.424525562,8546529.176983478
8950000.0,12.0,256,6.62,OLED,120.0,50,3,OPPO,High,HD,Snapdragon 888,11453576.686194982,8971475.774488393,9965924.590656452,8478074.60955868
4950000.0,12.0,256,6.72,IPS LCD,120.0,108,2,OPPO,Medium,HD,Snapdragon 695,8165646.68769716,9167598.836494735,4234313.623719911,8514044.54111523
6330000.0,12.0,512,6.7,AMOLED,120.0,50,3,OPPO,Medium,HD,Snapdragon 782g,9751373.673644967,9092694.00630915,8570011.200063622,8558835.587253692
6350000.0,12.0,512,6.7,AMOLED,120.0,50,2,OPPO,Medium,HD,Snapdragon 7 gen 3,9299447.125658508,8889295.110781914,8734039.109685032,8546529.176983478
11550000.0,16.0,512,6.74,OLED,120.0,50,3,OPPO,High,HD,Dimensity 8200,9491208.83280757,8560957.506030804,10626020.563149901,8622095.701029267
12950000.0,16.0,512,6.74,OLED,120.0,64,3,OPPO,High,HD,Snapdragon 8 gen 1,13038118.374101464,9092694.00630915,10779507.739710953,8558835.587253692
6950000.0,12.0,512,6.7,OLED,120.0,50,3,OPPO,Medium,HD,Dimensity 8200,9491208.83280757,8560957.506030804,10626020.563149901,8622095.701029267
8950000.0,8.0,256,6.7,AMOLED,120.0,64,3,OPPO,High,HD,Dimensity 7050,8841489.66000701,9092694.00630915,8570011.200063622,8558835.587253692
9950000.0,12.0,512,6.74,OLED,120.0,50,3,OPPO,High,HD,Snapdragon 8 gen 1,12390262.427934296,8560957.506030804,10626020.563149901,8622095.701029267
6150000.0,16.0,512,6.7,AMOLED,120.0,50,3,OPPO,Medium,HD,Dimensity 8250,9861511.041009463,8746825.81635263,8906548.335996285,8557935.866096748
8350000.0,12.0,256,6.67,AMOLED,120.0,50,3,OPPO,High,HD,Dimensity 6300,7848071.639360944,8560957.506030804,8684478.137766974,8622095.701029267
12250000.0,16.0,512,6.7,AMOLED,120.0,50,3,OPPO,High,HD,Dimensity 9200,10541162.339238048,9092694.00630915,8570011.200063622,8558835.587253692
8950000.0,16.0,1024,6.59,AMOLED,120.0,50,2,OPPO,High,HD,Dimensity 8350,9861511.041009463,8746825.81635263,8906548.335996285,8557935.866096748
7990000.0,12.0,256,6.67,AMOLED,120.0,50,3,OPPO,Medium,HD,Snapdragon 6 gen 1,9046793.600721044,9092694.00630915,8570011.200063622,8558835.587253692
6990000.0,8.0,256,6.67,AMOLED,120.0,50,3,OPPO,Medium,HD,Helio G100,9054592.534174552,9167598.836494735,8814153.412615655,8514044.54111523
11950000.0,16.0,1024,6.83,AMOLED,120.0,50,3,OPPO,High,HD,Dimensity 8350,9861511.041009463,8889295.110781914,8734039.109685032,8546529.176983478
9750000.0,8.0,128,6.43,AMOLED,90.0,64,3,OPPO,High,HD,Dimensity 900,9605425.867507886,9092694.00630915,8570011.200063622,8558835.587253692
7550000.0,8.0,256,6.4,AMOLED,60.0,64,3,OPPO,Medium,HD,Dimensity 800,8938759.20084122,8746825.81635263,8906548.335996285,8557935.866096748
9450000.0,8.0,256,6.43,AMOLED,90.0,64,3,OPPO,High,HD,Dimensity 900,9617925.867507886,8560957.506030804,8684478.137766974,8622095.701029267
17450000.0,12.0,256,6.5,AMOLED,90.0,50,3,OPPO,Premium,HD,Dimensity 1200 max,9861511.041009463,9167598.836494735,8814153.412615655,8514044.54111523
7950000.0,8.0,128,6.43,OLED,60.0,64,3,OPPO,Medium,HD,Snapdragon 695,8172506.1338941455,8971475.774488393,9965924.590656452,8478074.60955868
7080000.0,8.0,256,6.4,AMOLED,90.0,50,3,OPPO,Medium,HD,Dimensity 1300,10058105.753342345,9167598.836494735,8814153.412615655,8514044.54111523
12950000.0,12.0,256,6.7,AMOLED,120.0,50,3,OPPO,High,HD,Dimensity 8100max,9675248.610485204,9092694.00630915,8570011.200063622,8558835.587253692
6950000.0,12.0,256,6.7,OLED,120.0,108,3,OPPO,Medium,HD,Snapdragon 695,8378863.452005407,8746825.81635263,10644464.121710658,8557935.866096748
9250000.0,12.0,256,6.7,AMOLED,120.0,64,2,OPPO,High,HD,Snapdragon 778g,9317785.956303306,8746825.81635263,8906548.335996285,8557935.866096748
12750000.0,16.0,512,6.7,AMOLED,120.0,50,2,OPPO,High,HD,Dimensity 8100max,9841915.27715187,8889295.110781914,8734039.109685032,8546529.176983478
14550000.0,16.0,512,6.7,AMOLED,120.0,50,3,OPPO,High,HD,Snapdragon 8 gen 1,13072245.186554987,8746825.81635263,8906548.335996285,8557935.866096748
9050000.0,8.0,256,6.5,AMOLED,60.0,48,4,OPPO,High,HD,Snapdragon 730g,9387835.687834317,9092694.00630915,8570011.200063622,8558835.587253692
7500000.0,8.0,128,6.5,Amoled,90.0,48,4,OPPO,Medium,HD,Snapdragon 765g,8862604.497868063,8889295.110781914,9861511.041009463,8546529.176983478
8450000.0,8.0,256,6.67,OLED,120.0,64,3,Xiaomi,High,HD,Dimensity 1200,9276570.955058748,7676774.994967286,10622259.972943468,8546529.176983478
7790000.0,8.0,256,6.7,AMOLED,120.0,100,2,Realme,Medium,HD,Dimensity 7050,8779335.119359795,5818030.367325144,8734039.109685032,8546529.176983478
4590000.0,8.0,128,6.4,Super AMOLED,90.0,108,2,Realme,Medium,HD,Helio G99,7258005.520504731,5827879.903132269,7795752.3659306,8622095.701029267
2390000.0,4.0,128,6.74,IPS LCD,90.0,50,2,Realme,Low,HD,Unisoc t612,9472391.46762806,5910151.104100946,4272590.376194736,8478074.60955868
3750000.0,8.0,256,6.74,IPS LCD,90.0,50,1,Realme,Medium,HD,Tiger t612,9034792.209573446,5744001.104100946,4366588.32807571,8558835.587253692
3480000.0,6.0,128,6.72,IPS LCD,90.0,64,2,Realme,Medium,HD,Helio G88,9176324.048328575,5818030.367325144,4303207.424525562,8546529.176983478
4250000.0,8.0,256,6.6,IPS LCD,90.0,50,1,Realme,Medium,HD,Dimensity 810,9210009.600877794,5744001.104100946,4366588.32807571,8558835.587253692
3950000.0,8.0,256,6.6,IPS LCD,90.0,50,2,Realme,Medium,HD,Dimensity 700,8208579.31500676,5827879.903132269,4344292.7188585885,8622095.701029267
3950000.0,12.0,256,6.72,IPS LCD,120.0,108,2,Realme,Medium,HD,Snapdragon 695,8219437.68627511,5818030.367325144,4303207.424525562,8546529.176983478
4750000.0,12.0,256,6.7,AMOLED,120.0,108,3,Realme,Medium,HD,Dimensity 1080,9329574.818269098,5744001.104100946,8570011.200063622,8558835.587253692
7950000.0,8.0,256,6.4,Super AMOLED,90.0,108,2,Realme,Medium,HD,Helio G99,7053907.824882665,5806373.631471516,7721792.7785829995,8557935.866096748
3250000.0,12.0,256,6.43,Super AMOLED,90.0,64,2,Realme,Medium,HD,Dimensity 6020,8977128.83280757,5910151.104100946,7792726.352464805,8478074.60955868
5950000.0,12.0,512,6.7,AMOLED,120.0,100,2,Realme,Medium,HD,Dimensity 7050,8778716.800651265,5910151.104100946,8652998.667789413,8478074.60955868
7150000.0,12.0,1024,6.7,AMOLED,120.0,200,3,Realme,Medium,HD,Dimensity 7050,8841489.66000701,5744001.104100946,8570011.200063622,8558835.587253692
4850000.0,12.0,512,6.67,IPS LCD,120.0,50,2,Realme,Medium,HD,Dimensity 6100,8035007.886435331,5827879.903132269,4344292.7188585885,8622095.701029267
4490000.0,8.0,128,6.72,IPS LCD,120.0,108,2,Realme,Medium,HD,Dimensity 6100,8445027.801080799,5818030.367325144,4303207.424525562,8546529.176983478
5550000.0,8.0,256,6.72,IPS LCD,90.0,108,2,Realme,Medium,HD,Snapdragon 685,8764808.83280757,5827879.903132269,4344292.7188585885,8622095.701029267
5950000.0,8.0,256,6.67,AMOLED,120.0,50,3,Realme,Medium,HD,Dimensity 7050,8841489.66000701,5744001.104100946,8570011.200063622,8558835.587253692
5450000.0,12.0,256,6.7,AMOLED,120.0,50,3,Realme,Medium,HD,Snapdragon 6 gen 1,8740340.694006309,5806373.631471516,8906548.335996285,8557935.866096748
8950000.0,12.0,256,6.7,AMOLED,120.0,64,3,Realme,High,HD,Snapdragon 7,9168222.172149617,5795715.337238996,8814153.412615655,8514044.54111523
5350000.0,8.0,256,6.72,IPS LCD,120.0,50,1,Realme,Medium,HD,Dimensity 6300,7745158.206672402,5806373.631471516,4288959.5418210775,8557935.866096748
6850000.0,12.0,256,6.67,AMOLED,120.0,50,1,Realme,Medium,HD,Dimensity 7300,9144592.534174552,5795715.337238996,8814153.412615655,8514044.54111523
5250000.0,12.0,256,6.67,AMOLED,120.0,50,1,Realme,Medium,HD,Dimensity 7300,9035563.734081084,5806373.631471516,8906548.335996285,8557935.866096748
7350000.0,12.0,512,6.7,AMOLED,120.0,50,2,Realme,Medium,HD,Snapdragon 7,8947561.112070294,5818030.367325144,8734039.109685032,8546529.176983478
6950000.0,12.0,512,6.7,AMOLED,120.0,50,3,Realme,Medium,HD,Snapdragon 7,8742430.933945129,5806373.631471516,8906548.335996285,8557935.866096748
4490000.0,8.0,128,6.67,IPS LCD,120.0,50,1,Realme,Medium,HD,Dimensity 6300,7985813.574844815,5744001.104100946,4366588.32807571,8558835.587253692
3950000.0,12.0,256,6.72,IPS LCD,120.0,50,1,Realme,Medium,HD,Dimensity 7025 ultra,9466828.219099512,5910151.104100946,4272590.376194736,8478074.60955868
7350000.0,12.0,256,6.77,OLED,120.0,50,2,Realme,Medium,HD,Dimensity 7300,9057599.069576811,5818030.367325144,10622259.972943468,8546529.176983478
4550000.0,12.0,512,6.72,AMOLED,120.0,50,2,Realme,Medium,HD,Snapdragon 7,9168222.172149617,5795715.337238996,8814153.412615655,8514044.54111523
8250000.0,12.0,512,6.83,OLED,120.0,50,3,Realme,High,HD,Snapdragon 7,8947561.112070294,5818030.367325144,10622259.972943468,8546529.176983478
3850000.0,4.0,64,6.3,IPS LCD,60.0,16,2,Realme,Medium,HD,Snapdragon 710,9328646.400917694,5795715.337238996,4234313.623719911,8514044.54111523
6600000.0,4.0,64,6.5,IPS LCD,90.0,64,3,Realme,Medium,HD,Helio G90,9380919.12819042,5910151.104100946,4272590.376194736,8478074.60955868
6600000.0,6.0,64,6.6,IPS LCD,90.0,64,4,Realme,Medium,HD,Snapdragon 720g,9419555.491826786,5827879.903132269,4344292.7188585885,8622095.701029267
5450000.0,8.0,128,6.4,Super AMOLED,90.0,108,3,Realme,Medium,HD,Snapdragon 680,8157749.058715783,5795715.337238996,7485180.937359171,8514044.54111523
9450000.0,8.0,256,6.4,Super AMOLED,90.0,50,3,Realme,High,HD,Dimensity 920,9596677.181913774,5818030.367325144,7690201.089084303,8546529.176983478
6450000.0,8.0,128,6.6,IPS LCD,120.0,64,3,Realme,Medium,HD,Snapdragon 695,8378863.452005407,5806373.631471516,4288959.5418210775,8557935.866096748
2450000.0,4.0,64,6.52,IPS LCD,60.0,8,1,Realme,Low,HD,Sc9863a 8 ,9861511.041009463,5744001.104100946,4366588.32807571,8558835.587253692
2250000.0,3.0,32,6.5,IPS LCD,60.0,8,1,Realme,Low,HD,Tiger t612 8,8311444.5498216,5818030.367325144,4303207.424525562,8546529.176983478
2020000.0,4.0,64,6.5,IPS LCD,60.0,8,1,Realme,Low,HD,Sc9863a 8 ,9861511.041009463,5744001.104100946,4366588.32807571,8558835.587253692
2750000.0,4.0,128,6.5,IPS LCD,60.0,50,2,Realme,Low,HD,Tiger t612 8,8073526.697044047,5795715.337238996,4234313.623719911,8514044.54111523
3250000.0,6.0,128,6.6,IPS LCD,60.0,50,3,Realme,Medium,HD,Tiger t616 8,9271373.673644967,5806373.631471516,4288959.5418210775,8557935.866096748
2750000.0,6.0,128,6.74,IPS LCD,90.0,50,2,Realme,Low,HD,Tiger t612 8,8311444.5498216,5818030.367325144,4303207.424525562,8546529.176983478
3015000.0,4.0,64,6.7,IPS LCD,90.0,50,2,Realme,Medium,HD,Tiger t612 8,8287316.185391895,5910151.104100946,4272590.376194736,8478074.60955868
4250000.0,6.0,128,6.74,IPS LCD,90.0,50,1,Realme,Medium,HD,Tiger t612 8,8427408.83280757,5827879.903132269,4344292.7188585885,8622095.701029267
4050000.0,8.0,256,6.72,IPS LCD,90.0,64,2,Realme,Medium,HD,Helio G88,9310464.582735876,5744001.104100946,4366588.32807571,8558835.587253692
3150000.0,8.0,256,6.75,IPS LCD,90.0,50,1,Realme,Medium,HD,Tiger t612 8,8280585.4161611255,5806373.631471516,4288959.5418210775,8557935.866096748
3150000.0,6.0,128,6.67,IPS LCD,120.0,50,1,Realme,Medium,HD,Dimensity 6300,7848071.639360944,5827879.903132269,4344292.7188585885,8622095.701029267
3650000.0,8.0,256,6.72,IPS LCD,90.0,50,1,Realme,Medium,HD,Helio G85,6883690.021583928,5827879.903132269,4344292.7188585885,8622095.701029267
4150000.0,8.0,256,6.72,IPS LCD,90.0,108,2,Realme,Medium,HD,Snapdragon 685,8806408.83280757,5806373.631471516,4288959.5418210775,8557935.866096748
3850000.0,6.0,128,6.72,IPS LCD,120.0,50,2,Realme,Medium,HD,Dimensity 6100,8717208.83280757,5744001.104100946,4366588.32807571,8558835.587253692
6450000.0,8.0,512,6.72,IPS LCD,90.0,50,1,Realme,Medium,HD,Helio G92 MAX,9861511.041009463,5795715.337238996,4234313.623719911,8514044.54111523
15450000.0,16.0,1024,6.74,AMOLED,144.0,50,3,Realme,Premium,HD,Snapdragon 8 gen 1,13038118.374101464,5744001.104100946,8570011.200063622,8558835.587253692
9150000.0,24.0,1024,6.74,AMOLED,144.0,50,3,Realme,High,HD,Snapdragon 8 gen 2,15115596.963054055,5744001.104100946,8570011.200063622,8558835.587253692
11550000.0,16.0,1024,6.78,AMOLED,144.0,50,3,Realme,High,HD,Snapdragon 8 gen 3,17523298.831291277,5818030.367325144,8734039.109685032,8546529.176983478
8450000.0,16.0,512,6.78,LTPO AMOLED,120.0,50,2,Realme,High,HD,Snapdragon 8 gen 3,17860681.708816767,5795715.337238996,13064211.0935857,8514044.54111523
11450000.0,16.0,512,6.78,LTPO AMOLED,120.0,50,2,Realme,High,HD,Snapdragon 8 e,15389379.60042061,5806373.631471516,12339695.887984946,8557935.866096748
12650000.0,16.0,1024,6.78,LTPO AMOLED,120.0,50,3,Realme,High,HD,Snapdragon 8 e,15431141.382277029,5827879.903132269,13129139.374820763,8622095.701029267
10850000.0,16.0,512,6.78,LTPO AMOLED (Samsung),120.0,50,2,Realme,High,HD,Snapdragon 8 e,15879366.400429558,5910151.104100946,9861511.041009463,8478074.60955868
15450000.0,16.0,1024,6.78,LTPO AMOLED,120.0,50,3,Realme,Premium,FHD,Snapdragon 8 e,15484716.1509921,5818030.367325144,12819715.382906001,19645905.391267832
8250000.0,12.0,256,6.62,AMOLED,120.0,50,3,Realme,High,HD,Snapdragon 888,10875819.08884161,5744001.104100946,8570011.200063622,8558835.587253692
8450000.0,12.0,256,6.7,OLED,120.0,50,3,Realme,High,HD,Snapdragon 8 gen 1,12390262.427934296,5827879.903132269,10626020.563149901,8622095.701029267
15450000.0,12.0,256,6.7,LTPO AMOLED,120.0,50,3,Realme,Premium,FHD,Snapdragon 8 gen 1,12794682.288348677,5818030.367325144,12819715.382906001,19645905.391267832
6450000.0,12.0,512,6.7,LTPO AMOLED,120.0,50,3,Realme,Medium,FHD,Snapdragon 8 gen 1,13372080.320310604,5795715.337238996,13064211.0935857,20170737.8872442
8150000.0,12.0,256,6.43,Super AMOLED,120.0,64,3,Realme,High,HD,Snapdragon 888,11506006.309148263,5827879.903132269,7795752.3659306,8622095.701029267
9550000.0,12.0,128,6.78,LTPO AMOLED,120.0,50,2,Realme,High,HD,Snapdragon 7 gen 3,9502507.886435332,5827879.903132269,13129139.374820763,8622095.701029267
6450000.0,12.0,512,6.78,LTPO AMOLED,120.0,50,2,Realme,Medium,HD,Dimensity 8400 max,9708581.943818536,5744001.104100946,12575940.45741325,8558835.587253692
6950000.0,8.0,256,6.43,Super AMOLED,120.0,64,3,Realme,Medium,HD,Snapdragon 778g,9446085.122566989,5818030.367325144,7690201.089084303,8546529.176983478
6250000.0,8.0,128,6.43,"Super AMOLED, 120Hz",120.0,64,3,Realme,Medium,HD,Dimensity 1200,9242925.867507886,5827879.903132269,9667041.600946372,8622095.701029267
4950000.0,12.0,256,6.43,Super AMOLED,120.0,64,3,Realme,Medium,HD,Dimensity 1200,9297092.534174552,5806373.631471516,7721792.7785829995,8557935.866096748
5650000.0,8.0,256,6.62,AMOLED,120.0,64,3,Realme,Medium,HD,Snapdragon 870,8849361.961941589,5806373.631471516,8906548.335996285,8557935.866096748
5450000.0,12.0,256,6.7,AMOLED,120.0,50,3,Realme,Medium,HD,Dimensity 8100,9644296.229532823,5818030.367325144,8734039.109685032,8546529.176983478
5650000.0,12.0,256,6.7,AMOLED,120.0,50,3,Realme,Medium,HD,Dimensity 8100,9627629.562866155,5827879.903132269,8684478.137766974,8622095.701029267
6550000.0,16.0,512,6.74,AMOLED,144.0,50,3,Realme,Medium,HD,Snapdragon 8 gen 1,13072245.186554987,5806373.631471516,8906548.335996285,8557935.866096748
5620000.0,12.0,256,6.74,OLED,144.0,64,3,Realme,Medium,HD,Snapdragon 7 gen 1,9539208.83280757,5795715.337238996,11139737.242531082,8514044.54111523
9950000.0,16.0,1024,6.74,AMOLED,144.0,50,3,Realme,High,HD,Snapdragon 8 gen 2,15115596.963054055,5744001.104100946,8570011.200063622,8558835.587253692
5550000.0,16.0,1024,6.74,OLED,144.0,64,3,Realme,Medium,HD,Snapdragon 7 gen 2,9687737.310008602,5744001.104100946,10779507.739710953,8558835.587253692
9450000.0,16.0,1024,6.74,AMOLED,144.0,50,3,Realme,High,HD,Snapdragon 8 gen 1,13072245.186554987,5806373.631471516,8906548.335996285,8557935.866096748
6950000.0,16.0,1024,6.78,LTPO AMOLED,120.0,50,2,Realme,Medium,HD,Snapdragon 8,9695007.360672975,5910151.104100946,13067163.823985457,8478074.60955868
5750000.0,16.0,512,6.78,LTPO AMOLED,120.0,50,2,Realme,Medium,HD,Snapdragon 7 gen 3,9502507.886435332,5827879.903132269,13129139.374820763,8622095.701029267
6750000.0,8.0,128,6.43,"Super AMOLED, 120Hz",120.0,64,3,Realme,Medium,HD,Dimensity 1200,9268705.253051708,5910151.104100946,9635791.600946372,8478074.60955868
3150000.0,4.0,128,6.58,IPS LCD,60.0,50,3,Realme,Medium,HD,Tiger t612 8,8427408.83280757,5827879.903132269,4344292.7188585885,8622095.701029267
2600000.0,4.0,64,6.5,IPS LCD,60.0,8,1,Realme,Low,HD,Sc9863a 8 ,9861511.041009463,5744001.104100946,4366588.32807571,8558835.587253692
4450000.0,6.0,128,6.6,IPS LCD,120.0,50,3,Realme,Medium,HD,Helio G96,9428646.400917694,5827879.903132269,4344292.7188585885,8622095.701029267
3760000.0,6.0,128,6.72,IPS LCD,120.0,50,2,Realme,Medium,HD,Dimensity 6100,8328085.4161611255,5910151.104100946,4272590.376194736,8478074.60955868
5150000.0,8.0,256,6.43,Super AMOLED,90.0,64,2,Realme,Medium,HD,Dimensity 6020,8679931.57000728,5827879.903132269,7795752.3659306,8622095.701029267
6880000.0,12.0,1024,6.7,AMOLED,120.0,100,2,Realme,Medium,HD,Dimensity 7050,8711942.607102878,5795715.337238996,8814153.412615655,8514044.54111523
3650000.0,6.0,128,6.72,IPS LCD,120.0,50,2,Realme,Medium,HD,Dimensity 6100,8328085.4161611255,5910151.104100946,4272590.376194736,8478074.60955868
4650000.0,8.0,128,6.67,AMOLED,120.0,50,2,Realme,Medium,HD,Dimensity 7050,8696569.400630914,5806373.631471516,8906548.335996285,8557935.866096748
5690000.0,8.0,256,6.67,AMOLED,120.0,50,3,Realme,Medium,HD,Dimensity 7050,8841489.66000701,5744001.104100946,8570011.200063622,8558835.587253692
4950000.0,12.0,256,6.67,OLED,120.0,50,2,Realme,Medium,HD,Dimensity 7300,9035563.734081084,5806373.631471516,10644464.121710658,8557935.866096748
3250000.0,6.0,128,6.67,IPS LCD,120.0,50,1,Realme,Medium,HD,Dimensity 6300,7915850.122689975,5818030.367325144,4303207.424525562,8546529.176983478
4450000.0,12.0,512,6.67,AMOLED,120.0,50,1,Realme,Medium,HD,Snapdragon 6 gen 4,9632391.46762806,5806373.631471516,8906548.335996285,8557935.866096748
7950000.0,16.0,1024,6.78,LTPO AMOLED,120.0,50,2,Realme,Medium,HD,Dimensity 9300 plus,10099140.035660403,5744001.104100946,12575940.45741325,8558835.587253692
6650000.0,16.0,512,6.78,LTPO OLED,120.0,50,2,Realme,Medium,HD,Dimensity 8400 max,9699058.134294728,5910151.104100946,15057595.200540785,8478074.60955868
2290000.0,4.0,128,6.74,IPS LCD,90.0,13,2,Realme,Low,HD,Tiger t612 8,8280585.4161611255,5806373.631471516,4288959.5418210775,8557935.866096748
2650000.0,4.0,64,6.74,IPS LCD,90.0,8,1,Realme,Low,HD,Tiger t612 8,8427408.83280757,5827879.903132269,4344292.7188585885,8622095.701029267
2250000.0,8.0,256,6.74,IPS LCD,90.0,32,1,Realme,Low,HD,Tiger t612 8,8287316.185391895,5910151.104100946,4272590.376194736,8478074.60955868
4850000.0,8.0,256,6.67,AMOLED,120.0,50,2,Realme,Medium,HD,Dimensity 7050,8778716.800651265,5910151.104100946,8652998.667789413,8478074.60955868
4650000.0,8.0,256,6.7,AMOLED,120.0,50,2,Realme,Medium,HD,Snapdragon 6 gen 1,8843786.854478074,5818030.367325144,8734039.109685032,8546529.176983478
4850000.0,12.0,512,6.7,OLED,120.0,50,2,Realme,Medium,HD,Snapdragon 7,8947561.112070294,5818030.367325144,10622259.972943468,8546529.176983478
5050000.0,8.0,256,6.67,AMOLED,120.0,50,2,Realme,Medium,HD,Snapdragon 6 gen 4,9603820.039056633,5795715.337238996,8814153.412615655,8514044.54111523
7050000.0,12.0,256,6.83,AMOLED,120.0,50,2,Realme,Medium,HD,Snapdragon 7,8823674.027339643,5910151.104100946,8652998.667789413,8478074.60955868
3550000.0,4.0,128,6.5,IPS LCD,60.0,13,3,Realme,Medium,HD,Dimensity 720,9565724.800961394,5795715.337238996,4234313.623719911,8514044.54111523
2550000.0,6.0,128,6.5,IPS LCD,120.0,48,3,Realme,Low,HD,Dimensity 800,9555919.12819042,5827879.903132269,4344292.7188585885,8622095.701029267
5250000.0,8.0,256,6.4,"Super AMOLED, 600 nits (peak)",60.0,48,4,Realme,Medium,HD,Dimensity 800,9326555.157250741,5818030.367325144,9861511.041009463,8546529.176983478
3650000.0,6.0,128,6.5,"IPS LCD, 90Hz, 600 nits",90.0,48,3,Realme,Medium,HD,Dimensity 700,8205007.886435331,5795715.337238996,9861511.041009463,8514044.54111523
4650000.0,8.0,256,6.6,IPS LCD,144.0,48,3,Realme,Medium,HD,Snapdragon 778g,9317785.956303306,5806373.631471516,4288959.5418210775,8557935.866096748
3450000.0,8.0,128,6.5,IPS LCD,120.0,48,3,Realme,Medium,HD,Snapdragon 750g,9651439.08667568,5806373.631471516,4288959.5418210775,8557935.866096748
5750000.0,8.0,256,6.43,Super AMOLED,120.0,64,3,Realme,Medium,HD,Dimensity 1100,9696677.181913774,5818030.367325144,7690201.089084303,8546529.176983478
5850000.0,8.0,128,6.43,Super AMOLED,120.0,64,3,Realme,Medium,HD,Snapdragon 768g,9668105.753342345,5818030.367325144,7690201.089084303,8546529.176983478
4450000.0,6.0,128,6.58,IPS LCD,90.0,13,2,Realme,Medium,HD,Dimensity 810,9315671.87441553,5818030.367325144,4303207.424525562,8546529.176983478
3450000.0,8.0,256,6.6,IPS LCD,120.0,50,3,Realme,Medium,HD,Snapdragon 695,8378863.452005407,5806373.631471516,4288959.5418210775,8557935.866096748
3650000.0,8.0,256,6.62,AMOLED,120.0,64,3,Realme,Medium,HD,Snapdragon 870,9020329.703877073,5910151.104100946,8652998.667789413,8478074.60955868
3650000.0,4.0,128,6.3,IPS LCD,60.0,48,4,Realme,Medium,HD,Snapdragon 712,9351373.673644967,5910151.104100946,4272590.376194736,8478074.60955868
5150000.0,6.0,128,6.5,IPS LCD,60.0,13,2,Realme,Medium,HD,Dimensity 700,8266304.474821825,5910151.104100946,4272590.376194736,8478074.60955868
4750000.0,8.0,128,6.4,"Super AMOLED, 430 nits (typ), 600 nits (peak)",60.0,64,3,Realme,Medium,HD,Dimensity 800,9555919.12819042,5827879.903132269,9861511.041009463,8622095.701029267
7450000.0,12.0,256,6.6,IPS LCD,120.0,64,3,Realme,Medium,HD,Snapdragon 695,8172506.1338941455,5910151.104100946,4272590.376194736,8478074.60955868
3650000.0,8.0,128,6.5,IPS LCD,60.0,13,3,Realme,Medium,HD,Dimensity 720,9351373.673644967,5744001.104100946,4366588.32807571,8558835.587253692
2650000.0,8.0,256,6.72,IPS LCD,120.0,13,2,Realme,Low,HD,Dimensity 6100,8717208.83280757,5744001.104100946,4366588.32807571,8558835.587253692
4950000.0,8.0,128,6.5,IPS LCD,90.0,48,4,Realme,Medium,HD,Dimensity 720,9565724.800961394,5795715.337238996,4234313.623719911,8514044.54111523
2750000.0,8.0,256,6.67,IPS LCD,120.0,32,1,Realme,Low,HD,Dimensity 6300,8051942.607102879,5795715.337238996,4234313.623719911,8514044.54111523
5150000.0,12.0,512,6.67,IPS LCD,120.0,50,1,Realme,Medium,HD,Dimensity 6300,7848071.639360944,5827879.903132269,4344292.7188585885,8622095.701029267
2950000.0,8.0,256,6.67,IPS LCD,120.0,32,1,Realme,Low,HD,Dimensity 6300,7985813.574844815,5744001.104100946,4366588.32807571,8558835.587253692
4650000.0,6.0,64,6.4,Super AMOLED,60.0,64,4,Realme,Medium,HD,Snapdragon 730g,9361259.20084122,5827879.903132269,7795752.3659306,8622095.701029267
7450000.0,64.0,64,6.5,Super AMOLED,60.0,64,4,Realme,Medium,HD,Snapdragon 855,9582921.57397457,5818030.367325144,7690201.089084303,8546529.176983478
5450000.0,6.0,128,6.57,IPS LCD,120.0,48,4,Realme,Medium,HD,Snapdragon 765g,8862604.497868063,5818030.367325144,4303207.424525562,8546529.176983478
5000000.0,6.0,256,6.57,IPS LCD,120.0,64,4,Realme,Medium,HD,Snapdragon 765g,8697316.185391895,5806373.631471516,4288959.5418210775,8557935.866096748
5750000.0,6.0,128,6.67,IPS LCD,120.0,64,4,Realme,Medium,HD,Snapdragon 765g,8936675.867507886,5827879.903132269,4344292.7188585885,8622095.701029267
12050000.0,6.0,128,6.44,Super AMOLED,60.0,64,3,Realme,High,HD,Snapdragon 865,9900612.752126947,5744001.104100946,7642609.508787743,8558835.587253692
5450000.0,8.0,128,6.4,AMOLED,180.0,64,4,Realme,Medium,HD,Dimensity 800,9026259.20084122,5795715.337238996,8814153.412615655,8514044.54111523
6450000.0,8.0,256,6.55,Super AMOLED,120.0,64,4,Realme,Medium,HD,Dimensity 1000,9624100.946372239,5910151.104100946,7792726.352464805,8478074.60955868
3750000.0,4.0,64,6.53,AMOLED,60.0,48,2,Realme,Medium,HD,Snapdragon 710,9067925.867507886,5910151.104100946,8652998.667789413,8478074.60955868
3250000.0,4.0,64,6.3,IPS LCD,60.0,16,2,Realme,Medium,HD,Snapdragon 710,9328646.400917694,5795715.337238996,4234313.623719911,8514044.54111523
2790000.0,4.0,128,6.7,IPS LCD,60.0,50,2,Samsung,Low,HD,Helio G85,6801847.91632077,14551582.759286681,4272590.376194736,8478074.60955868
4190000.0,4.0,128,6.6,PLS TFT LCD,60.0,50,4,Samsung,Medium,HD,Exynos 850 8,9537153.372389965,14429954.302898081,9470166.600946372,8622095.701029267
4200000.0,4.0,128,6.6,IPS LCD,90.0,50,3,Samsung,Medium,HD,Dimensity 700,8266304.474821825,14551582.759286681,4272590.376194736,8478074.60955868
4290000.0,8.0,128,6.5,Super AMOLED,90.0,50,3,Samsung,Medium,HD,G9 9,9861511.041009463,14303520.684043461,7690201.089084303,8546529.176983478
4150000.0,4.0,128,6.6,IPS LCD,60.0,50,4,Samsung,Medium,HD,Snapdragon 695,8219437.68627511,14303520.684043461,4303207.424525562,8546529.176983478
3600000.0,4.0,128,6.6,PLS TFT LCD,90.0,50,4,Samsung,Medium,HD,Snapdragon 680,7895461.236975432,13843251.104100948,9507041.600946372,8558835.587253692
5390000.0,6.0,128,6.5,Super AMOLED,120.0,50,3,Samsung,Medium,HD,Exynos 1280 8,9548646.400917694,14429954.302898081,7795752.3659306,8622095.701029267
6490000.0,6.0,128,6.4,Super AMOLED,90.0,64,4,Samsung,Medium,HD,Helio G80,8689208.83280757,13894110.004060345,7721792.7785829995,8557935.866096748
7290000.0,6.0,128,6.4,Super AMOLED,90.0,48,4,Samsung,Medium,HD,Exynos 1280 8,9462282.764554057,14551582.759286681,7792726.352464805,8478074.60955868
7090000.0,8.0,128,6.6,Super AMOLED,120.0,48,3,Samsung,Medium,HD,Dimensity 1080,9377430.767696163,14303520.684043461,7690201.089084303,8546529.176983478
6790000.0,8.0,128,6.6,Super AMOLED,120.0,50,3,Samsung,Medium,HD,Exynos 1380,9651979.734251028,14303520.684043461,7690201.089084303,8546529.176983478
7990000.0,8.0,64,6.5,Super AMOLED,60.0,48,3,Samsung,Medium,HD,Exynos 9611 8,9556200.991437584,14797851.104100948,7485180.937359171,8514044.54111523
10990000.0,8.0,128,6.5,Super AMOLED,120.0,64,4,Samsung,High,HD,Snapdragon 778g,9317785.956303306,13894110.004060345,7721792.7785829995,8557935.866096748
7890000.0,8.0,256,6.4,Super AMOLED,120.0,50,3,Samsung,Medium,HD,Exynos 1380,9651979.734251028,14303520.684043461,7690201.089084303,8546529.176983478
7390000.0,8.0,128,6.4,Super AMOLED,120.0,50,3,Samsung,Medium,HD,Exynos 1380,9659555.491826786,13894110.004060345,7721792.7785829995,8557935.866096748
8490000.0,8.0,128,6.6,Super AMOLED,120.0,50,3,Samsung,High,HD,Exynos 1480 4,9861511.041009463,14303520.684043461,7690201.089084303,8546529.176983478
12990000.0,8.0,256,6.7,Super AMOLED Plus,120.0,108,4,Samsung,High,HD,Snapdragon 778g,9317785.956303306,13894110.004060345,9376259.20084122,8557935.866096748
4490000.0,4.0,128,6.6,PLS LCD,90.0,50,3,Samsung,Medium,HD,Exynos 1330,9861511.041009463,14551582.759286681,7740121.164324635,8478074.60955868
5890000.0,8.0,128,6.5,Super AMOLED,120.0,50,3,Samsung,Medium,HD,Exynos 1280,9861511.041009463,14551582.759286681,7792726.352464805,8478074.60955868
26990000.0,12.0,256,6.8,Dynamic AMOLED QHD+ Infinity-O,60.0,16,3,Samsung,Premium,FHD,Exynos 9825,10049058.134294728,14797851.104100948,9861511.041009463,20170737.8872442
13800000.0,8.0,256,6.3,Dynamic AMOLED FHD+ Infinity-O,60.0,16,3,Samsung,High,HD,Exynos 9825,10677153.372389965,14551582.759286681,9861511.041009463,8478074.60955868
32990000.0,12.0,256,6.9,Dynamic AMOLED,90.0,108,3,Samsung,Premium,FHD,Exynos 990,9861511.041009463,14551582.759286681,11023686.21265541,19578299.37784788
8800000.0,8.0,128,6.4,Dynamic AMOLED 2X,120.0,12,3,Samsung,High,HD,Exynos 2100,9948581.943818536,14797851.104100948,19662449.252503086,8514044.54111523
8110000.0,8.0,256,6.4,Dynamic AMOLED 2X,120.0,12,3,Samsung,High,HD,Exynos 2100,9948581.943818536,14797851.104100948,19662449.252503086,8514044.54111523
11690000.0,6.0,128,6.4,Dynamic AMOLED 2X,120.0,12,3,Samsung,High,HD,Exynos 2100,9733646.400917694,13843251.104100948,18625301.562265284,8558835.587253692
28990000.0,8.0,256,6.7,Dynamic AMOLED,60.0,64,3,Samsung,Premium,HD,Exynos 2100 8,11555010.03728133,14551582.759286681,11023686.21265541,8478074.60955868
25990000.0,8.0,128,6.7,Dynamic AMOLED,60.0,64,3,Samsung,Premium,HD,Exynos 2100 8,11550444.38348649,14797851.104100948,12410703.645285664,8514044.54111523
30990000.0,12.0,128,6.8,Dynamic AMOLED 2X,120.0,108,4,Samsung,Premium,FHD,Exynos 2100 8,11333053.079138665,13843251.104100948,18625301.562265284,19383021.600070104
14790000.0,8.0,256,6.1,Dynamic AMOLED 2X,120.0,50,3,Samsung,High,HD,Snapdragon 8 gen 1,12794682.288348677,14303520.684043461,19154788.1514605,8546529.176983478
16990000.0,8.0,256,6.6,Dynamic AMOLED 2X,120.0,50,3,Samsung,Premium,HD,Snapdragon 8 gen 1,13072245.186554987,13894110.004060345,18465801.396066852,8557935.866096748
16990000.0,8.0,128,6.6,Dynamic AMOLED 2X,120.0,50,3,Samsung,Premium,HD,Snapdragon 8 gen 1,12322503.561615955,14551582.759286681,19640725.90255871,8478074.60955868
18990000.0,12.0,256,6.8,Dynamic AMOLED 2X,120.0,108,4,Samsung,Premium,FHD,Snapdragon 8 gen 1,12794682.288348677,14303520.684043461,19154788.1514605,19645905.391267832
36990000.0,12.0,512,6.8,Dynamic AMOLED 2X,120.0,108,4,Samsung,Premium,FHD,Snapdragon 8 gen 1,12794682.288348677,14303520.684043461,19154788.1514605,19645905.391267832
30990000.0,8.0,128,6.8,Dynamic AMOLED 2X,120.0,108,4,Samsung,Premium,FHD,Snapdragon 8 gen 1,12322503.561615955,14551582.759286681,19640725.90255871,19578299.37784788
13790000.0,8.0,128,6.1,Dynamic AMOLED 2X,120.0,50,3,Samsung,High,HD,Snapdragon 8 gen 2,14995935.946104903,14797851.104100948,19662449.252503086,8514044.54111523
14890000.0,8.0,128,6.4,Dynamic AMOLED 2X,120.0,50,3,Samsung,High,HD,Exynos 2200 8,10003191.855463149,14429954.302898081,19574312.034364723,8622095.701029267
19990000.0,8.0,256,6.6,Dynamic AMOLED 2X,120.0,50,3,Samsung,Premium,HD,Snapdragon 8 gen 2,14925593.505980069,14303520.684043461,19154788.1514605,8546529.176983478
22290000.0,12.0,512,6.8,Dynamic AMOLED 2X,120.0,200,4,Samsung,Premium,FHD,Snapdragon 8 gen 2,15332635.452985777,14429954.302898081,19574312.034364723,19818323.483608194
19490000.0,8.0,256,6.8,Dynamic AMOLED 2X,120.0,200,4,Samsung,Premium,FHD,Snapdragon 8 gen 2,15332635.452985777,14429954.302898081,19574312.034364723,19818323.483608194
24990000.0,8.0,256,6.1,Dynamic AMOLED 2X,120.0,50,3,Samsung,Premium,HD,Snapdragon 8 gen 2,15332635.452985777,14429954.302898081,19574312.034364723,8622095.701029267
21190000.0,12.0,512,6.7,Dynamic AMOLED 2X,120.0,50,3,Samsung,Premium,FHD,Exynos 2400,10348646.400917694,14551582.759286681,19640725.90255871,19578299.37784788
18990000.0,12.0,256,6.7,Dynamic AMOLED 2X,120.0,50,3,Samsung,Premium,FHD,Exynos 2400,10621936.696549919,14303520.684043461,19154788.1514605,19645905.391267832
44490000.0,12.0,1024,6.8,Dynamic AMOLED 2X,120.0,200,4,Samsung,Premium,FHD,Snapdragon 8 gen 3,17516985.298494138,13843251.104100948,18625301.562265284,19383021.600070104
28590000.0,12.0,512,6.8,Dynamic AMOLED 2X,120.0,200,4,Samsung,Premium,FHD,Snapdragon 8 gen 3,16414514.1337292,13894110.004060345,18465801.396066852,19532316.98830952
22990000.0,12.0,256,6.8,Dynamic AMOLED 2X,120.0,200,4,Samsung,Premium,FHD,Snapdragon 8 gen 3,17516985.298494138,13843251.104100948,18625301.562265284,19383021.600070104
16790000.0,8.0,256,6.2,Dynamic AMOLED 2X,120.0,50,3,Samsung,Premium,HD,Exynos 2400,10621936.696549919,14303520.684043461,19154788.1514605,8546529.176983478
24990000.0,8.0,128,6.7,Dynamic AMOLED 2X,120.0,12,2,Samsung,Premium,HD,Snapdragon 888,11506006.309148263,14429954.302898081,19574312.034364723,8622095.701029267
25990000.0,8.0,256,6.7,Dynamic AMOLED 2X,120.0,12,2,Samsung,Premium,HD,Snapdragon 8 gen 1,12390262.427934296,14429954.302898081,19574312.034364723,8622095.701029267
11190000.0,8.0,128,6.7,Dynamic AMOLED 2X,120.0,12,2,Samsung,High,HD,Snapdragon 8 gen 1,12794682.288348677,14303520.684043461,19154788.1514605,8546529.176983478
25990000.0,8.0,256,6.7,Dynamic AMOLED 2X,120.0,12,2,Samsung,Premium,HD,Snapdragon 8 gen 2,14883512.645968232,13894110.004060345,18465801.396066852,8557935.866096748
26990000.0,12.0,512,6.7,Dynamic AMOLED 2X,120.0,50,2,Samsung,Premium,HD,Snapdragon 8 gen 3,18545581.169619024,14551582.759286681,19640725.90255871,8478074.60955868
22490000.0,12.0,256,6.7,Dynamic AMOLED 2X,120.0,50,2,Samsung,Premium,HD,Snapdragon 8 gen 3,17860681.708816767,14797851.104100948,19662449.252503086,8514044.54111523
41990000.0,12.0,256,7.6,Dynamic AMOLED 2X,120.0,12,4,Samsung,Premium,FHD,Snapdragon 888,10875819.08884161,13843251.104100948,18625301.562265284,19383021.600070104
24490000.0,12.0,512,7.6,Dynamic AMOLED 2X,120.0,50,3,Samsung,Premium,FHD,Snapdragon 8 plus,9861511.041009463,13843251.104100948,18625301.562265284,19383021.600070104
27990000.0,12.0,256,7.6,Dynamic AMOLED 2X,120.0,50,3,Samsung,Premium,FHD,Snapdragon 8 gen 2,14404468.22893195,14551582.759286681,19640725.90255871,19578299.37784788
29990000.0,12.0,512,7.6,Dynamic AMOLED 2X,120.0,50,3,Samsung,Premium,FHD,Snapdragon 8 gen 2,14883512.645968232,13894110.004060345,18465801.396066852,19532316.98830952
45990000.0,12.0,1024,7.6,Dynamic AMOLED 2X,120.0,50,3,Samsung,Premium,FHD,Snapdragon 8 gen 3,16414514.1337292,13894110.004060345,18465801.396066852,19532316.98830952
40990000.0,12.0,512,7.6,Dynamic AMOLED 2X,120.0,50,3,Samsung,Premium,FHD,Snapdragon 8 gen 3,17860681.708816767,14797851.104100948,19662449.252503086,20170737.8872442
37990000.0,12.0,256,7.6,Dynamic AMOLED 2X,120.0,50,3,Samsung,Premium,FHD,Snapdragon 8 gen 3,17516985.298494138,13843251.104100948,18625301.562265284,19383021.600070104
2100000.0,2.0,32,6.5,PLS LCD,60.0,13,3,Samsung,Low,HD,Helio p35,8736304.474821825,13843251.104100948,7605333.287614868,8558835.587253692
1810000.0,2.0,32,6.5,PLS LCD,60.0,8,1,Samsung,Low,HD,Sc9863a 8 ,9861511.041009463,14303520.684043461,7863243.818160838,8546529.176983478
2120000.0,8.0,128,6.5,PLS LCD,60.0,50,2,Samsung,Low,HD,Helio p35,8999522.578572264,14303520.684043461,7863243.818160838,8546529.176983478
2220000.0,4.0,128,6.5,PLS LCD,60.0,13,2,Samsung,Low,HD,Helio p35,9461259.20084122,13894110.004060345,7952031.695959141,8557935.866096748
2950000.0,4.0,128,6.5,PLS LCD,90.0,50,3,Samsung,Low,HD,Exynos 850 8,9465984.381899208,14303520.684043461,7863243.818160838,8546529.176983478
2750000.0,6.0,128,6.7,PLS LCD,60.0,50,3,Samsung,Low,HD,Snapdragon 680,7928276.637703936,14303520.684043461,7863243.818160838,8546529.176983478
2250000.0,6.0,128,6.7,PLS LCD,60.0,50,2,Samsung,Low,HD,Helio G85,6801847.91632077,14551582.759286681,7740121.164324635,8478074.60955868
3450000.0,3.0,32,6.2,PLS LCD,60.0,13,2,Samsung,Medium,HD,Helio p22,9556200.991437584,13894110.004060345,7952031.695959141,8557935.866096748
3450000.0,6.0,128,6.5,IPS LCD,60.0,48,4,Samsung,Medium,HD,Helio p35,9461259.20084122,13894110.004060345,4288959.5418210775,8557935.866096748
2900000.0,4.0,64,6.5,"Super AMOLED, 90Hz",90.0,50,3,Samsung,Low,HD,Dimensity 700,8208579.31500676,14429954.302898081,9861511.041009463,8622095.701029267
3050000.0,6.0,128,6.6,PLS LCD,60.0,50,4,Samsung,Medium,HD,Exynos 850 8,9323646.400917694,14797851.104100948,7942507.886435332,8514044.54111523
4360000.0,8.0,128,6.6,PLS LCD,90.0,50,3,Samsung,Medium,HD,Dimensity 700,8160007.886435331,13894110.004060345,7952031.695959141,8557935.866096748
4250000.0,8.0,128,6.5,Super AMOLED,90.0,50,3,Samsung,Medium,HD,Dimensity 6100 plus,9861511.041009463,14551582.759286681,7792726.352464805,8478074.60955868
4250000.0,8.0,256,6.5,Super AMOLED,90.0,50,3,Samsung,Medium,HD,Helio G99,7258005.520504731,14429954.302898081,7795752.3659306,8622095.701029267
5990000.0,8.0,256,6.7,Super AMOLED,90.0,50,3,Samsung,Medium,HD,Dimensity 6300,7915850.122689975,14303520.684043461,7690201.089084303,8546529.176983478
4790000.0,8.0,256,6.7,Super AMOLED,90.0,50,3,Samsung,Medium,HD,Helio G99,7053907.824882665,13894110.004060345,7721792.7785829995,8557935.866096748
2850000.0,3.0,32,6.5,IPS LCD,60.0,13,3,Samsung,Low,HD,Snapdragon 450,9861511.041009463,14797851.104100948,4234313.623719911,8514044.54111523
4450000.0,6.0,128,6.4,Super AMOLED,90.0,48,4,Samsung,Medium,HD,Helio G80,8944592.534174552,14797851.104100948,7485180.937359171,8514044.54111523
4300000.0,8.0,128,6.6,PLS LCD,90.0,50,4,Samsung,Medium,HD,Snapdragon 680,7928276.637703936,14303520.684043461,7863243.818160838,8546529.176983478
4950000.0,8.0,256,6.7,Super AMOLED,120.0,50,3,Samsung,Medium,HD,Exynos 1380 8,9592183.513921272,14797851.104100948,7485180.937359171,8514044.54111523
4500000.0,8.0,128,6.5,TFT LCD,60.0,48,4,Samsung,Medium,HD,Dimensity 720,9494274.425189251,14303520.684043461,8337583.453338168,8546529.176983478
5530000.0,8.0,256,6.4,Super AMOLED,90.0,48,4,Samsung,Medium,HD,Exynos 1280 5,9861511.041009463,14797851.104100948,7485180.937359171,8514044.54111523
7450000.0,8.0,256,6.6,Super AMOLED,120.0,48,3,Samsung,Medium,HD,Dimensity 1080,9451373.673644967,14429954.302898081,7795752.3659306,8622095.701029267
6950000.0,8.0,256,6.6,Super AMOLED,120.0,50,3,Samsung,Medium,HD,Exynos 1380 8,9505226.992182141,14551582.759286681,7792726.352464805,8478074.60955868
6950000.0,12.0,256,6.7,Super AMOLED,120.0,50,3,Samsung,Medium,HD,Snapdragon 6 gen 3,9772391.46762806,14797851.104100948,7485180.937359171,8514044.54111523
3450000.0,6.0,128,6.4,Super AMOLED,60.0,48,3,Samsung,Medium,HD,Exynos 9611 8,9772391.46762806,13894110.004060345,7721792.7785829995,8557935.866096748
10200000.0,8.0,256,6.5,Super AMOLED,120.0,64,4,Samsung,High,HD,Snapdragon 778g,9408131.900630914,14429954.302898081,7795752.3659306,8622095.701029267
7950000.0,8.0,128,6.5,Super AMOLED,120.0,64,4,Samsung,Medium,HD,Exynos 1280 8,9517434.279705573,14303520.684043461,7690201.089084303,8546529.176983478
6950000.0,8.0,256,6.4,Super AMOLED,120.0,50,3,Samsung,Medium,HD,Exynos 1380 8,9527312.190621063,14303520.684043461,7690201.089084303,8546529.176983478
7950000.0,12.0,256,6.6,Super AMOLED,120.0,50,3,Samsung,Medium,HD,Exynos 1480 8,9861511.041009463,13843251.104100948,7642609.508787743,8558835.587253692
7850000.0,12.0,256,6.7,Super AMOLED,120.0,50,3,Samsung,Medium,HD,Exynos 1580 8,9861511.041009463,13894110.004060345,7721792.7785829995,8557935.866096748
9250000.0,8.0,256,6.7,Super AMOLED+,120.0,108,4,Samsung,High,HD,Snapdragon 778g,9317785.956303306,13894110.004060345,9685791.600946372,8557935.866096748
14300000.0,6.0,128,6.7,"Dynamic AMOLED 2X, 120Hz",120.0,64,3,Samsung,High,FHD,Snapdragon 855,9407208.83280757,14551582.759286681,9861511.041009463,19578299.37784788
7050000.0,12.0,256,6.7,Super AMOLED+,120.0,50,3,Samsung,Medium,HD,Snapdragon 7 gen 1,9350008.83280757,14551582.759286681,9823291.600946372,8478074.60955868
8450000.0,8.0,256,6.7,Super AMOLED Plus,120.0,108,3,Samsung,High,HD,Exynos 1380 8,9527312.190621063,14303520.684043461,9670348.523741778,8546529.176983478
3700000.0,4.0,128,6.5,PLS IPS,90.0,48,4,Samsung,Medium,HD,Exynos 850 8,9537153.372389965,14429954.302898081,9861511.041009463,8622095.701029267
4990000.0,4.0,128,6.6,PLS LCD,90.0,50,3,Samsung,Medium,HD,Exynos 1330 8,9861511.041009463,14303520.684043461,7863243.818160838,8546529.176983478
4990000.0,8.0,256,6.5,Super AMOLED,90.0,50,3,Samsung,Medium,HD,Dimensity 6300,8051942.607102879,14797851.104100948,7485180.937359171,8514044.54111523
4300000.0,6.0,128,6.4,Super AMOLED,90.0,48,4,Samsung,Medium,HD,Helio G80,8776808.83280757,14429954.302898081,7795752.3659306,8622095.701029267
5350000.0,4.0,64,6.4,Super AMOLED,60.0,48,3,Samsung,Medium,HD,Exynos 9611,9861511.041009463,14551582.759286681,7792726.352464805,8478074.60955868
3700000.0,8.0,128,6.4,Super AMOLED,90.0,64,4,Samsung,Medium,HD,Helio G80,8800808.83280757,13843251.104100948,7642609.508787743,8558835.587253692
5550000.0,8.0,128,6.5,Super AMOLED,120.0,50,3,Samsung,Medium,HD,Exynos 1280 8,9541373.673644967,14797851.104100948,7485180.937359171,8514044.54111523
11990000.0,8.0,256,6.6,Super AMOLED,120.0,50,3,Samsung,High,HD,Exynos 1380 8,9505919.12819042,13843251.104100948,7642609.508787743,8558835.587253692
6950000.0,8.0,128,6.5,Super AMOLED,120.0,50,3,Samsung,Medium,HD,Snapdragon 888,11636590.751711933,14797851.104100948,7485180.937359171,8514044.54111523
5350000.0,8.0,128,6.7,Super AMOLED Plus,60.0,64,4,Samsung,Medium,HD,Snapdragon 730g,9332389.795638459,14303520.684043461,9670348.523741778,8546529.176983478
6450000.0,8.0,128,6.7,Super AMOLED Plus,120.0,64,3,Samsung,Medium,HD,Snapdragon 778g,9525319.400630914,14797851.104100948,9727215.624420116,8514044.54111523
4450000.0,8.0,256,6.7,Super AMOLED Plus,120.0,108,3,Samsung,Medium,HD,Exynos 1380 8,9505919.12819042,13843251.104100948,9850703.645285664,8558835.587253692
9950000.0,8.0,256,6.7,Super AMOLED Plus,120.0,50,3,Samsung,High,HD,Snapdragon 7 gen 1,9539208.83280757,14797851.104100948,9727215.624420116,8514044.54111523
6950000.0,8.0,256,6.5,Super AMOLED,120.0,12,3,Samsung,Medium,HD,Snapdragon 865,9900612.752126947,13843251.104100948,7642609.508787743,8558835.587253692
8450000.0,8.0,256,6.4,Dynamic AMOLED 2X,120.0,12,3,Samsung,High,HD,Exynos 2100 8,11555010.03728133,14551582.759286681,19640725.90255871,8478074.60955868
25450000.0,16.0,512,6.8,Dynamic AMOLED 2X,120.0,108,4,Samsung,Premium,FHD,Exynos 2100 8,11498379.384296954,14303520.684043461,19154788.1514605,19645905.391267832
15650000.0,8.0,256,6.1,Dynamic AMOLED 2X,120.0,50,3,Samsung,Premium,HD,Snapdragon 8 gen 1,12794682.288348677,14303520.684043461,19154788.1514605,8546529.176983478
18450000.0,12.0,1024,6.8,Dynamic AMOLED 2X,120.0,108,4,Samsung,Premium,FHD,Snapdragon 8 gen1,10112183.513921272,13843251.104100948,18625301.562265284,19383021.600070104
14450000.0,8.0,128,6.1,Dynamic AMOLED 2X,120.0,50,3,Samsung,High,HD,Snapdragon 8 gen 2,15115596.963054055,13843251.104100948,18625301.562265284,8558835.587253692
10950000.0,8.0,256,6.4,Dynamic AMOLED 2X,120.0,50,3,Samsung,High,HD,Exynos 2200 8,10100962.896199489,13843251.104100948,18625301.562265284,8558835.587253692
17450000.0,8.0,512,6.6,Dynamic AMOLED 2X,120.0,50,3,Samsung,Premium,HD,Snapdragon 8 gen 2,14925593.505980069,14303520.684043461,19154788.1514605,8546529.176983478
19250000.0,12.0,1024,6.8,Dynamic AMOLED 2X,120.0,200,4,Samsung,Premium,FHD,Snapdragon 8 gen 2,14404468.22893195,14551582.759286681,19640725.90255871,19578299.37784788
16950000.0,8.0,512,6.2,Dynamic LTPO AMOLED 2X,120.0,50,3,Samsung,Premium,HD,Exynos 2400 10,9861511.041009463,13843251.104100948,12429036.978618998,8558835.587253692
16950000.0,8.0,512,6.7,Dynamic AMOLED 2X,120.0,50,3,Samsung,Premium,HD,Exynos 2400,10348646.400917694,14551582.759286681,19640725.90255871,8478074.60955868
18950000.0,12.0,512,6.7,Dynamic LTPO AMOLED 2X,120.0,50,3,Samsung,Premium,FHD,Exynos 2400 10,9861511.041009463,14303520.684043461,12467067.389820503,19645905.391267832
21950000.0,12.0,1024,6.8,Dynamic LTPO AMOLED 2X,120.0,200,4,Samsung,Premium,FHD,Snapdragon 8 gen 3,17516985.298494138,13843251.104100948,12429036.978618998,19383021.600070104
22950000.0,12.0,512,6.2,Dynamic LTPO AMOLED 2X,120.0,50,3,Samsung,Premium,HD,Snapdragon 8 e,15431141.382277029,14429954.302898081,12614350.821849577,8622095.701029267
24950000.0,12.0,128,6.7,Dynamic LTPO AMOLED 2X,120.0,200,2,Samsung,Premium,HD,Snapdragon 8 e,15484716.1509921,14303520.684043461,12467067.389820503,8546529.176983478
26950000.0,12.0,512,6.7,Dynamic LTPO AMOLED 2X,120.0,50,3,Samsung,Premium,FHD,Snapdragon 8 e,15285371.239516811,14797851.104100948,12403824.506060103,20170737.8872442
25900000.0,12.0,1024,6.9,Dynamic LTPO AMOLED 2X,120.0,200,4,Samsung,Premium,FHD,Snapdragon 8 e,15879366.400429558,14551582.759286681,12459087.66395484,19578299.37784788
3450000.0,4.0,64,8.7,TFT LCD,60.0,8,1,Samsung,Medium,HD,Helio p22,9556200.991437584,13843251.104100948,8412633.280757098,8558835.587253692
14800000.0,8.0,512,6.7,Foldable Dynamic AMOLED 2X | Màn phụ: Super AMOLED,120.0,12,2,Samsung,High,HD,Snapdragon 8 gen 2,14925593.505980069,14303520.684043461,9861511.041009463,8546529.176983478
19950000.0,12.0,512,6.7,Foldable Dynamic LTPO AMOLED 2X | Màn phụ: Super AMOLED,120.0,50,2,Samsung,Premium,HD,Snapdragon 8 gen 3,16414514.1337292,13894110.004060345,10804541.600946372,8557935.866096748
24950000.0,12.0,512,6.7,Foldable Dynamic LTPO AMOLED 2X | Màn phụ: Super AMOLED,120.0,50,2,Samsung,Premium,HD,Exynos 2500,9861511.041009463,13843251.104100948,10871921.506773056,8558835.587253692
16950000.0,8.0,512,6.7,Foldable Dynamic LTPO AMOLED 2X | Màn phụ: Super AMOLED,120.0,12,2,Samsung,Premium,HD,Exynos 2400,10820009.600877794,13894110.004060345,10804541.600946372,8557935.866096748
27250000.0,12.0,1024,7.6,Chính: Foldable Dynamic AMOLED 2X | Phụ: Dynamic AMOLED 2X,120.0,50,3,Samsung,Premium,FHD,Snapdragon 8 gen 2,14883512.645968232,13894110.004060345,9861511.041009463,19532316.98830952
35950000.0,12.0,1024,7.6,Chính: Foldable Dynamic LTPO AMOLED 2X | Phụ: Dynamic LTPO AMOLED 2X,120.0,50,3,Samsung,Premium,FHD,Snapdragon 8 gen 3,17652284.575792793,14429954.302898081,9861511.041009463,19818323.483608194
34450000.0,12.0,1024,7.6,Foldable Dynamic LTPO AMOLED 2X,120.0,50,3,Samsung,Premium,FHD,Exynos 2500,9861511.041009463,14303520.684043461,9861511.041009463,19645905.391267832
51250000.0,16.0,512,8.0,Màn trong: Foldable Dynamic LTPO AMOLED 2X | Màn ngoài: Dynamic LTPO AMOLED 2X,120.0,200,3,Samsung,Premium,FHD,Snapdragon 8 gen 3,16414514.1337292,13894110.004060345,9861511.041009463,19532316.98830952
2950000.0,6.0,256,6.0,OLED,60.0,12,3,Sony,Low,HD,Snapdragon 690,9861511.041009463,13082947.671182036,9965924.590656452,8478074.60955868
10150000.0,8.0,128,6.1,OLED,60.0,48,3,Sony,High,HD,Snapdragon 6 gen 1,9046793.600721044,13524124.141770272,10779507.739710953,8558835.587253692
11250000.0,8.0,128,6.1,OLED,60.0,48,3,Sony,High,HD,Snapdragon 695,8124330.292437547,13524124.141770272,10779507.739710953,8558835.587253692
16150000.0,12.0,512,6.5,OLED,120.0,12,4,Sony,Premium,FHD,Snapdragon 888,11290005.662056135,11100944.400630914,10644464.121710658,19532316.98830952
19950000.0,12.0,512,6.5,OLED,120.0,12,4,Sony,Premium,FHD,Snapdragon 8 gen 1,12390262.427934296,13094712.37706439,10626020.563149901,19818323.483608194
38550000.0,12.0,256,6.5,LTPO OLED,120.0,48,3,Sony,Premium,HD,Snapdragon 8 gen 3,16414514.1337292,11100944.400630914,13519738.057683643,8557935.866096748
18995000.0,8.0,512,6.1,OLED,120.0,12,3,Sony,Premium,HD,Snapdragon 8 gen 1,13072245.186554987,11100944.400630914,10644464.121710658,8557935.866096748
25950000.0,8.0,256,6.1,OLED,120.0,48,2,Sony,Premium,HD,Snapdragon 8 gen 2,14404468.22893195,13082947.671182036,9965924.590656452,8478074.60955868
4990000.0,8.0,256,6.78,AMOLED,120.0,50,2,Tecno,Medium,HD,Helio G99,7258005.520504731,5687740.724049872,8684478.137766974,8622095.701029267
3890000.0,8.0,256,6.78,LCD,120.0,50,1,Tecno,Medium,HD,Helio G99,7222862.400480696,5905273.254326882,8011484.8006882705,8514044.54111523
3690000.0,8.0,128,6.78,LCD,60.0,50,1,Tecno,Medium,HD,Helio G99,7183176.117565591,5450612.449026698,7925121.164324635,8478074.60955868
3990000.0,8.0,128,6.78,LCD,120.0,50,1,Tecno,Medium,HD,Helio G99,7263755.520504731,6005397.642370911,7697194.400630915,8558835.587253692
5890000.0,8.0,256,6.78,AMOLED,120.0,108,1,Tecno,Medium,HD,G9 9 ,9861511.041009463,5687740.724049872,8684478.137766974,8622095.701029267
2890000.0,8.0,128,6.78,IPS LCD,60.0,50,1,Tecno,Low,HD,Helio G88,9310464.582735876,6005397.642370911,4366588.32807571,8558835.587253692
3390000.0,8.0,256,6.78,AMOLED,120.0,108,2,Tecno,Medium,HD,Helio G99,7263755.520504731,6005397.642370911,8570011.200063622,8558835.587253692
3050000.0,8.0,128,6.56,IPS LCD,90.0,50,1,Tecno,Medium,HD,Helio G85,6810816.778924034,5899308.622502629,4288959.5418210775,8557935.866096748
4690000.0,8.0,256,6.67,AMOLED,60.0,64,2,Tecno,Medium,HD,Helio G85,6571712.702931445,5905273.254326882,8814153.412615655,8514044.54111523
4950000.0,8.0,256,6.67,AMOLED,60.0,64,2,Tecno,Medium,HD,Helio G85,6810816.778924034,5899308.622502629,8906548.335996285,8557935.866096748
6490000.0,8.0,512,6.67,AMOLED,120.0,108,3,Tecno,Medium,HD,Dimensity 8050,9994792.209573446,5905273.254326882,8814153.412615655,8514044.54111523
5490000.0,8.0,256,6.67,AMOLED,120.0,64,2,Tecno,Medium,HD,Helio G99,7053907.824882665,5899308.622502629,8906548.335996285,8557935.866096748
3950000.0,8.0,256,6.78,AMOLED,120.0,50,2,Tecno,Medium,HD,Helio G100,9246096.557399534,6005397.642370911,8570011.200063622,8558835.587253692
15450000.0,8.0,256,6.9,Foldable LTPO AMOLED | Màn phụ: AMOLED,120.0,64,2,Tecno,Premium,HD,Dimensity 8050,9589555.491826786,5450612.449026698,9861511.041009463,8478074.60955868
7450000.0,8.0,256,6.6,AMOLED,90.0,64,3,Tecno,Medium,HD,Dimensity 9000,9943470.031545741,5905273.254326882,8814153.412615655,8514044.54111523
8550000.0,12.0,256,6.8,AMOLED,120.0,50,3,Tecno,High,HD,Dimensity 9000,9816546.954622664,5899308.622502629,8906548.335996285,8557935.866096748
4350000.0,6.0,128,6.9,IPS LCD,90.0,50,3,Tecno,Medium,HD,Helio G88,9176324.048328575,5838548.660951902,4303207.424525562,8546529.176983478
3850000.0,8.0,128,6.82,IPS LCD,90.0,50,1,Tecno,Medium,HD,Helio G99,7258005.520504731,5687740.724049872,4344292.7188585885,8622095.701029267
4250000.0,8.0,256,6.66,AMOLED,90.0,50,1,Tecno,Medium,HD,Helio G99,7200285.983085417,5838548.660951902,8734039.109685032,8546529.176983478
3450000.0,8.0,256,6.78,IPS LCD,120.0,50,2,Tecno,Medium,HD,Helio G99,7263755.520504731,6005397.642370911,4366588.32807571,8558835.587253692
4650000.0,8.0,256,6.78,IPS LCD,120.0,50,2,Tecno,Medium,HD,Dimensity 6080,8863658.990536278,5838548.660951902,4303207.424525562,8546529.176983478
5650000.0,12.0,256,6.78,AMOLED,120.0,108,2,Tecno,Medium,HD,Helio G99,7053907.824882665,5899308.622502629,8906548.335996285,8557935.866096748
3950000.0,8.0,256,6.78,IPS LCD,120.0,50,1,Tecno,Medium,HD,Helio G99,7222862.400480696,5905273.254326882,4234313.623719911,8514044.54111523
3850000.0,8.0,256,6.67,IPS LCD,120.0,108,1,Tecno,Medium,HD,Dimensity 6300,8051942.607102879,5905273.254326882,4234313.623719911,8514044.54111523
6650000.0,12.0,256,6.78,AMOLED,120.0,108,3,Tecno,Medium,HD,Dimensity 6080,8863658.990536278,5838548.660951902,8734039.109685032,8546529.176983478
3450000.0,8.0,256,6.8,IPS LCD,90.0,50,1,Tecno,Medium,HD,Helio G88,9176324.048328575,5838548.660951902,4303207.424525562,8546529.176983478
3950000.0,8.0,128,6.8,IPS LCD,90.0,50,2,Tecno,Medium,HD,Helio G88,9035661.774790838,5899308.622502629,4288959.5418210775,8557935.866096748
2450000.0,8.0,128,6.6,IPS LCD,90.0,50,1,Tecno,Low,HD,Mediatek 8 ,9861511.041009463,5905273.254326882,4234313.623719911,8514044.54111523
2250000.0,8.0,256,6.6,IPS LCD,90.0,50,2,Tecno,Low,HD,Helio G85,6810816.778924034,5899308.622502629,4288959.5418210775,8557935.866096748
2550000.0,8.0,256,6.78,IPS LCD,120.0,108,2,Tecno,Low,HD,Helio G99,7200285.983085417,5838548.660951902,4303207.424525562,8546529.176983478
4850000.0,8.0,256,6.78,IPS LCD,120.0,108,2,Tecno,Medium,HD,Dimensity 6080,8842008.83280757,5450612.449026698,4272590.376194736,8478074.60955868
3950000.0,8.0,256,6.78,AMOLED,120.0,108,2,Tecno,Medium,HD,Helio G99,7183176.117565591,5450612.449026698,8652998.667789413,8478074.60955868
2250000.0,8.0,256,6.67,IPS LCD,120.0,50,1,Tecno,Low,HD,Helio G81,9486677.181913774,6005397.642370911,4366588.32807571,8558835.587253692
3150000.0,8.0,256,6.78,IPS LCD,90.0,64,1,Tecno,Medium,HD,Helio G91 ULTRA,9353646.400917694,5838548.660951902,4303207.424525562,8546529.176983478
3550000.0,8.0,256,6.78,AMOLED,120.0,108,1,Tecno,Medium,HD,Helio G100,9025608.83280757,5899308.622502629,8906548.335996285,8557935.866096748
2300000.0,4.0,64,6.52,IPS LCD,60.0,13,1,Tecno,Low,HD,Helio a20,9861511.041009463,5899308.622502629,4288959.5418210775,8557935.866096748
2450000.0,4.0,64,6.6,IPS LCD,90.0,13,1,Tecno,Low,HD,Tiger t606 8,9861511.041009463,5905273.254326882,4234313.623719911,8514044.54111523
1890000.0,4.0,64,6.56,IPS LCD,60.0,13,1,Tecno,Low,HD,Helio a22,9522867.65810425,6005397.642370911,4366588.32807571,8558835.587253692
5690000.0,8.0,128,6.44,AMOLED,90.0,64,3,Vivo,Medium,HD,Helio G99,7258005.520504731,8857343.614908284,8684478.137766974,8622095.701029267
2990000.0,4.0,64,6.51,IPS LCD,60.0,8,1,Vivo,Low,HD,Helio p35,8703341.511858862,8558611.59654951,4272590.376194736,8478074.60955868
2990000.0,4.0,128,6.51,IPS LCD,60.0,13,2,Vivo,Low,HD,Helio p35,9461259.20084122,8893864.883280758,4288959.5418210775,8557935.866096748
4290000.0,4.0,128,6.55,IPS LCD,60.0,50,2,Vivo,Medium,HD,Snapdragon 680,7809703.661217856,8857343.614908284,4344292.7188585885,8622095.701029267
4990000.0,8.0,128,6.64,IPS LCD,90.0,50,2,Vivo,Medium,HD,Snapdragon 680,7809703.661217856,8857343.614908284,4344292.7188585885,8622095.701029267
13050000.0,12.0,512,6.78,AMOLED,120.0,50,3,Vivo,High,HD,Snapdragon 8 gen 1,13072245.186554987,8893864.883280758,8906548.335996285,8557935.866096748
12450000.0,16.0,1024,6.78,LTPO4 AMOLED,144.0,50,3,Vivo,High,FHD,Snapdragon 8 gen 2,14404468.22893195,8558611.59654951,10713097.977361292,19578299.37784788
10450000.0,16.0,128,6.78,LTPO4 AMOLED,144.0,50,3,Vivo,High,FHD,Snapdragon 8 gen 2,14925593.505980069,8671286.616239592,10768289.700212367,19645905.391267832
17350000.0,16.0,512,6.78,LTPO4 AMOLED,144.0,50,3,Vivo,Premium,FHD,Snapdragon 8 gen 2,14404468.22893195,8558611.59654951,10713097.977361292,19578299.37784788
12950000.0,16.0,1024,6.78,AMOLED,144.0,64,3,Vivo,High,HD,Snapdragon 8 gen 3,17516985.298494138,8313792.586750789,8570011.200063622,8558835.587253692
16850000.0,16.0,1024,6.78,AMOLED,144.0,64,3,Vivo,Premium,FHD,Snapdragon 8 gen 3,17516985.298494138,8313792.586750789,8570011.200063622,19383021.600070104
13250000.0,16.0,1024,6.82,LTPO 8T AMOLED,144.0,50,3,Vivo,High,FHD,Snapdragon 8 e,15431141.382277029,8857343.614908284,9861511.041009463,19818323.483608194
12100000.0,6.0,128,6.41,Super AMOLED,60.0,48,4,Vivo,High,HD,Snapdragon 865,10153434.880576836,8857343.614908284,7795752.3659306,8622095.701029267
13550000.0,12.0,256,6.56,"AMOLED capacitive touchscreen, 16M colors",120.0,50,3,Vivo,High,HD,Snapdragon 865,9900612.752126947,8313792.586750789,9861511.041009463,8558835.587253692
12450000.0,12.0,256,6.62,AMOLED,120.0,48,3,Vivo,High,HD,Snapdragon 888,11506006.309148263,8857343.614908284,8684478.137766974,8622095.701029267
10950000.0,12.0,256,6.56,"AMOLED, 120Hz, HDR10",120.0,50,3,Vivo,High,HD,Snapdragon 888,11453576.686194982,8558611.59654951,9861511.041009463,8478074.60955868
17950000.0,12.0,512,6.78,LTPO AMOLED,120.0,50,3,Vivo,Premium,FHD,Snapdragon 888,11418353.132277412,8671286.616239592,12819715.382906001,19645905.391267832
13450000.0,12.0,256,6.78,AMOLED,120.0,50,3,Vivo,High,HD,Snapdragon 8 gen 1,12794682.288348677,8671286.616239592,8734039.109685032,8546529.176983478
19450000.0,12.0,512,6.78,LTPO AMOLED,120.0,50,3,Vivo,Premium,FHD,Snapdragon 8 gen1,10299795.592739906,8671286.616239592,12819715.382906001,19645905.391267832
10450000.0,12.0,256,6.62,"AMOLED, 120Hz",120.0,48,3,Vivo,High,HD,Snapdragon 888,11636590.751711933,8719025.920084123,9861511.041009463,8514044.54111523
5050000.0,8.0,128,6.38,Super AMOLED,60.0,12,3,Vivo,Medium,HD,Snapdragon 845,9593797.91606921,8671286.616239592,7690201.089084303,8546529.176983478
7090000.0,12.0,256,6.78,AMOLED,144.0,50,2,Vivo,Medium,HD,Snapdragon 8,10001674.027339641,8719025.920084123,8814153.412615655,8514044.54111523
8950000.0,16.0,1024,6.78,LTPO AMOLED,144.0,50,2,Vivo,High,HD,Dimensity 9400 plus,9861511.041009463,8857343.614908284,13129139.374820763,8622095.701029267
7750000.0,16.0,1024,6.78,LTPO AMOLED,144.0,50,2,Vivo,Medium,HD,Snapdragon 8 gen 3,18545581.169619024,8558611.59654951,13067163.823985457,8478074.60955868
9850000.0,16.0,1024,6.78,LTPO AMOLED,144.0,50,2,Vivo,High,HD,Dimensity 9400,11110126.182965297,8671286.616239592,12819715.382906001,8546529.176983478
8550000.0,16.0,1024,6.78,LTPO OLED,144.0,50,2,Vivo,High,HD,Snapdragon 8 e,15285371.239516811,8719025.920084123,15100098.72648674,8514044.54111523
12450000.0,16.0,1024,6.78,LTPO OLED,144.0,50,2,Vivo,High,FHD,Dimensity 9500,10642282.764554057,8719025.920084123,15100098.72648674,20170737.8872442
7550000.0,6.0,128,6.57,IPS LCD,144.0,48,3,Vivo,Medium,HD,Snapdragon 865,10192819.400630914,8719025.920084123,4234313.623719911,8514044.54111523
9450000.0,12.0,256,6.62,AMOLED,120.0,48,3,Vivo,High,HD,Snapdragon 888,11418353.132277412,8671286.616239592,8734039.109685032,8546529.176983478
7950000.0,12.0,256,6.67,IPS LCD,144.0,50,3,Vivo,Medium,HD,Snapdragon 870,8680631.900630914,8857343.614908284,4344292.7188585885,8622095.701029267
7450000.0,12.0,256,6,OLED,120.0,48,3,Vivo,Medium,HD,Snapdragon 870,9020329.703877073,8558611.59654951,9965924.590656452,8478074.60955868
6750000.0,12.0,256,6.57,IPS LCD,144.0,48,3,Vivo,Medium,HD,Snapdragon 870,8680631.900630914,8857343.614908284,4344292.7188585885,8622095.701029267
8450000.0,12.0,256,6.62,AMOLED,120.0,64,3,Vivo,High,HD,Snapdragon 8 gen 1,12390262.427934296,8857343.614908284,8684478.137766974,8622095.701029267
7450000.0,12.0,256,6.62,AMOLED,120.0,64,3,Vivo,Medium,HD,Snapdragon 870,8849361.961941589,8893864.883280758,8906548.335996285,8557935.866096748
9850000.0,12.0,256,6.78,AMOLED,120.0,50,3,Vivo,High,HD,Snapdragon 8 gen 1,13372080.320310604,8719025.920084123,8814153.412615655,8514044.54111523
6250000.0,8.0,256,6.38,Super AMOLED,60.0,12,3,Vivo,Medium,HD,Snapdragon 855,9764623.877699587,8313792.586750789,7642609.508787743,8558835.587253692
5950000.0,16.0,512,6.78,AMOLED,144.0,50,2,Vivo,Medium,HD,Snapdragon 8 gen 1,12390262.427934296,8857343.614908284,8684478.137766974,8622095.701029267
9950000.0,16.0,512,6.78,AMOLED,144.0,50,2,Vivo,High,HD,Dimensity 9200,10715563.734081082,8719025.920084123,8814153.412615655,8514044.54111523
7650000.0,16.0,1024,6.78,LTPO AMOLED,144.0,50,2,Vivo,Medium,HD,Dimensity 9300,10414082.2525996,8719025.920084123,13064211.0935857,8514044.54111523
7950000.0,16.0,1024,6.78,LTPO AMOLED,144.0,50,2,Vivo,Medium,HD,Snapdragon 8 gen 3,18545581.169619024,8558611.59654951,13067163.823985457,8478074.60955868
6450000.0,16.0,1024,6.78,LTPO AMOLED,144.0,50,2,Vivo,Medium,HD,Snapdragon 8 gen 2,15332635.452985777,8857343.614908284,13129139.374820763,8622095.701029267
9650000.0,16.0,1024,6.78,LTPO AMOLED,144.0,50,2,Vivo,High,HD,Dimensity 9300,9967925.867507886,8313792.586750789,12575940.45741325,8558835.587253692
10550000.0,12.0,256,6.41,Super AMOLED,60.0,48,3,Vivo,High,HD,Snapdragon 855,9538579.315006759,8719025.920084123,7485180.937359171,8514044.54111523
4050000.0,8.0,128,6.53,IPS LCD,60.0,48,3,Vivo,Medium,HD,Snapdragon 720g,9535464.582735876,8558611.59654951,4272590.376194736,8478074.60955868
3950000.0,12.0,512,6.72,IPS LCD,120.0,50,2,Vivo,Medium,HD,Snapdragon 7,8947561.112070294,8671286.616239592,4303207.424525562,8546529.176983478
5950000.0,12.0,512,6.78,AMOLED,144.0,50,2,Vivo,Medium,HD,Dimensity 8400,9861511.041009463,8857343.614908284,8684478.137766974,8622095.701029267
7150000.0,16.0,1024,6.78,AMOLED,144.0,50,2,Vivo,Medium,HD,Dimensity 8400,9861511.041009463,8857343.614908284,8684478.137766974,8622095.701029267
8450000.0,16.0,1024,6.78,AMOLED,144.0,50,2,Vivo,High,HD,Snapdragon 8,10001674.027339641,8719025.920084123,8814153.412615655,8514044.54111523
4950000.0,8.0,256,6.57,IPS LCD,120.0,48,3,Vivo,Medium,HD,Snapdragon 765g,8936675.867507886,8857343.614908284,4344292.7188585885,8622095.701029267
6750000.0,8.0,256,6.57,IPS LCD - Tần số 144Hz,144.0,48,3,Vivo,Medium,HD,Dimensity 1000,9699058.134294728,8857343.614908284,9861511.041009463,8622095.701029267
5550000.0,8.0,256,6.58,"IPS LCD, HDR10, 120Hz",120.0,64,3,Vivo,Medium,HD,Snapdragon 768g,9680010.515247108,8893864.883280758,9861511.041009463,8557935.866096748
6450000.0,12.0,256,6.67,IPS LCD,120.0,64,3,Vivo,Medium,HD,Snapdragon 778g,9566458.736135136,8558611.59654951,4272590.376194736,8478074.60955868
3250000.0,8.0,128,6.51,IPS LCD,60.0,13,2,Vivo,Medium,HD,Dimensity 6020,8977128.83280757,8558611.59654951,4272590.376194736,8478074.60955868
4250000.0,8.0,256,6.64,IPS LCD,120.0,50,2,Vivo,Medium,HD,Snapdragon 695,8219437.68627511,8671286.616239592,4303207.424525562,8546529.176983478
5150000.0,12.0,256,6.64,IPS LCD,120.0,64,2,Vivo,Medium,HD,Snapdragon 782g,9751373.673644967,8313792.586750789,4366588.32807571,8558835.587253692
7050000.0,8.0,256,6.78,AMOLED,120.0,64,2,Vivo,Medium,HD,Dimensity 7200,9662282.764554057,8857343.614908284,8684478.137766974,8622095.701029267
4850000.0,12.0,256,6.64,IPS LCD,120.0,50,2,Vivo,Medium,HD,Snapdragon 6 gen 1,8729694.400630914,8558611.59654951,4272590.376194736,8478074.60955868
6150000.0,12.0,512,6.64,IPS LCD,120.0,64,2,Vivo,Medium,HD,Dimensity 8200,9515208.83280757,8558611.59654951,4272590.376194736,8478074.60955868
5450000.0,12.0,256,6.77,AMOLED,120.0,50,2,Vivo,Medium,HD,Dimensity 7300,9144592.534174552,8719025.920084123,8814153.412615655,8514044.54111523
7450000.0,12.0,256,6.77,AMOLED,120.0,50,2,Vivo,Medium,HD,Snapdragon 7 gen 3,9212340.694006307,8719025.920084123,8814153.412615655,8514044.54111523
3350000.0,12.0,256,6.72,IPS LCD,120.0,50,2,Vivo,Medium,HD,Snapdragon 6 gen 1,8843786.854478074,8671286.616239592,4303207.424525562,8546529.176983478
4450000.0,12.0,512,6.78,AMOLED,144.0,50,2,Vivo,Medium,HD,Snapdragon 7 gen 3,9212340.694006307,8719025.920084123,8814153.412615655,8514044.54111523
3250000.0,6.0,128,6.56,IPS LCD,90.0,50,2,Vivo,Medium,HD,Dimensity 6300,7704124.1417702725,8558611.59654951,4272590.376194736,8478074.60955868
6050000.0,16.0,512,6.78,AMOLED,144.0,50,2,Vivo,Medium,HD,Snapdragon 8,9695007.360672975,8558611.59654951,8652998.667789413,8478074.60955868
6250000.0,16.0,512,6.78,AMOLED,144.0,50,2,Vivo,Medium,HD,Snapdragon 8,9972127.903642097,8857343.614908284,8684478.137766974,8622095.701029267
7550000.0,16.0,512,6.78,AMOLED,144.0,50,2,Vivo,Medium,HD,Dimensity 9300 plus,9961027.605640827,8671286.616239592,8734039.109685032,8546529.176983478
7050000.0,12.0,256,6.44,AMOLED,90.0,50,3,Vivo,Medium,HD,Exynos 1080,9861511.041009463,8719025.920084123,8814153.412615655,8514044.54111523
6950000.0,12.0,256,6.78,AMOLED,120.0,64,2,Vivo,Medium,HD,Dimensity 7200,9592015.747933317,8671286.616239592,8734039.109685032,8546529.176983478
9950000.0,12.0,512,6.78,AMOLED,120.0,50,2,Vivo,High,HD,Dimensity 8050,9589555.491826786,8558611.59654951,8652998.667789413,8478074.60955868
8250000.0,12.0,256,6.78,AMOLED,120.0,50,2,Vivo,High,HD,Snapdragon 778g,9566458.736135136,8558611.59654951,8652998.667789413,8478074.60955868
10250000.0,12.0,512,6.78,AMOLED,120.0,50,3,Vivo,High,HD,Dimensity 8200,9623208.83280757,8719025.920084123,8814153.412615655,8514044.54111523
7250000.0,12.0,512,6.67,AMOLED,120.0,50,2,Vivo,Medium,HD,Dimensity 7200,9592015.747933317,8671286.616239592,8734039.109685032,8546529.176983478
7950000.0,16.0,512,6.78,AMOLED,120.0,50,2,Vivo,Medium,HD,Snapdragon 7 gen 3,9502507.886435332,8857343.614908284,8684478.137766974,8622095.701029267
10150000.0,16.0,512,6.78,AMOLED,120.0,50,3,Vivo,High,HD,Dimensity 9200,10505008.493084202,8857343.614908284,8684478.137766974,8622095.701029267
8850000.0,12.0,256,6.78,AMOLED,120.0,50,2,Vivo,High,HD,Snapdragon 7 gen 3,9092910.349038363,8313792.586750789,8570011.200063622,8558835.587253692
11650000.0,16.0,512,6.78,AMOLED,120.0,50,3,Vivo,High,HD,Dimensity 9200,10509912.26059838,8671286.616239592,8734039.109685032,8546529.176983478
2500000.0,6.0,128,6.39,Super AMOLED,60.0,48,3,Vivo,Low,HD,Snapdragon 675,9556200.991437584,8857343.614908284,7795752.3659306,8622095.701029267
8150000.0,16.0,512,6.67,AMOLED,120.0,50,2,Vivo,High,HD,Snapdragon 7 gen 3,9213555.510328686,8558611.59654951,8652998.667789413,8478074.60955868
11450000.0,16.0,512,6.67,AMOLED,120.0,50,3,Vivo,High,HD,Dimensity 9300 plus,9946828.219099512,8558611.59654951,8652998.667789413,8478074.60955868
3500000.0,8.0,128,6.44,Super AMOLED,60.0,48,3,Vivo,Medium,HD,Snapdragon 712,9358191.855463149,8313792.586750789,7642609.508787743,8558835.587253692
8450000.0,12.0,256,6.44,"AMOLED, 90Hz, HDR10+",90.0,64,3,Vivo,High,HD,Dimensity 1100,9696677.181913774,8671286.616239592,9861511.041009463,8546529.176983478
7320000.0,8.0,256,6.62,AMOLED,120.0,64,3,Vivo,Medium,HD,Helio G99,7263755.520504731,8313792.586750789,8570011.200063622,8558835.587253692
7050000.0,8.0,256,6.78,AMOLED,120.0,64,2,Vivo,Medium,HD,Dimensity 7200,9662282.764554057,8857343.614908284,8684478.137766974,8622095.701029267
5990000.0,8.0,256,6.67,AMOLED,120.0,50,2,Vivo,Medium,HD,Dimensity 7200,9594792.209573446,8313792.586750789,8570011.200063622,8558835.587253692
7350000.0,8.0,256,6.77,AMOLED,120.0,50,2,Vivo,Medium,HD,Snapdragon 7 gen 3,9299447.125658508,8671286.616239592,8734039.109685032,8546529.176983478
9450000.0,12.0,128,6.78,AMOLED,120.0,50,2,Vivo,High,HD,Dimensity 9200 plus,9861511.041009463,8893864.883280758,8906548.335996285,8557935.866096748
7700000.0,6.0,128,6.41,Super AMOLED,60.0,12,2,Vivo,Medium,HD,Snapdragon 660,9632391.46762806,8893864.883280758,7721792.7785829995,8557935.866096748
5000000.0,8.0,256,6.44,"Super AMOLED, 60Hz",60.0,48,4,Vivo,Medium,HD,Snapdragon 712,9290010.03728133,8893864.883280758,9861511.041009463,8557935.866096748
6750000.0,12.0,256,6.62,AMOLED,120.0,64,3,Vivo,Medium,HD,Helio G99,7183176.117565591,8558611.59654951,8652998.667789413,8478074.60955868
9350000.0,12.0,256,6.78,AMOLED,120.0,50,3,Vivo,High,HD,Dimensity 7200,9448705.253051708,8893864.883280758,8906548.335996285,8557935.866096748
7880000.0,8.0,256,6.78,AMOLED,120.0,64,2,Vivo,Medium,HD,Snapdragon 695,8219437.68627511,8671286.616239592,8734039.109685032,8546529.176983478
8450000.0,12.0,256,6.67,AMOLED,120.0,64,2,Vivo,High,HD,Snapdragon 695,8378863.452005407,8893864.883280758,8906548.335996285,8557935.866096748
12550000.0,8.0,512,6.78,AMOLED,120.0,50,3,Vivo,High,HD,Snapdragon 778g,9317785.956303306,8893864.883280758,8906548.335996285,8557935.866096748
9350000.0,8.0,128,6.78,AMOLED,120.0,64,3,Vivo,High,HD,Snapdragon 695,8172506.1338941455,8558611.59654951,8652998.667789413,8478074.60955868
11750000.0,12.0,256,6.78,AMOLED,120.0,50,3,Vivo,High,HD,Dimensity 8200,9515208.83280757,8558611.59654951,8652998.667789413,8478074.60955868
8550000.0,8.0,256,6.78,AMOLED,120.0,50,2,Vivo,High,HD,Snapdragon 6 gen 1,8740340.694006309,8893864.883280758,8906548.335996285,8557935.866096748
10950000.0,12.0,512,6.78,AMOLED,120.0,50,2,Vivo,High,HD,Snapdragon 7 gen 3,9299447.125658508,8671286.616239592,8734039.109685032,8546529.176983478
8550000.0,8.0,256,6.77,AMOLED,120.0,50,2,Vivo,High,HD,Dimensity 7300,9057599.069576811,8671286.616239592,8734039.109685032,8546529.176983478
10490000.0,12.0,512,6.78,AMOLED,120.0,50,2,Vivo,High,HD,Snapdragon 7 gen 3,9092910.349038363,8313792.586750789,8570011.200063622,8558835.587253692
6990000.0,12.0,512,6.67,AMOLED,120.0,50,2,Vivo,Medium,HD,Snapdragon 4 gen 2,8605008.493084203,8558611.59654951,8652998.667789413,8478074.60955868
5950000.0,8.0,256,6.67,AMOLED E4,120.0,50,2,Vivo,Medium,HD,Snapdragon 685,8764808.83280757,8857343.614908284,9679541.600946372,8622095.701029267
14990000.0,12.0,512,6.78,AMOLED,120.0,50,3,Vivo,High,HD,Dimensity 9200,10509912.26059838,8671286.616239592,8734039.109685032,8546529.176983478
12250000.0,16.0,1024,6.78,LTPO AMOLED,120.0,64,3,Vivo,High,HD,Dimensity 9300,10179208.83280757,8857343.614908284,13129139.374820763,8622095.701029267
17650000.0,16.0,1024,6.78,LTPO AMOLED,120.0,50,3,Vivo,Premium,HD,Dimensity 9300,9967925.867507886,8313792.586750789,12575940.45741325,8558835.587253692
13550000.0,16.0,1024,6.78,LTPO AMOLED,120.0,64,3,Vivo,High,HD,Dimensity 9300,9967925.867507886,8313792.586750789,12575940.45741325,8558835.587253692
10150000.0,16.0,1024,6.78,LTPO AMOLED,120.0,50,3,Vivo,High,HD,Dimensity 9300,10179208.83280757,8857343.614908284,13129139.374820763,8622095.701029267
22950000.0,16.0,1024,6.78,LTPO AMOLED,120.0,200,3,Vivo,Premium,FHD,Snapdragon 8 gen 3,17516985.298494138,8313792.586750789,12575940.45741325,19383021.600070104
12250000.0,16.0,1024,6.67,LTPO AMOLED,120.0,50,3,Vivo,High,HD,Dimensity 9400 plus,9861511.041009463,8857343.614908284,13129139.374820763,8622095.701029267
12950000.0,16.0,1024,6.67,AMOLED,120.0,50,3,Vivo,High,HD,Dimensity 9400,10942618.296529967,8313792.586750789,8570011.200063622,8558835.587253692
17250000.0,16.0,1024,6.78,LTPO AMOLED,120.0,200,3,Vivo,Premium,HD,Dimensity 9400,10942618.296529967,8313792.586750789,12575940.45741325,8558835.587253692
15250000.0,16.0,1024,6.31,LTPO AMOLED,120.0,50,3,Vivo,Premium,HD,Dimensity 9400,11445008.493084202,8857343.614908284,13129139.374820763,8622095.701029267
14950000.0,16.0,1024,6.31,AMOLED,120.0,50,3,Vivo,High,HD,Dimensity 9500,10752540.005735587,8671286.616239592,8734039.109685032,8546529.176983478
17950000.0,16.0,1024,6.78,LTPO AMOLED,120.0,200,3,Vivo,Premium,HD,Dimensity 9500,10642282.764554057,8719025.920084123,13064211.0935857,8514044.54111523
15950000.0,16.0,1024,6.31,LTPO AMOLED,120.0,50,3,Vivo,Premium,HD,Dimensity 9500,10642282.764554057,8719025.920084123,13064211.0935857,8514044.54111523
22950000.0,16.0,1024,6.78,LTPO AMOLED,120.0,200,3,Vivo,Premium,FHD,Snapdragon 8 e,15484716.1509921,8671286.616239592,12819715.382906001,19645905.391267832
13150000.0,12.0,512,6.78,AMOLED,120.0,50,3,Vivo,High,HD,Dimensity 9000,9619208.83280757,8558611.59654951,8652998.667789413,8478074.60955868
19450000.0,12.0,512,6.78,AMOLED,120.0,50,4,Vivo,Premium,FHD,Snapdragon 8 gen 1,12794682.288348677,8671286.616239592,8734039.109685032,19645905.391267832
13050000.0,12.0,512,6.78,AMOLED,120.0,50,3,Vivo,High,HD,Dimensity 9200,10509912.26059838,8671286.616239592,8734039.109685032,8546529.176983478
12950000.0,12.0,512,6.78,AMOLED,120.0,50,3,Vivo,High,HD,Dimensity 9200,10541162.339238048,8313792.586750789,8570011.200063622,8558835.587253692
17450000.0,12.0,512,6.78,AMOLED,120.0,50,3,Vivo,Premium,HD,Dimensity 9200,10233470.031545741,8558611.59654951,8652998.667789413,8478074.60955868
22750000.0,12.0,512,6.78,LTPO4 AMOLED,120.0,64,4,Vivo,Premium,FHD,Snapdragon 8 gen 2,15115596.963054055,8313792.586750789,10509592.534174554,19383021.600070104
19750000.0,12.0,512,6.74,Foldable LTPO AMOLED | Màn phụ: AMOLED,120.0,50,2,Vivo,Premium,HD,Snapdragon 8 gen 1,12322503.561615955,8558611.59654951,9861511.041009463,8478074.60955868
29950000.0,12.0,512,8.03,Màn trong: Foldable LTPO4 AMOLED | Màn ngoài: AMOLED,120.0,50,3,Vivo,Premium,FHD,Snapdragon 8 gen 2,14404468.22893195,8558611.59654951,9861511.041009463,19578299.37784788
24550000.0,16.0,1024,8.03,Foldable LTPO AMOLED (màn chính) | AMOLED (màn phụ),120.0,50,3,Vivo,Premium,2K,Snapdragon 8 gen 2,14925593.505980069,8671286.616239592,9861511.041009463,22851610.317769624
34350000.0,16.0,1024,8.03,Foldable LTPO AMOLED E7,120.0,64,3,Vivo,Premium,2K,Snapdragon 8 gen 3,17652284.575792793,8857343.614908284,9861511.041009463,23385232.291367937
2950000.0,4.0,128,6.56,IPS LCD,90.0,13,2,Vivo,Low,HD,Helio G85,6883690.021583928,8857343.614908284,4344292.7188585885,8622095.701029267
5350000.0,12.0,512,6.64,IPS LCD,240.0,50,2,Vivo,Medium,HD,Dimensity 6020,8977128.83280757,8558611.59654951,4272590.376194736,8478074.60955868
4690000.0,12.0,512,6.78,AMOLED,120.0,64,2,Vivo,Medium,HD,Snapdragon 695,8165646.68769716,8719025.920084123,8814153.412615655,8514044.54111523
6950000.0,8.0,256,6.67,AMOLED E4,120.0,50,2,Vivo,Medium,HD,Snapdragon 685,8806408.83280757,8893864.883280758,9617041.600946372,8557935.866096748
3450000.0,6.0,64,6.51,IPS LCD,60.0,13,3,Vivo,Medium,HD,Snapdragon 460,9861511.041009463,8313792.586750789,4366588.32807571,8558835.587253692
4350000.0,12.0,512,6.72,IPS LCD,120.0,50,2,Vivo,Medium,HD,Snapdragon 6 gen 1,9046793.600721044,8313792.586750789,4366588.32807571,8558835.587253692
6450000.0,8.0,128,6.67,AMOLED,120.0,64,2,Vivo,Medium,HD,Snapdragon 4 gen 1,9333191.855463149,8719025.920084123,8814153.412615655,8514044.54111523
5650000.0,12.0,512,6.78,AMOLED,144.0,50,2,Vivo,Medium,HD,Snapdragon 7 gen 3,9502507.886435332,8857343.614908284,8684478.137766974,8622095.701029267
4600000.0,6.0,128,6.51,IPS LCD,60.0,50,3,Vivo,Medium,HD,Helio G80,8944592.534174552,8719025.920084123,4234313.623719911,8514044.54111523
3650000.0,4.0,128,6.51,IPS LCD,60.0,13,2,Vivo,Medium,HD,Helio p35,8678897.067414418,8857343.614908284,4344292.7188585885,8622095.701029267
3750000.0,8.0,256,6.64,IPS LCD,90.0,50,2,Vivo,Medium,HD,Snapdragon 680,7895461.236975432,8313792.586750789,4366588.32807571,8558835.587253692
5250000.0,8.0,256,6.56,IPS LCD,90.0,50,2,Vivo,Medium,HD,Dimensity 6300,7848071.639360944,8857343.614908284,4344292.7188585885,8622095.701029267
5750000.0,8.0,256,6.68,IPS LCD,90.0,50,2,Vivo,Medium,HD,Helio G85,6810816.778924034,8893864.883280758,4288959.5418210775,8557935.866096748
4250000.0,12.0,512,6.72,IPS LCD,120.0,50,2,Vivo,Medium,HD,Dimensity 7300,9144592.534174552,8719025.920084123,4234313.623719911,8514044.54111523
4950000.0,12.0,512,6.77,AMOLED,120.0,50,2,Vivo,Medium,HD,Dimensity 6300,7915850.122689975,8671286.616239592,8734039.109685032,8546529.176983478
6250000.0,12.0,512,6.77,AMOLED,120.0,50,2,Vivo,Medium,HD,Snapdragon 6 gen 1,8683878.090973847,8857343.614908284,8684478.137766974,8622095.701029267
5950000.0,12.0,512,6.77,AMOLED,120.0,50,2,Vivo,Medium,HD,Snapdragon 7,8823674.027339643,8558611.59654951,8652998.667789413,8478074.60955868
5450000.0,8.0,256,6.64,IPS LCD,60.0,50,1,Vivo,Medium,HD,Dimensity 6020,8679931.57000728,8857343.614908284,4344292.7188585885,8622095.701029267
5660000.0,12.0,256,6.64,IPS LCD,60.0,50,1,Vivo,Medium,HD,Dimensity 6020,8541415.585932937,8893864.883280758,4288959.5418210775,8557935.866096748
6250000.0,8.0,256,6.68,IPS LCD,120.0,50,2,Vivo,Medium,HD,Snapdragon 4 gen 2,8223936.457863903,8719025.920084123,4234313.623719911,8514044.54111523
4950000.0,12.0,256,6.64,IPS LCD,120.0,50,2,Vivo,Medium,HD,Dimensity 7020,9496828.219099512,8313792.586750789,4366588.32807571,8558835.587253692
6688000.0,12.0,256,6.64,IPS LCD,60.0,50,2,Vivo,Medium,HD,Dimensity 6020,8503341.511858862,8313792.586750789,4366588.32807571,8558835.587253692
7150000.0,12.0,256,6.64,IPS LCD,120.0,50,2,Vivo,Medium,HD,Dimensity 7020,9160009.600877794,8893864.883280758,4288959.5418210775,8557935.866096748
3750000.0,12.0,256,6.64,IPS LCD,120.0,50,2,Vivo,Medium,HD,Snapdragon 6 gen 1,9046793.600721044,8313792.586750789,4366588.32807571,8558835.587253692
6688000.0,12.0,256,6.64,IPS LCD,60.0,50,2,Vivo,Medium,HD,Dimensity 6020,8741205.568048028,8671286.616239592,4303207.424525562,8546529.176983478
4550000.0,12.0,256,6.64,IPS LCD,120.0,50,2,Vivo,Medium,HD,Dimensity 7020,9273053.079138665,8558611.59654951,4272590.376194736,8478074.60955868
5450000.0,12.0,256,6.78,AMOLED,120.0,50,2,Vivo,Medium,HD,Snapdragon 695,8172506.1338941455,8558611.59654951,8652998.667789413,8478074.60955868
1590000.0,8.0,16,6.0,IPS LCD,60.0,8,1,Vsmart,Low,HD,MediaTek 9,9861511.041009463,7149694.400630915,4303207.424525562,8546529.176983478
2350000.0,4.0,64,6.39,AMOLED,60.0,48,3,Vsmart,Low,HD,Helio p60,9861511.041009463,7149694.400630915,8734039.109685032,8546529.176983478
3450000.0,6.0,64,6.39,AMOLED,60.0,64,4,Vsmart,Medium,HD,Snapdragon 730,9608581.943818536,7103444.400630915,8684478.137766974,8622095.701029267
4550000.0,8.0,128,6.39,AMOLED,60.0,64,4,Vsmart,Medium,HD,Snapdragon 730,9428646.400917694,7084694.400630915,8570011.200063622,8558835.587253692
2050000.0,2.0,32,6.5,IPS LCD,60.0,13,3,Vsmart,Low,HD,Snapdragon 632,9489534.324770916,7149694.400630915,4303207.424525562,8546529.176983478
1750000.0,4.0,64,6.53,LTPS IPS LCD,60.0,16,4,Vsmart,Low,HD,Snapdragon 665,9269555.491826786,7084694.400630915,9404541.600946372,8558835.587253692
3450000.0,4.0,64,6.2,AMOLED,60.0,48,3,Vsmart,Medium,HD,Snapdragon 675,8955661.774790838,7122194.400630915,8906548.335996285,8557935.866096748
2550000.0,4.0,64,6.5,LTPS IPS LCD,60.0,48,4,Vsmart,Low,HD,Snapdragon 675,9556200.991437584,7103444.400630915,9354541.600946372,8622095.701029267
1590000.0,2.0,16,6.09,IPS LCD,60.0,8,2,Vsmart,Low,HD,Snapdragon 215,9861511.041009463,7288444.400630915,4272590.376194736,8478074.60955868
2250000.0,3.0,32,6.09,IPS LCD,60.0,8,2,Vsmart,Low,HD,Helio p35,9461259.20084122,7122194.400630915,4288959.5418210775,8557935.866096748
1450000.0,4.0,64,6.52,"6.52"", IPS LCD, HD+ (720 x 1600 Pixels)",60.0,13,3,Vsmart,Low,HD,Helio G35,8687092.534174552,7288444.400630915,9861511.041009463,8478074.60955868
24490000.0,12.0,256,6.73,AMOLED,60.0,50,3,Xiaomi,Premium,FHD,Snapdragon 8 gen 2,14883512.645968232,7546152.30567469,8906548.335996285,19532316.98830952
16490000.0,8.0,256,6.36,AMOLED,120.0,50,3,Xiaomi,Premium,HD,Snapdragon 8,9695007.360672975,7324119.743057486,8652998.667789413,8478074.60955868
10590000.0,12.0,256,6.67,AMOLED,144.0,50,3,Xiaomi,High,HD,Dimensity 8200ultra,9861511.041009463,7782985.257194361,8570011.200063622,8558835.587253692
18990000.0,12.0,256,6.36,LTPO OLED,120.0,50,3,Xiaomi,Premium,HD,Snapdragon 8 gen 3,17523298.831291277,7676774.994967286,14273890.724884417,8546529.176983478
24090000.0,16.0,512,6.73,AMOLED,120.0,50,4,Xiaomi,Premium,FHD,Snapdragon 8 gen 3,17652284.575792793,7896395.317947867,8684478.137766974,19818323.483608194
14490000.0,12.0,512,6.67,AMOLED,144.0,50,3,Xiaomi,High,HD,Dimensity 9300,10102926.527631732,7676774.994967286,8734039.109685032,8546529.176983478
10990000.0,12.0,512,6.67,AMOLED,144.0,50,3,Xiaomi,High,HD,Dimensity 8300ultra,9861511.041009463,7546152.30567469,8906548.335996285,8557935.866096748
11990000.0,12.0,256,6.67,AMOLED,120.0,108,3,Xiaomi,High,HD,Snapdragon 888,11290005.662056135,7546152.30567469,8906548.335996285,8557935.866096748
10990000.0,8.0,128,6.67,AMOLED,60.0,108,3,Xiaomi,High,HD,Dimensity 1200ultra,9861511.041009463,7676774.994967286,8734039.109685032,8546529.176983478
5490000.0,8.0,128,6.67,AMOLED,120.0,108,3,Xiaomi,Medium,HD,Dimensity 8100 ultra,9861511.041009463,7324119.743057486,8652998.667789413,8478074.60955868
2990000.0,6.0,128,6.58,IPS LCD,60.0,50,3,Xiaomi,Low,HD,Helio G99,7183176.117565591,7324119.743057486,4272590.376194736,8478074.60955868
3650000.0,4.0,128,6.5,IPS LCD,90.0,50,4,Xiaomi,Medium,HD,Helio G88,9176324.048328575,7676774.994967286,4303207.424525562,8546529.176983478
2190000.0,4.0,64,6.71,IPS LCD,60.0,50,2,Xiaomi,Low,HD,Helio G85,6773027.713854554,7676774.994967286,4303207.424525562,8546529.176983478
2990000.0,6.0,128,6.74,IPS LCD,90.0,50,2,Xiaomi,Low,HD,Helio G85,6571712.702931445,7872772.592798418,4234313.623719911,8514044.54111523
2190000.0,3.0,32,6.52,IPS LCD,60.0,8,1,Xiaomi,Low,HD,Helio G36,8129623.8776995875,7896395.317947867,4344292.7188585885,8622095.701029267
5490000.0,6.0,128,6.47,AMOLED,60.0,108,5,Xiaomi,Medium,HD,Snapdragon 730g,9326259.20084122,7546152.30567469,8906548.335996285,8557935.866096748
4090000.0,4.0,128,6.43,AMOLED,90.0,50,4,Xiaomi,Medium,HD,Snapdragon 680,8157749.058715783,7872772.592798418,8814153.412615655,8514044.54111523
5590000.0,8.0,128,6.67,AMOLED,120.0,108,3,Xiaomi,Medium,HD,Snapdragon 695,8378863.452005407,7546152.30567469,8906548.335996285,8557935.866096748
3890000.0,4.0,64,6.43,AMOLED,90.0,50,4,Xiaomi,Medium,HD,Snapdragon 680,7928276.637703936,7676774.994967286,8734039.109685032,8546529.176983478
4990000.0,8.0,128,6.43,AMOLED,90.0,108,4,Xiaomi,Medium,HD,Helio G96,9408949.431220723,7676774.994967286,8734039.109685032,8546529.176983478
4290000.0,8.0,128,6.67,AMOLED,120.0,50,3,Xiaomi,Medium,HD,Snapdragon 685,8764808.83280757,7896395.317947867,8684478.137766974,8622095.701029267
3790000.0,4.0,128,6.67,AMOLED,120.0,50,3,Xiaomi,Medium,HD,Snapdragon 685,8760393.108468818,7872772.592798418,8814153.412615655,8514044.54111523
5990000.0,8.0,128,6.67,AMOLED,120.0,200,3,Xiaomi,Medium,HD,Helio G99ULTRA,9459555.491826786,7546152.30567469,8906548.335996285,8557935.866096748
8290000.0,8.0,256,6.67,AMOLED,120.0,200,3,Xiaomi,High,HD,Dimensity 7200 ultra,9861511.041009463,7546152.30567469,8906548.335996285,8557935.866096748
3990000.0,6.0,128,6.67,AMOLED,120.0,108,3,Xiaomi,Medium,HD,Snapdragon 685,8779304.901722882,7676774.994967286,8734039.109685032,8546529.176983478
8150000.0,8.0,256,6.67,AMOLED,120.0,108,3,Xiaomi,High,HD,Dimensity 1200,9268705.253051708,7324119.743057486,8652998.667789413,8478074.60955868
10700000.0,12.0,256,6.67,AMOLED,120.0,108,3,Xiaomi,High,HD,Snapdragon 888,11506006.309148263,7896395.317947867,8684478.137766974,8622095.701029267
6850000.0,8.0,256,6.55,AMOLED,90.0,64,3,Xiaomi,Medium,HD,Snapdragon 778g,9446085.122566989,7676774.994967286,8734039.109685032,8546529.176983478
10950000.0,12.0,512,6,AMOLED,120.0,50,3,Xiaomi,High,HD,Snapdragon 8 gen 1,12390262.427934296,7896395.317947867,8684478.137766974,8622095.701029267
10950000.0,12.0,512,6.73,LTPO AMOLED,120.0,50,3,Xiaomi,High,FHD,Snapdragon 8 gen 1,13072245.186554987,7546152.30567469,12339695.887984946,19532316.98830952
14950000.0,12.0,512,6.73,LTPO2 AMOLED,120.0,50,3,Xiaomi,High,FHD,Snapdragon 8 gen 1,13072245.186554987,7546152.30567469,9861511.041009463,19532316.98830952
9450000.0,8.0,256,6.67,AMOLED,120.0,108,3,Xiaomi,High,HD,Dimensity 8100ultra,9861511.041009463,7676774.994967286,8734039.109685032,8546529.176983478
12850000.0,12.0,256,6.67,AMOLED,120.0,200,3,Xiaomi,High,HD,Snapdragon 8 gen 1,13038118.374101464,7782985.257194361,8570011.200063622,8558835.587253692
10950000.0,12.0,256,6.28,OLED,120.0,50,3,Xiaomi,High,HD,Snapdragon 870,8873944.931982385,7676774.994967286,10622259.972943468,8546529.176983478
14650000.0,12.0,256,6.28,AMOLED,120.0,50,3,Xiaomi,High,HD,Snapdragon 8 gen 1,13072245.186554987,7546152.30567469,8906548.335996285,8557935.866096748
8950000.0,12.0,256,6.28,AMOLED,120.0,50,3,Xiaomi,High,HD,Snapdragon 8 gen 1,13372080.320310604,7872772.592798418,8814153.412615655,8514044.54111523
6050000.0,8.0,256,6.55,AMOLED,120.0,108,3,Xiaomi,Medium,HD,Snapdragon 778g,9608674.027339641,7782985.257194361,8570011.200063622,8558835.587253692
19950000.0,12.0,256,6.73,LTPO AMOLED,120.0,50,3,Xiaomi,Premium,FHD,Snapdragon 8 gen 1,12794682.288348677,7676774.994967286,12819715.382906001,19645905.391267832
9750000.0,12.0,256,6.73,LTPO 2.0 AMOLED,120.0,50,3,Xiaomi,High,FHD,Dimensity 9000,9816546.954622664,7546152.30567469,9861511.041009463,19532316.98830952
9750000.0,12.0,256,6.73,LTPO AMOLED,120.0,50,3,Xiaomi,High,FHD,Snapdragon 8 gen 1,13038118.374101464,7782985.257194361,12575940.45741325,19383021.600070104
9450000.0,12.0,256,6.67,AMOLED,144.0,50,3,Xiaomi,High,HD,Dimensity 8200 ultra,9580010.515247108,7782985.257194361,8570011.200063622,8558835.587253692
15990000.0,16.0,1024,6.67,AMOLED,144.0,50,3,Xiaomi,Premium,HD,Dimensity 9200,10505008.493084202,7896395.317947867,8684478.137766974,8622095.701029267
8250000.0,12.0,128,6.36,AMOLED,120.0,50,3,Xiaomi,High,HD,Snapdragon 8 gen 2,15332635.452985777,7896395.317947867,8684478.137766974,8622095.701029267
8750000.0,8.0,256,6.55,AMOLED,120.0,50,3,Xiaomi,High,HD,Snapdragon 7 gen 1,9614008.83280757,7546152.30567469,8906548.335996285,8557935.866096748
10250000.0,12.0,128,6.73,LTPO AMOLED,120.0,50,3,Xiaomi,High,FHD,Snapdragon 8 gen 2,14883512.645968232,7546152.30567469,12339695.887984946,19532316.98830952
19450000.0,16.0,1024,6.73,LTPO OLED,120.0,50,4,Xiaomi,Premium,FHD,Snapdragon 8 gen 2,15115596.963054055,7782985.257194361,13894738.057683643,19383021.600070104
10150000.0,16.0,512,6.67,AMOLED,144.0,50,3,Xiaomi,High,HD,Dimensity 8300 ultra,9585010.03728133,7324119.743057486,8652998.667789413,8478074.60955868
13650000.0,16.0,1024,6.67,AMOLED,144.0,50,3,Xiaomi,High,HD,Dimensity 9300 plus,9851313.948703881,7872772.592798418,8814153.412615655,8514044.54111523
12250000.0,16.0,1024,6.36,LTPO OLED,120.0,50,3,Xiaomi,High,HD,Snapdragon 8 gen 3,16414514.1337292,7546152.30567469,13519738.057683643,8557935.866096748
14750000.0,12.0,512,6.36,LTPO AMOLED,120.0,50,3,Xiaomi,High,HD,Snapdragon 8 gen 3,17523298.831291277,7676774.994967286,12819715.382906001,8546529.176983478
13550000.0,12.0,512,6.55,LTPO AMOLED,120.0,50,3,Xiaomi,High,HD,Snapdragon 8,9732194.400630914,7782985.257194361,12575940.45741325,8558835.587253692
16250000.0,16.0,1024,6.73,LTPO AMOLED,120.0,50,3,Xiaomi,Premium,FHD,Snapdragon 8 gen 3,17523298.831291277,7676774.994967286,12819715.382906001,19645905.391267832
19950000.0,16.0,1024,6.73,LTPO AMOLED,120.0,50,4,Xiaomi,Premium,FHD,Snapdragon 8 gen 3,16414514.1337292,7546152.30567469,12339695.887984946,19532316.98830952
19950000.0,16.0,1024,6.73,LTPO AMOLED,120.0,50,3,Xiaomi,Premium,FHD,Snapdragon 8 e,15879366.400429558,7324119.743057486,13067163.823985457,19578299.37784788
15250000.0,16.0,1024,6.36,LTPO OLED,120.0,50,3,Xiaomi,Premium,HD,Snapdragon 8 e,15285371.239516811,7872772.592798418,15100098.72648674,8514044.54111523
18950000.0,16.0,1024,6.73,LTPO AMOLED,120.0,50,3,Xiaomi,Premium,FHD,Snapdragon 8 e,15285371.239516811,7872772.592798418,13064211.0935857,20170737.8872442
16250000.0,16.0,1024,6.73,LTPO AMOLED,120.0,200,4,Xiaomi,Premium,FHD,Snapdragon 8 e,15742087.933753943,7782985.257194361,12575940.45741325,19383021.600070104
3450000.0,6.0,128,6.39,AMOLED,60.0,48,2,Xiaomi,Medium,HD,Snapdragon 855,9582921.57397457,7676774.994967286,8734039.109685032,8546529.176983478
3650000.0,12.0,256,6.39,AMOLED,60.0,48,2,Xiaomi,Medium,HD,Snapdragon 855,9785007.88643533,7546152.30567469,8906548.335996285,8557935.866096748
4750000.0,12.0,256,6.67,AMOLED,120.0,64,3,Xiaomi,Medium,HD,Snapdragon 865,10153434.880576836,7896395.317947867,8684478.137766974,8622095.701029267
4550000.0,12.0,256,6.67,AMOLED,90.0,64,3,Xiaomi,Medium,HD,Snapdragon 865,10192819.400630914,7872772.592798418,8814153.412615655,8514044.54111523
4590000.0,12.0,512,7.1,AMOLED,90.0,64,3,Xiaomi,Medium,FHD,Snapdragon 865,10226492.454599708,7546152.30567469,8906548.335996285,19532316.98830952
5500000.0,12.0,256,6.67,"Super AMOLED, 144Hz, HDR10+, 1300 nits",144.0,48,3,Xiaomi,Medium,HD,Snapdragon 870,8929703.661217855,7782985.257194361,10254274.447949527,8558835.587253692
16950000.0,16.0,512,6.67,"Super AMOLED, 144Hz, HDR10+, 1300 nits",144.0,64,3,Xiaomi,Premium,HD,Snapdragon 888,11453576.686194982,7324119.743057486,9580745.036184821,8478074.60955868
9450000.0,12.0,256,6.67,"Super AMOLED, 144Hz, HDR10+, 1300 nits",144.0,48,3,Xiaomi,High,HD,Snapdragon 870,8849361.961941589,7546152.30567469,10021921.506773056,8557935.866096748
8550000.0,12.0,256,6.67,AMOLED,144.0,64,3,Xiaomi,High,HD,Snapdragon 870,8849361.961941589,7546152.30567469,8906548.335996285,8557935.866096748
12950000.0,12.0,256,6.67,AMOLED,144.0,64,3,Xiaomi,High,HD,Snapdragon 870,8680631.900630914,7896395.317947867,8684478.137766974,8622095.701029267
15450000.0,16.0,512,6.67,OLED,144.0,108,3,Xiaomi,Premium,HD,Snapdragon 8 gen1,10272092.534174552,7896395.317947867,10626020.563149901,8622095.701029267
7950000.0,12.0,256,6.67,AMOLED,144.0,64,3,Xiaomi,Medium,HD,Snapdragon 888,11290005.662056135,7546152.30567469,8906548.335996285,8557935.866096748
13450000.0,16.0,512,6.67,OLED,144.0,50,3,Xiaomi,High,FHD,Snapdragon 8 gen 2,15332635.452985777,7896395.317947867,10626020.563149901,19818323.483608194
9050000.0,8.0,128,6.02,AMOLED,60.0,20,2,Xiaomi,High,HD,Snapdragon 845,9496828.219099512,7324119.743057486,8652998.667789413,8478074.60955868
9950000.0,8.0,256,6.55,AMOLED,120.0,64,3,Xiaomi,High,HD,Snapdragon 778g,9446085.122566989,7676774.994967286,8734039.109685032,8546529.176983478
8450000.0,12.0,256,6.55,OLED,120.0,64,3,Xiaomi,High,HD,Snapdragon 778g,9446085.122566989,7676774.994967286,10622259.972943468,8546529.176983478
10950000.0,12.0,256,6.55,OLED,120.0,50,3,Xiaomi,High,HD,Snapdragon 8 gen 1,13038118.374101464,7782985.257194361,10779507.739710953,8558835.587253692
7250000.0,12.0,256,6.55,AMOLED,120.0,50,3,Xiaomi,Medium,HD,Snapdragon 7 gen 1,9492316.185391895,7896395.317947867,8684478.137766974,8622095.701029267
8250000.0,12.0,1024,6.55,AMOLED,120.0,50,3,Xiaomi,High,HD,Dimensity 8200 ultra,9580010.515247108,7782985.257194361,8570011.200063622,8558835.587253692
10450000.0,16.0,512,6.55,AMOLED,120.0,50,3,Xiaomi,High,HD,Snapdragon 8,9907749.058715781,7546152.30567469,8906548.335996285,8557935.866096748
10350000.0,12.0,1024,6.55,AMOLED,120.0,50,3,Xiaomi,High,HD,Snapdragon 8,9732194.400630914,7782985.257194361,8570011.200063622,8558835.587253692
16450000.0,12.0,256,6.67,AMOLED,120.0,108,3,Xiaomi,Premium,HD,Snapdragon 888,11418353.132277412,7676774.994967286,8734039.109685032,8546529.176983478
23450000.0,16.0,1024,6.86,Foldable LTPO AMOLED | Màn hình phụ: AMOLED,120.0,50,2,Xiaomi,Premium,HD,Snapdragon 8 e,15484716.1509921,7676774.994967286,9861511.041009463,8546529.176983478
21150000.0,16.0,1024,6.86,Foldable LTPO AMOLED | Màn hình phụ: AMOLED,120.0,50,2,Xiaomi,Premium,HD,Snapdragon 8 gen 3,17523298.831291277,7676774.994967286,9861511.041009463,8546529.176983478
31450000.0,12.0,1024,8.02,Foldable LTPO2 OLED | AMOLED,120.0,50,3,Xiaomi,Premium,FHD,Snapdragon 8 gen 1,12322503.561615955,7324119.743057486,9861511.041009463,19578299.37784788
30950000.0,16.0,1024,8.03,Foldable LTPO OLED+ (chính) | AMOLED (phụ),120.0,50,4,Xiaomi,Premium,FHD,Snapdragon 8 gen 2,14404468.22893195,7324119.743057486,9861511.041009463,19578299.37784788
31250000.0,16.0,1024,7.98,Foldable LTPO AMOLED (chính) | LTPO AMOLED (phụ),120.0,50,4,Xiaomi,Premium,2K,Snapdragon 8 gen 3,18545581.169619024,7324119.743057486,9861511.041009463,21657959.56409521
11750000.0,12.0,256,6.7,Super AMOLED,90.0,108,4,Xiaomi,High,HD,Snapdragon 865,10192819.400630914,7872772.592798418,7485180.937359171,8514044.54111523
5950000.0,8.0,128,6.57,AMOLED,60.0,48,4,Xiaomi,Medium,HD,Snapdragon 765g,8936675.867507886,7896395.317947867,8684478.137766974,8622095.701029267
16100000.0,12.0,512,6.5,OLED,90.0,108,4,Xiaomi,Premium,HD,Snapdragon 865,9784863.452005407,7324119.743057486,9965924.590656452,8478074.60955868
18350000.0,16.0,512,6.67,OLED,120.0,48,4,Xiaomi,Premium,HD,Snapdragon 865,9784863.452005407,7324119.743057486,9965924.590656452,8478074.60955868
10850000.0,12.0,256,6.81,AMOLED,120.0,108,3,Xiaomi,High,FHD,Snapdragon 888,11506006.309148263,7896395.317947867,8684478.137766974,19818323.483608194
6850000.0,8.0,256,6.55,"AMOLED, 1B colors, HDR10+, 90Hz, 800 nits",90.0,64,3,Xiaomi,Medium,HD,Snapdragon 780g,9770486.705723299,7324119.743057486,9861511.041009463,8478074.60955868
7950000.0,8.0,256,6.55,AMOLED,90.0,64,3,Xiaomi,Medium,HD,Snapdragon 780g,9718105.753342345,7872772.592798418,8814153.412615655,8514044.54111523
5550000.0,6.0,64,6.21,AMOLED,60.0,12,2,Xiaomi,Medium,HD,Snapdragon 845,9655919.12819042,7872772.592798418,8814153.412615655,8514044.54111523
3050000.0,4.0,64,6.26,IPS LCD,60.0,12,2,Xiaomi,Medium,HD,Snapdragon 660,9695486.705723297,7676774.994967286,4303207.424525562,8546529.176983478
6150000.0,6.0,128,6.21,Super AMOLED,60.0,12,2,Xiaomi,Medium,HD,Snapdragon 845,9628646.400917694,7782985.257194361,7642609.508787743,8558835.587253692
4250000.0,4.0,64,5.88,AMOLED,60.0,12,2,Xiaomi,Medium,HD,Snapdragon 710,9047092.534174552,7896395.317947867,8684478.137766974,8622095.701029267
6750000.0,6.0,64,6.39,AMOLED,60.0,48,3,Xiaomi,Medium,HD,Snapdragon 730,9608581.943818536,7896395.317947867,8684478.137766974,8622095.701029267
7550000.0,6.0,64,6.39,Super AMOLED,60.0,48,3,Xiaomi,Medium,HD,Snapdragon 855,9407208.83280757,7324119.743057486,7792726.352464805,8478074.60955868
10100000.0,12.0,512,6.39,Super AMOLED,60.0,48,3,Xiaomi,High,HD,Snapdragon 855,9582921.57397457,7676774.994967286,7690201.089084303,8546529.176983478
5850000.0,6.0,64,5.97,Super AMOLED,60.0,48,3,Xiaomi,Medium,HD,Snapdragon 712,9333191.855463149,7676774.994967286,7690201.089084303,8546529.176983478
4750000.0,6.0,64,6.39,"AMOLED, 6.39 inches, 1080 x 2340 pixels, 19.5:9",60.0,48,3,Xiaomi,Medium,HD,Snapdragon 710,9220191.520887103,7676774.994967286,9861511.041009463,8546529.176983478
3350000.0,6.0,64,6.01,AMOLED,60.0,48,3,Xiaomi,Medium,HD,Snapdragon 665,9196828.219099512,7896395.317947867,8684478.137766974,8622095.701029267
9050000.0,8.0,256,6.39,"AMOLED, 6.39 inches, 1080 x 2340 pixels, 19.5:9",60.0,48,3,Xiaomi,High,HD,Snapdragon 710,9328646.400917694,7872772.592798418,9861511.041009463,8514044.54111523
8550000.0,8.0,256,6.47,Super AMOLED,60.0,108,5,Xiaomi,High,HD,Snapdragon 730g,9198759.20084122,7324119.743057486,7792726.352464805,8478074.60955868
6950000.0,6.0,128,6.4,Super AMOLED,60.0,12,2,Xiaomi,Medium,HD,Snapdragon 845,9593797.91606921,7676774.994967286,7690201.089084303,8546529.176983478
20100000.0,16.0,512,6.52,"Foldable AMOLED, 1B colors, HDR10+, Dolby Vision, 900 nits",90.0,108,3,Xiaomi,Premium,HD,Snapdragon 888,11290005.662056135,7546152.30567469,9861511.041009463,8557935.866096748
5050000.0,4.0,64,8,IPS LCD,60.0,13,1,Xiaomi,Medium,HD,Snapdragon 660,9758581.943818536,7324119.743057486,4272590.376194736,8478074.60955868
21100000.0,4.0,64,5.84,OLED,60.0,12,2,Xiaomi,Premium,HD,Helio p35,8032600.771118121,7872772.592798418,11139737.242531082,8514044.54111523
2950000.0,4.0,64,6.7,IPS LCD,60.0,13,2,Xiaomi,Low,HD,Jr510 8 ,9861511.041009463,7676774.994967286,4303207.424525562,8546529.176983478
2350000.0,6.0,128,6.71,IPS LCD,90.0,8,2,Xiaomi,Low,HD,Helio G36,8607092.534174552,7546152.30567469,4288959.5418210775,8557935.866096748
2600000.0,8.0,256,6.74,IPS LCD,90.0,50,2,Xiaomi,Low,HD,Helio G85,6883690.021583928,7896395.317947867,4344292.7188585885,8622095.701029267
2950000.0,8.0,256,6.88,IPS LCD,120.0,50,1,Xiaomi,Low,HD,Helio G81 ULTRA,9861511.041009463,7676774.994967286,4303207.424525562,8546529.176983478
2450000.0,4.0,64,6.88,IPS LCD,120.0,50,1,Xiaomi,Low,HD,Snapdragon 4,9861511.041009463,7872772.592798418,4234313.623719911,8514044.54111523
6750000.0,8.0,256,6.67,"AMOLED, 120Hz, HDR10+",120.0,48,3,Xiaomi,Medium,HD,Snapdragon 870,9020329.703877073,7324119.743057486,9861511.041009463,8478074.60955868
7950000.0,12.0,256,6.67,AMOLED,120.0,64,3,Xiaomi,Medium,HD,Snapdragon 870,9020329.703877073,7324119.743057486,8652998.667789413,8478074.60955868
10450000.0,12.0,256,6.67,OLED,120.0,64,3,Xiaomi,High,HD,Snapdragon 8 gen 1,12390262.427934296,7896395.317947867,10626020.563149901,8622095.701029267
7450000.0,12.0,256,6.67,AMOLED,120.0,64,3,Xiaomi,Medium,HD,Snapdragon 7 gen 2,9601373.673644967,7546152.30567469,8906548.335996285,8557935.866096748
10850000.0,16.0,512,6.67,AMOLED,120.0,64,3,Xiaomi,High,FHD,Snapdragon 8 gen 1,13072245.186554987,7546152.30567469,8906548.335996285,19532316.98830952
9690000.0,12.0,512,6.67,AMOLED,120.0,50,2,Xiaomi,High,HD,Snapdragon 8,9907749.058715781,7546152.30567469,8906548.335996285,8557935.866096748
10750000.0,16.0,1024,6.67,AMOLED,120.0,50,3,Xiaomi,High,FHD,Snapdragon 8 gen 2,14883512.645968232,7546152.30567469,8906548.335996285,19532316.98830952
8350000.0,12.0,512,6.67,AMOLED,120.0,50,2,Xiaomi,High,HD,Snapdragon 8,9853320.673792982,7676774.994967286,8734039.109685032,8546529.176983478
12850000.0,12.0,512,6.67,AMOLED,120.0,50,2,Xiaomi,High,FHD,Snapdragon 8 gen 3,17516985.298494138,7782985.257194361,8570011.200063622,19383021.600070104
16590000.0,16.0,512,6.67,AMOLED,120.0,50,3,Xiaomi,Premium,FHD,Snapdragon 8 e,15879366.400429558,7324119.743057486,8652998.667789413,19578299.37784788
3550000.0,6.0,64,6.53,IPS LCD,60.0,48,3,Xiaomi,Medium,HD,Snapdragon 662,9551439.08667568,7324119.743057486,4272590.376194736,8478074.60955868
4150000.0,6.0,128,6.5,IPS LCD,90.0,48,3,Xiaomi,Medium,HD,Dimensity 700,8266304.474821825,7324119.743057486,4272590.376194736,8478074.60955868
3550000.0,8.0,256,6.43,AMOLED,90.0,64,3,Xiaomi,Medium,HD,Helio G96,9408949.431220723,7676774.994967286,8734039.109685032,8546529.176983478
4450000.0,6.0,128,6.6,IPS LCD,90.0,50,2,Xiaomi,Medium,HD,Dimensity 810,9485464.582735876,7896395.317947867,4344292.7188585885,8622095.701029267
2490000.0,6.0,128,6.58,IPS LCD,90.0,50,3,Xiaomi,Low,HD,Helio G99,7222862.400480696,7872772.592798418,4234313.623719911,8514044.54111523
4250000.0,8.0,256,6.79,IPS LCD,90.0,108,2,Xiaomi,Medium,HD,Helio G91 ULTRA,9365010.03728133,7872772.592798418,4234313.623719911,8514044.54111523
3150000.0,8.0,256,6.74,IPS LCD,90.0,50,2,Xiaomi,Medium,HD,Dimensity 6100,8717208.83280757,7782985.257194361,4366588.32807571,8558835.587253692
4150000.0,8.0,128,6.79,IPS LCD,120.0,108,2,Xiaomi,Medium,HD,Snapdragon 4 gen 2,8633470.031545741,7782985.257194361,4366588.32807571,8558835.587253692
4950000.0,12.0,512,6.67,AMOLED,120.0,64,3,Xiaomi,Medium,HD,Helio G99 ULTRA,9861511.041009463,7782985.257194361,8570011.200063622,8558835.587253692
3250000.0,6.0,128,6.79,IPS LCD,90.0,50,2,Xiaomi,Medium,HD,Snapdragon 4 gen 2,8605008.493084203,7324119.743057486,4272590.376194736,8478074.60955868
4550000.0,8.0,128,6.79,IPS LCD,120.0,108,2,Xiaomi,Medium,HD,Helio G91 ULTRA,9342282.764554057,7546152.30567469,4288959.5418210775,8557935.866096748
4490000.0,8.0,256,6.67,AMOLED,120.0,50,2,Xiaomi,Medium,HD,Dimensity 7025 ultra,9317114.562162567,7676774.994967286,8734039.109685032,8546529.176983478
4950000.0,6.0,128,6,"PS LCD, 120Hz",120.0,64,4,Xiaomi,Medium,HD,Snapdragon 732g,9670486.705723299,7896395.317947867,9861511.041009463,8622095.701029267
6950000.0,8.0,256,6.6,IPS LCD,120.0,64,3,Xiaomi,Medium,HD,Dimensity 1100,9670486.705723299,7546152.30567469,4288959.5418210775,8557935.866096748
5450000.0,8.0,256,6.67,IPS LCD,120.0,48,4,Xiaomi,Medium,HD,Snapdragon 860,9861511.041009463,7324119.743057486,4272590.376194736,8478074.60955868
7350000.0,8.0,256,6.6,IPS LCD,144.0,64,3,Xiaomi,Medium,HD,Dimensity 8100,9644296.229532823,7676774.994967286,4303207.424525562,8546529.176983478
5150000.0,8.0,256,6.67,AMOLED,120.0,108,3,Xiaomi,Medium,HD,Snapdragon 695,8378863.452005407,7546152.30567469,8906548.335996285,8557935.866096748
5250000.0,8.0,256,6.67,AMOLED,120.0,48,3,Xiaomi,Medium,HD,Snapdragon 695,8378863.452005407,7546152.30567469,8906548.335996285,8557935.866096748
7000000.0,8.0,256,6.67,AMOLED,120.0,108,3,Xiaomi,Medium,HD,Snapdragon 778g,9608674.027339641,7782985.257194361,8570011.200063622,8558835.587253692
6550000.0,12.0,512,6.67,AMOLED,120.0,64,3,Xiaomi,Medium,HD,Snapdragon 7,9168222.172149617,7872772.592798418,8814153.412615655,8514044.54111523
4750000.0,12.0,256,6.67,AMOLED,120.0,108,2,Xiaomi,Medium,HD,Dimensity 6080,8936259.20084122,7896395.317947867,8684478.137766974,8622095.701029267
7990000.0,12.0,512,6.67,AMOLED,120.0,64,3,Xiaomi,Medium,HD,Dimensity 8300 ultra,9875248.610485204,7546152.30567469,8906548.335996285,8557935.866096748
4950000.0,12.0,512,6.67,AMOLED,120.0,50,3,Xiaomi,Medium,HD,Dimensity 7300 ultra,9613343.84858044,7782985.257194361,8570011.200063622,8558835.587253692
4150000.0,12.0,256,6.67,AMOLED,120.0,50,2,Xiaomi,Medium,HD,Dimensity 7025 ultra,9466828.219099512,7324119.743057486,8652998.667789413,8478074.60955868
7650000.0,12.0,512,6.67,AMOLED,120.0,50,2,Xiaomi,Medium,HD,Dimensity 8400 ultra,9746677.181913774,7872772.592798418,8814153.412615655,8514044.54111523
2450000.0,6.0,128,6.53,IPS LCD,60.0,13,1,Xiaomi,Low,HD,Helio G25,9861511.041009463,7896395.317947867,4344292.7188585885,8622095.701029267
2650000.0,4.0,128,6.71,IPS LCD,60.0,50,2,Xiaomi,Low,HD,Snapdragon 680,7928276.637703936,7676774.994967286,4303207.424525562,8546529.176983478
4150000.0,6.0,128,6.53,IPS LCD,60.0,48,4,Xiaomi,Medium,HD,Helio G85,6883690.021583928,7896395.317947867,4344292.7188585885,8622095.701029267
5050000.0,8.0,256,6.57,AMOLED Mini Camera,60.0,48,3,Xiaomi,Medium,HD,Dimensity 820,9861511.041009463,7324119.743057486,9861511.041009463,8478074.60955868
7550000.0,8.0,256,6.57,AMOLED Mini Camera,60.0,48,4,Xiaomi,Medium,HD,Dimensity 820,9861511.041009463,7676774.994967286,9861511.041009463,8546529.176983478
3650000.0,4.0,128,6.5,LTPS LCD,90.0,50,4,Xiaomi,Medium,HD,Helio G88,9048705.253051708,7896395.317947867,9409568.565596586,8622095.701029267
3300000.0,6.0,128,6.58,IPS LCD,90.0,50,2,Xiaomi,Medium,HD,Dimensity 700,8205007.886435331,7872772.592798418,4234313.623719911,8514044.54111523
1650000.0,6.0,128,6.71,IPS LCD,60.0,50,2,Xiaomi,Low,HD,Helio G85,6883690.021583928,7896395.317947867,4344292.7188585885,8622095.701029267
4250000.0,8.0,256,6.79,IPS LCD,90.0,50,3,Xiaomi,Medium,HD,Helio G88,9176324.048328575,7676774.994967286,4303207.424525562,8546529.176983478
2350000.0,8.0,256,6.79,IPS LCD,90.0,50,2,Xiaomi,Low,HD,Snapdragon 4 gen 2,8504535.152894774,7676774.994967286,4303207.424525562,8546529.176983478
2550000.0,8.0,256,6.74,IPS LCD,90.0,50,2,Xiaomi,Low,HD,Dimensity 6100,8117150.743578188,7872772.592798418,4234313.623719911,8514044.54111523
2600000.0,8.0,256,6.74,IPS LCD,90.0,50,2,Xiaomi,Low,HD,Helio G85,6524290.971909268,7782985.257194361,4366588.32807571,8558835.587253692
2250000.0,4.0,128,6.74,IPS LCD,90.0,50,2,Xiaomi,Low,HD,Dimensity 6100,8717208.83280757,7782985.257194361,4366588.32807571,8558835.587253692
4250000.0,8.0,256,6.79,IPS LCD,90.0,108,2,Xiaomi,Medium,HD,Helio G91 ULTRA,9342282.764554057,7546152.30567469,4288959.5418210775,8557935.866096748
4350000.0,8.0,256,6.79,IPS LCD,120.0,108,2,Xiaomi,Medium,HD,Snapdragon 4 gen 2,8291793.600721045,7546152.30567469,4288959.5418210775,8557935.866096748
2950000.0,8.0,256,6.88,IPS LCD,120.0,50,1,Xiaomi,Low,HD,Snapdragon 4 gen 2,8633470.031545741,7782985.257194361,4366588.32807571,8558835.587253692
2650000.0,8.0,128,6.88,IPS LCD,120.0,50,1,Xiaomi,Low,HD,Helio G81 ULTRA,9861511.041009463,7324119.743057486,4272590.376194736,8478074.60955868
3850000.0,8.0,256,6.88,IPS LCD,120.0,13,1,Xiaomi,Medium,HD,Snapdragon 4 gen 2,8309650.743578188,7896395.317947867,4344292.7188585885,8622095.701029267
4050000.0,8.0,256,6.79,IPS LCD,120.0,108,2,Xiaomi,Medium,HD,Helio G91 ULTRA,9365010.03728133,7872772.592798418,4234313.623719911,8514044.54111523
2000000.0,2.0,16,6,IPS LCD,60.0,12,2,Xiaomi,Low,HD,Snapdragon 632,9491915.27715187,7324119.743057486,4272590.376194736,8478074.60955868
2050000.0,2.0,16,5.45,IPS LCD,60.0,13,1,Xiaomi,Low,HD,Snapdragon 439,9501439.08667568,7782985.257194361,4366588.32807571,8558835.587253692
2100000.0,3.0,32,"6,26",IPS LCD,60.0,12,2,Xiaomi,Low,HD,Snapdragon 632,9487153.372389965,7546152.30567469,4288959.5418210775,8557935.866096748
2450000.0,4.0,64,6.22,IPS LCD,60.0,12,2,Xiaomi,Low,HD,Snapdragon 439,9501439.08667568,7782985.257194361,4366588.32807571,8558835.587253692
2300000.0,4.0,64,6.2,IPS LCD,60.0,12,1,Xiaomi,Low,HD,Snapdragon 439,9169555.491826786,7324119.743057486,4272590.376194736,8478074.60955868
2150000.0,6.0,128,6.53,IPS LCD,60.0,13,1,Xiaomi,Low,HD,Helio G25,9861511.041009463,7896395.317947867,4344292.7188585885,8622095.701029267
2750000.0,4.0,128,6.53,IPS LCD,60.0,13,3,Xiaomi,Low,HD,Helio G35,8632925.867507886,7546152.30567469,4288959.5418210775,8557935.866096748
3350000.0,6.0,128,6.53,IPS LCD,60.0,48,3,Xiaomi,Medium,HD,Snapdragon 662,9560962.896199489,7872772.592798418,4234313.623719911,8514044.54111523
2950000.0,6.0,128,6.53,IPS LCD,60.0,13,4,Xiaomi,Low,HD,Helio G80,8830808.83280757,7324119.743057486,4272590.376194736,8478074.60955868
2750000.0,3.0,32,6.52,IPS LCD,60.0,8,2,Xiaomi,Low,HD,Helio a22,9481915.27715187,7896395.317947867,4344292.7188585885,8622095.701029267
2250000.0,6.0,128,6.71,IPS LCD,90.0,8,2,Xiaomi,Low,HD,Helio G36,8607092.534174552,7546152.30567469,4288959.5418210775,8557935.866096748
1750000.0,3.0,64,6.71,IPS LCD,90.0,8,2,Xiaomi,Low,HD,Tiger t603 8,9861511.041009463,7896395.317947867,4344292.7188585885,8622095.701029267
2350000.0,8.0,256,6.88,IPS LCD,120.0,13,1,Xiaomi,Low,HD,Helio G81 ULTRA,9861511.041009463,7324119.743057486,4272590.376194736,8478074.60955868
2550000.0,4.0,128,6.88,IPS LCD,120.0,50,1,Xiaomi,Low,HD,Snapdragon 4,9861511.041009463,7872772.592798418,4234313.623719911,8514044.54111523
2250000.0,6.0,128,6.88,IPS LCD,120.0,32,1,Xiaomi,Low,HD,Unisoc t7250 8,9861511.041009463,7676774.994967286,4303207.424525562,8546529.176983478
3950000.0,6.0,64,6.39,AMOLED,60.0,48,3,Xiaomi,Medium,HD,Snapdragon 730,9548603.429518254,7676774.994967286,8734039.109685032,8546529.176983478
3950000.0,6.0,64,6.39,Super AMOLED,60.0,48,3,Xiaomi,Medium,HD,Snapdragon 855,9764623.877699587,7782985.257194361,7642609.508787743,8558835.587253692
8650000.0,12.0,512,6.39,Super AMOLED,60.0,48,3,Xiaomi,High,HD,Snapdragon 855,9407208.83280757,7324119.743057486,7792726.352464805,8478074.60955868
5250000.0,6.0,128,6.67,IPS LCD,120.0,48,4,Xiaomi,Medium,HD,Snapdragon 765g,8862604.497868063,7676774.994967286,4303207.424525562,8546529.176983478
8450000.0,8.0,256,6.67,"IPS LCD, 144Hz, HDR10+, 500 nits (typ), 650 nits (peak)",60.0,64,3,Xiaomi,High,HD,Snapdragon 865,10192819.400630914,7872772.592798418,9861511.041009463,8514044.54111523
4350000.0,8.0,256,6.67,IPS LCD,120.0,64,4,Xiaomi,Medium,HD,Snapdragon 730g,9387835.687834317,7782985.257194361,4366588.32807571,8558835.587253692
5350000.0,8.0,128,6.67,IPS LCD,120.0,64,4,Xiaomi,Medium,HD,Snapdragon 765g,8881208.83280757,7782985.257194361,4366588.32807571,8558835.587253692
6050000.0,6.0,128,6.67,IPS LCD,120.0,64,4,Xiaomi,Medium,HD,Snapdragon 768g,9656200.991437584,7872772.592798418,4234313.623719911,8514044.54111523
13050000.0,8.0,2128,6.67,Super AMOLED,60.0,64,4,Xiaomi,High,HD,Snapdragon 865,10192819.400630914,7872772.592798418,7485180.937359171,8514044.54111523
8650000.0,12.0,128,6.67,Super AMOLED,60.0,64,4,Xiaomi,High,HD,Snapdragon 865,9900612.752126947,7782985.257194361,7642609.508787743,8558835.587253692
7750000.0,8.0,256,6.67,AMOLED,120.0,64,4,Xiaomi,Medium,HD,Dimensity 1000,9699058.134294728,7896395.317947867,8684478.137766974,8622095.701029267
5250000.0,12.0,256,6.67,E4 AMOLED,120.0,48,3,Xiaomi,Medium,HD,Snapdragon 870,8929703.661217855,7782985.257194361,9861511.041009463,8558835.587253692
4450000.0,12.0,256,6.67,Super AMOLED,120.0,48,3,Xiaomi,Medium,HD,Snapdragon 870,8873944.931982385,7676774.994967286,7690201.089084303,8546529.176983478
4750000.0,12.0,256,6.67,OLED,120.0,64,3,Xiaomi,Medium,HD,Dimensity 1200,9305425.867507886,7872772.592798418,11139737.242531082,8514044.54111523
9250000.0,12.0,256,6.67,Super AMOLED,120.0,108,4,Xiaomi,High,HD,Snapdragon 888,11506006.309148263,7896395.317947867,7795752.3659306,8622095.701029267
4950000.0,12.0,256,6.67,OLED,120.0,48,3,Xiaomi,Medium,FHD,Dimensity 8100,9660962.896199489,7872772.592798418,11139737.242531082,20170737.8872442
7950000.0,12.0,512,6.67,OLED,144.0,108,3,Xiaomi,Medium,HD,Snapdragon 8 gen 1,13072245.186554987,7546152.30567469,10644464.121710658,8557935.866096748
12450000.0,12.0,256,6.67,OLED,120.0,64,3,Xiaomi,High,HD,Snapdragon 8 gen 1,12322503.561615955,7324119.743057486,9965924.590656452,8478074.60955868
7450000.0,12.0,512,6.67,OLED,120.0,108,3,Xiaomi,Medium,FHD,Dimensity 9000,9619208.83280757,7324119.743057486,9965924.590656452,19578299.37784788
7950000.0,12.0,512,6.67,OLED,144.0,108,3,Xiaomi,Medium,HD,Snapdragon 8 gen 1,12322503.561615955,7324119.743057486,9965924.590656452,8478074.60955868
4950000.0,12.0,512,6.67,OLED,120.0,48,3,Xiaomi,Medium,FHD,Dimensity 8200,9623208.83280757,7872772.592798418,11139737.242531082,20170737.8872442
6350000.0,16.0,512,6.67,OLED,120.0,64,3,Xiaomi,Medium,FHD,Snapdragon 8 gen 1,12794682.288348677,7676774.994967286,10622259.972943468,19645905.391267832
8950000.0,16.0,512,6.67,OLED,120.0,54,3,Xiaomi,High,FHD,Snapdragon 8 gen 2,14883512.645968232,7546152.30567469,10644464.121710658,19532316.98830952
7550000.0,24.0,1024,6.67,OLED,144.0,50,3,Xiaomi,Medium,HD,Dimensity 9200,10804452.622969972,7546152.30567469,10644464.121710658,8557935.866096748
5650000.0,16.0,1024,6.67,OLED,120.0,64,3,Xiaomi,Medium,HD,Dimensity 8300 ultra,9875248.610485204,7546152.30567469,10644464.121710658,8557935.866096748
7350000.0,16.0,1024,6.67,OLED,120.0,50,3,Xiaomi,Medium,FHD,Snapdragon 8 gen 2,14995935.946104903,7872772.592798418,11139737.242531082,20170737.8872442
9550000.0,24.0,1024,6.67,OLED,120.0,50,3,Xiaomi,High,FHD,Snapdragon 8 gen 3,16414514.1337292,7546152.30567469,10644464.121710658,19532316.98830952
8750000.0,24.0,1024,6.67,OLED,144.0,50,3,Xiaomi,High,HD,Dimensity 9300,9967925.867507886,7782985.257194361,10779507.739710953,8558835.587253692
8750000.0,16.0,1024,6.67,OLED,120.0,50,2,Xiaomi,High,FHD,Snapdragon 8 gen 3,18545581.169619024,7324119.743057486,9965924.590656452,19578299.37784788
12750000.0,16.0,1024,6.67,OLED,120.0,50,3,Xiaomi,High,FHD,Snapdragon 8 e,15484716.1509921,7676774.994967286,10622259.972943468,19645905.391267832
8850000.0,16.0,1024,6.67,OLED,144.0,50,3,Xiaomi,High,HD,Dimensity 9400 plus,9861511.041009463,7896395.317947867,10626020.563149901,8622095.701029267
9950000.0,16.0,1024,6.67,OLED,120.0,50,2,Xiaomi,High,FHD,Snapdragon 8 e,15431141.382277029,7896395.317947867,10626020.563149901,19818323.483608194
14950000.0,16.0,1024,6.67,OLED,120.0,50,3,Xiaomi,High,FHD,Snapdragon 8 e,15484716.1509921,7676774.994967286,10622259.972943468,19645905.391267832
3800000.0,8.0,128,6.43,AMOLED,60.0,64,4,Xiaomi,Medium,HD,Helio G95,9861511.041009463,7546152.30567469,8906548.335996285,8557935.866096748
3850000.0,6.0,128,6.43,Super AMOLED,60.0,48,4,Xiaomi,Medium,HD,Snapdragon 678,9861511.041009463,7324119.743057486,7792726.352464805,8478074.60955868
3850000.0,8.0,256,6.5,IPS LCD,90.0,48,3,Xiaomi,Medium,HD,Dimensity 700,8160007.886435331,7546152.30567469,4288959.5418210775,8557935.866096748
5850000.0,8.0,256,6.6,IPS LCD,120.0,64,3,Xiaomi,Medium,HD,Dimensity 1100,9722867.65810425,7896395.317947867,4344292.7188585885,8622095.701029267
5850000.0,8.0,256,6.67,AMOLED,120.0,108,4,Xiaomi,Medium,HD,Snapdragon 732g,9446828.219099512,7546152.30567469,8906548.335996285,8557935.866096748
4350000.0,8.0,256,6.67,Super AMOLED,120.0,108,3,Xiaomi,Medium,HD,Snapdragon 695,8172506.1338941455,7324119.743057486,7792726.352464805,8478074.60955868
4950000.0,8.0,128,6.43,AMOLED,90.0,108,4,Xiaomi,Medium,HD,Helio G96,9405919.12819042,7782985.257194361,8570011.200063622,8558835.587253692
3850000.0,8.0,512,6.6,IPS LCD,144.0,64,3,Xiaomi,Medium,HD,Dimensity 8100,9644296.229532823,7676774.994967286,4303207.424525562,8546529.176983478
3750000.0,8.0,512,6.6,IPS LCD,144.0,64,3,Xiaomi,Medium,HD,Dimensity 8100,9644296.229532823,7676774.994967286,4303207.424525562,8546529.176983478
3750000.0,6.0,128,6.43,AMOLED,90.0,50,4,Xiaomi,Medium,HD,Snapdragon 680,8157749.058715783,7872772.592798418,8814153.412615655,8514044.54111523
2950000.0,8.0,256,6.6,IPS LCD,90.0,50,2,Xiaomi,Low,HD,Dimensity 810,9485464.582735876,7896395.317947867,4344292.7188585885,8622095.701029267
3250000.0,8.0,128,6.67,Super AMOLED,120.0,108,4,Xiaomi,Medium,HD,Helio G96,9408949.431220723,7676774.994967286,7690201.089084303,8546529.176983478
4950000.0,8.0,256,6.67,Super AMOLED,120.0,108,4,Xiaomi,Medium,HD,Dimensity 920,9565724.800961394,7872772.592798418,7485180.937359171,8514044.54111523
3450000.0,8.0,128,6.67,Super AMOLED,120.0,108,3,Xiaomi,Medium,HD,Snapdragon 695,8124330.292437547,7782985.257194361,7642609.508787743,8558835.587253692
3650000.0,8.0,256,6.67,AMOLED,120.0,108,3,Xiaomi,Medium,HD,Dimensity 920,9627629.562866155,7546152.30567469,8906548.335996285,8557935.866096748
3950000.0,8.0,128,6.5,IPS LCD,90.0,48,2,Xiaomi,Medium,HD,Dimensity 700,8025524.855868596,7782985.257194361,4366588.32807571,8558835.587253692
2550000.0,8.0,256,6.79,IPS LCD,90.0,50,2,Xiaomi,Low,HD,Snapdragon 4 gen 2,8605008.493084203,7324119.743057486,4272590.376194736,8478074.60955868
5550000.0,12.0,256,6.67,OLED,120.0,48,2,Xiaomi,Medium,HD,Snapdragon 4 gen 1,9374100.946372239,7546152.30567469,10644464.121710658,8557935.866096748
5250000.0,8.0,256,6.43,AMOLED,90.0,108,3,Xiaomi,Medium,HD,Helio G96,9392282.764554057,7872772.592798418,8814153.412615655,8514044.54111523
3950000.0,12.0,512,6.6,IPS LCD,144.0,64,3,Xiaomi,Medium,HD,Dimensity 8200 ultra,9769555.491826786,7896395.317947867,4344292.7188585885,8622095.701029267
2550000.0,8.0,256,6.67,Samsung GOLED,120.0,48,2,Xiaomi,Low,HD,Snapdragon 4 gen 1,9510464.582735876,7896395.317947867,9861511.041009463,8622095.701029267
3350000.0,8.0,256,6.67,AMOLED,120.0,50,3,Xiaomi,Medium,HD,Snapdragon 685,8760393.108468818,7872772.592798418,8814153.412615655,8514044.54111523
3950000.0,8.0,256,6.67,OLED,120.0,200,3,Xiaomi,Medium,HD,Dimensity 1080,9451373.673644967,7896395.317947867,10626020.563149901,8622095.701029267
3750000.0,12.0,256,6.67,OLED,120.0,50,3,Xiaomi,Medium,HD,Dimensity 1080,9377430.767696163,7676774.994967286,10622259.972943468,8546529.176983478
5650000.0,8.0,256,6.67,AMOLED,120.0,108,4,Xiaomi,Medium,HD,Snapdragon 732g,9670486.705723299,7896395.317947867,8684478.137766974,8622095.701029267
5950000.0,12.0,256,6.67,OLED,120.0,200,3,Xiaomi,Medium,HD,Dimensity 1080,9277400.90522562,7546152.30567469,10644464.121710658,8557935.866096748
4250000.0,12.0,256,6.67,OLED,120.0,108,3,Xiaomi,Medium,HD,Snapdragon 778g,9446085.122566989,7676774.994967286,10622259.972943468,8546529.176983478
4750000.0,16.0,512,6.67,OLED,120.0,64,3,Xiaomi,Medium,HD,Snapdragon 7 gen 2,9615010.037281329,7676774.994967286,10622259.972943468,8546529.176983478
8450000.0,12.0,256,6.67,OLED,120.0,64,3,Xiaomi,High,HD,Snapdragon 7 gen 2,9555919.12819042,7872772.592798418,11139737.242531082,8514044.54111523
4950000.0,12.0,512,6.79,IPS LCD,120.0,50,2,Xiaomi,Medium,HD,Snapdragon 4 gen 2,8633470.031545741,7782985.257194361,4366588.32807571,8558835.587253692
6780000.0,12.0,256,6.67,OLED,120.0,108,2,Xiaomi,Medium,HD,Dimensity 6080,8936259.20084122,7896395.317947867,10626020.563149901,8622095.701029267
2950000.0,12.0,256,6.67,AMOLED,120.0,108,2,Xiaomi,Low,HD,Dimensity 6080,8842008.83280757,7324119.743057486,8652998.667789413,8478074.60955868
3650000.0,8.0,256,6.67,AMOLED,120.0,108,3,Xiaomi,Medium,HD,Snapdragon 685,8806408.83280757,7546152.30567469,8906548.335996285,8557935.866096748
6950000.0,12.0,512,6.67,AMOLED,120.0,200,3,Xiaomi,Medium,HD,Helio G99 ULTRA,9861511.041009463,7782985.257194361,8570011.200063622,8558835.587253692
4150000.0,16.0,512,6.67,AMOLED,120.0,200,3,Xiaomi,Medium,HD,Snapdragon 7,9168222.172149617,7872772.592798418,8814153.412615655,8514044.54111523
6450000.0,16.0,512,6.67,OLED,120.0,200,3,Xiaomi,Medium,HD,Dimensity 7200 ultra,9861511.041009463,7546152.30567469,10644464.121710658,8557935.866096748
7850000.0,12.0,512,6.67,OLED,120.0,200,3,Xiaomi,Medium,HD,Dimensity 7200 ultra,9861511.041009463,7546152.30567469,10644464.121710658,8557935.866096748
6650000.0,8.0,256,6.67,AMOLED,120.0,200,3,Xiaomi,Medium,HD,Helio G99 ULTRA,9861511.041009463,7782985.257194361,8570011.200063622,8558835.587253692
4050000.0,12.0,256,6.67,OLED,120.0,50,2,Xiaomi,Medium,HD,Dimensity 7025 ultra,9231313.948703881,7896395.317947867,10626020.563149901,8622095.701029267
5450000.0,8.0,256,6.67,AMOLED,120.0,50,3,Xiaomi,Medium,HD,Dimensity 7025 ultra,9317114.562162567,7676774.994967286,8734039.109685032,8546529.176983478
4000000.0,8.0,256,6.67,AMOLED,120.0,108,3,Xiaomi,Medium,HD,Helio G99 ULTRA,9861511.041009463,7676774.994967286,8734039.109685032,8546529.176983478
4650000.0,12.0,512,6.67,AMOLED,120.0,50,3,Xiaomi,Medium,HD,Dimensity 7300 ultra,9627629.562866155,7546152.30567469,8906548.335996285,8557935.866096748
5950000.0,12.0,512,6.67,AMOLED,120.0,200,3,Xiaomi,Medium,HD,Helio G100 ULTRA,9861511.041009463,7782985.257194361,8570011.200063622,8558835.587253692
6750000.0,16.0,512,6.67,AMOLED,120.0,50,3,Xiaomi,Medium,HD,Snapdragon 7,9168222.172149617,7872772.592798418,8814153.412615655,8514044.54111523
3050000.0,3.0,32,6.3,IPS LCD,60.0,48,2,Xiaomi,Medium,HD,Snapdragon 660,9695486.705723297,7676774.994967286,4303207.424525562,8546529.176983478
3700000.0,6.0,128,6.3,IPS LCD,60.0,48,2,Xiaomi,Medium,HD,Snapdragon 675,9556200.991437584,7896395.317947867,4344292.7188585885,8622095.701029267
3350000.0,6.0,128,6.3,IPS LCD,60.0,48,4,Xiaomi,Medium,HD,Snapdragon 665,9196828.219099512,7546152.30567469,4288959.5418210775,8557935.866096748
5200000.0,6.0,128,6.53,IPS LCD,60.0,64,4,Xiaomi,Medium,HD,Helio G90,9444555.491826786,7546152.30567469,4288959.5418210775,8557935.866096748
3950000.0,8.0,256,6.53,IPS LCD,60.0,64,4,Xiaomi,Medium,HD,Helio G90,9501373.673644967,7872772.592798418,4234313.623719911,8514044.54111523
4550000.0,8.0,256,6.53,"IPS LCD, 450 nits (typ)",60.0,48,3,Xiaomi,Medium,HD,Dimensity 800,9555919.12819042,7896395.317947867,9861511.041009463,8622095.701029267
5950000.0,8.0,128,6.67,IPS LCD,60.0,48,4,Xiaomi,Medium,HD,Snapdragon 720g,9449100.946372239,7872772.592798418,4234313.623719911,8514044.54111523
5450000.0,8.0,256,6.67,IPS LCD,120.0,108,4,Xiaomi,Medium,HD,Snapdragon 750g,9556200.991437584,7872772.592798418,4234313.623719911,8514044.54111523
5250000.0,16.0,1024,6.67,AMOLED,120.0,50,2,Xiaomi,Medium,HD,Snapdragon 8,10001674.027339641,7872772.592798418,8814153.412615655,8514044.54111523
9350000.0,16.0,512,6.67,AMOLED,120.0,50,2,Xiaomi,High,HD,Snapdragon 8,9853320.673792982,7676774.994967286,8734039.109685032,8546529.176983478
7450000.0,16.0,512,6.67,AMOLED,120.0,50,2,Xiaomi,Medium,HD,Dimensity 8400 ultra,9756200.991437584,7782985.257194361,8570011.200063622,8558835.587253692
8050000.0,16.0,1024,6.67,LTPO AMOLED,120.0,50,2,Xiaomi,High,HD,Snapdragon 8,9907749.058715781,7546152.30567469,12339695.887984946,8557935.866096748
1790000.0,3.0,64,6.52,IPS LCD,60.0,13,3,ZTE,Low,HD,Sc986 3a,9486677.181913774,8990604.416403785,4288959.5418210775,8557935.866096748
2990000.0,8.0,256,6.6,IPS LCD,60.0,50,2,ZTE,Low,HD,Unisoc t606,8678759.20084122,8990604.416403785,4288959.5418210775,8557935.866096748
3550000.0,8.0,256,6.67,OLED,90.0,64,3,ZTE,Medium,HD,Snapdragon 870,8864552.14606634,8073804.416403784,11139737.242531082,8514044.54111523
4950000.0,6.0,128,6.9,OLED,120.0,50,2,ZTE,Medium,HD,Snapdragon 7 gen 1,9614008.83280757,8990604.416403785,10644464.121710658,8557935.866096748
10450000.0,12.0,512,6.9,OLED,120.0,50,2,ZTE,High,HD,Dimensity 7300,9144592.534174552,8073804.416403784,11139737.242531082,8514044.54111523
4950000.0,12.0,512,6.72,IPS LCD,120.0,108,3,ZTE,Medium,HD,Unisoc t820 8,9861511.041009463,8528063.094036961,4303207.424525562,8546529.176983478
2150000.0,4.0,128,6.7,IPS LCD,120.0,50,1,ZTE,Low,HD,Unisoc t7200 8,9861511.041009463,8619042.708080562,4272590.376194736,8478074.60955868
4450000.0,8.0,256,6.72,IPS LCD,120.0,50,2,ZTE,Medium,HD,Tiger t820 8,9861511.041009463,8619042.708080562,4272590.376194736,8478074.60955868
5050000.0,8.0,512,6.72,IPS LCD,120.0,50,2,ZTE,Medium,HD,Snapdragon 7,8800006.691520886,8066604.416403784,4366588.32807571,8558835.587253692
5690000.0,12.0,256,6.8,AMOLED,120.0,50,2,ZTE,Medium,HD,Unisoc t9100 8,9861511.041009463,8066604.416403784,8570011.200063622,8558835.587253692
16950000.0,12.0,512,6.85,AMOLED,144.0,50,3,ZTE,Premium,HD,Snapdragon 8 e,15742087.933753943,8066604.416403784,8570011.200063622,8558835.587253692
17050000.0,12.0,512,6.8,AMOLED,120.0,50,3,ZTE,Premium,HD,Snapdragon 8 gen 3,17523298.831291277,8528063.094036961,8734039.109685032,8546529.176983478
12150000.0,16.0,1024,6.78,AMOLED,120.0,50,3,ZTE,High,HD,Snapdragon 8 gen 2,14995935.946104903,8073804.416403784,8814153.412615655,8514044.54111523
9650000.0,16.0,1024,6.67,AMOLED,144.0,64,2,ZTE,High,HD,Snapdragon 8 gen 2,14883512.645968232,8990604.416403785,8906548.335996285,8557935.866096748
13450000.0,16.0,1024,6.8,AMOLED,120.0,64,3,ZTE,High,HD,Snapdragon 8 gen 2,14404468.22893195,8619042.708080562,8652998.667789413,8478074.60955868
10500000.0,16.0,1024,6.8,AMOLED,120.0,50,3,ZTE,High,HD,Snapdragon 8 gen 2,14925593.505980069,8528063.094036961,8734039.109685032,8546529.176983478
14850000.0,16.0,1024,6.8,AMOLED,120.0,64,3,ZTE,High,HD,Snapdragon 8 gen 3,17652284.575792793,8913004.416403785,8684478.137766974,8622095.701029267
12950000.0,16.0,1024,6.8,AMOLED,120.0,64,3,ZTE,High,HD,Snapdragon 8 gen 3,17523298.831291277,8528063.094036961,8734039.109685032,8546529.176983478
14790000.0,16.0,512,6.8,AMOLED,120.0,64,3,ZTE,High,HD,Snapdragon 8 gen 3,17516985.298494138,8066604.416403784,8570011.200063622,8558835.587253692
16150000.0,24.0,1024,6.85,AMOLED,144.0,64,3,ZTE,Premium,HD,Snapdragon 8 e,15285371.239516811,8073804.416403784,8814153.412615655,8514044.54111523
