price,ram,internal_memory,screen_size,screen_tech,refresh_rate,camera_main_resolution,camera_count,brand,price_category,screen_resolution_k,chip_model,chip_model_encoded,brand_encoded,screen_tech_encoded,screen_resolution_k_encoded
2750000.0,8.0,256,6.67,IPS LCD,120.0,32,1,Realme,Low,HD,Dimensity 6300,7684737.824675324,5811214.52041934,4392873.934982215,8634637.256053168
3950000.0,8.0,256,6.6,IPS LCD,90.0,50,2,Realme,Medium,HD,Dimensity 700,9103548.277809147,6119544.246451223,4463947.352049148,8392006.16412573
9050000.0,8.0,128,6.02,AMOLED,60.0,20,2,Xiaomi,High,HD,Snapdragon 845,9677695.73283859,8068072.034632035,9082156.038961038,8392006.16412573
8450000.0,12.0,256,6.55,OLED,120.0,64,3,Xiaomi,High,HD,Snapdragon 778g,9227096.68109668,7742930.647583708,10606840.645840645,8402907.66897336
6990000.0,12.0,512,6.67,AMOLED,120.0,50,2,Vivo,Medium,HD,Snapdragon 4 gen 2,8561264.415584415,8987866.719139446,9032217.12458396,8308181.232125276
2250000.0,3.0,32,6.09,IPS LCD,60.0,8,2,Vsmart,Low,HD,Helio p35,8629650.432900432,7388720.346320346,4344381.985756178,8402907.66897336
6688000.0,12.0,256,6.64,IPS LCD,60.0,50,2,Vivo,Medium,HD,Dimensity 6020,9467345.926800473,8832342.27994228,4392873.934982215,8634637.256053168
15950000.0,16.0,1024,6.3,AMOLED,120.0,50,3,OPPO,Premium,HD,Dimensity 9500,10479635.234330887,9498923.73081464,9032217.12458396,8308181.232125276
10250000.0,12.0,512,6.55,OLED,144.0,50,3,Meizu,High,HD,Snapdragon 8 gen 2,13982232.207792208,9922988.540870894,10126660.111317253,8634637.256053168
19190000.0,12.0,128,6.1,Super Retina XDR OLED,60.0,48,2,Apple,Premium,HD,A18 Bionic,15707641.737572772,19062302.697302695,17377780.89652283,8392006.16412573
4890000.0,8.0,256,6.745,IPS LCD,90.0,50,1,Realme,Medium,HD,Tiger t612,9006591.756070016,5931437.419723134,4382790.110510607,8518776.899995312
9290000.0,12.0,512,6.67,AMOLED,120.0,200,3,Xiaomi,High,HD,Snapdragon 7,8838207.792207792,8032423.5633647395,8930213.511876725,8634637.256053168
5750000.0,8.0,256,6.68,IPS LCD,90.0,50,2,Vivo,Medium,HD,Helio G85,7225341.482047364,9073320.485965647,4344381.985756178,8402907.66897336
4650000.0,8.0,128,6.67,AMOLED,120.0,50,2,Realme,Medium,HD,Dimensity 7050,9126726.310726311,6119544.246451223,9082156.038961038,8392006.16412573
5950000.0,12.0,512,6.78,AMOLED,144.0,50,2,Vivo,Medium,HD,Dimensity 8400,9884080.519480519,8905240.456513183,9112274.266970143,8518776.899995312
15250000.0,16.0,1024,6.31,LTPO AMOLED,120.0,50,3,Vivo,Premium,HD,Dimensity 9400,10494417.843026537,8987866.719139446,12428915.728715727,8308181.232125276
2600000.0,8.0,256,6.74,IPS LCD,90.0,50,2,Xiaomi,Low,HD,Helio G85,7062544.733044732,7588956.679683952,4382790.110510607,8518776.899995312
19450000.0,16.0,1024,6.73,LTPO OLED,120.0,50,4,Xiaomi,Premium,FHD,Snapdragon 8 gen 2,13982232.207792208,8032423.5633647395,14429685.99257885,19419711.802902978
6950000.0,12.0,256,6.7,Super AMOLED,120.0,50,3,Samsung,Medium,HD,Snapdragon 6 gen 3,9793886.209029065,13574247.88255223,7209051.738583996,8402907.66897336
28590000.0,12.0,256,6.3,Super Retina XDR OLED,120.0,48,3,Apple,Premium,HD,A18 Bionic,15707641.737572772,19062302.697302695,17377780.89652283,8392006.16412573
7050000.0,12.0,256,6.7,Super AMOLED+,120.0,50,3,Samsung,Medium,HD,Snapdragon 7 gen 1,9918765.669113494,13801570.887445888,9884080.519480519,8634637.256053168
4950000.0,8.0,256,6.67,AMOLED,60.0,64,2,Tecno,Medium,HD,Helio G85,7014766.955266955,5928023.005565863,9032217.12458396,8308181.232125276
750000.0,6.0,128,6.3,IPS LCD,60.0,16,2,OPPO,Low,HD,Helio p60,9884080.519480519,8497237.133237133,4463947.352049148,8392006.16412573
13550000.0,12.0,512,6.55,LTPO AMOLED,120.0,50,3,Xiaomi,High,HD,Snapdragon 8,9871049.41753132,7852799.846710074,12260284.8253566,8450971.988991197
7550000.0,16.0,512,6.74,AMOLED,120.0,64,3,OnePlus,Medium,HD,Dimensity 9000,9955527.74498229,12093040.25974026,9112274.266970143,8518776.899995312
6950000.0,8.0,256,6.67,AMOLED E4,120.0,50,2,Vivo,Medium,HD,Snapdragon 685,8865067.099567099,8832342.27994228,9884080.519480519,8634637.256053168
4500000.0,8.0,128,6.5,TFT LCD,60.0,48,4,Samsung,Medium,HD,Dimensity 720,9587219.5423624,13801570.887445888,8142560.389610389,8634637.256053168
25890000.0,12.0,256,6.7,Super Retina XDR OLED,60.0,48,2,Apple,Premium,HD,A18 Bionic,15768230.617866982,19317722.845336482,17459177.365491647,8518776.899995312
3650000.0,4.0,128,6.5,LTPS LCD,90.0,50,4,Xiaomi,Medium,HD,Helio G88,9030504.799548278,7742930.647583708,9884080.519480519,8402907.66897336
20950000.0,8.0,512,6.1,Super Retina XDR OLED,60.0,48,2,Apple,Premium,HD,A18 Bionic,15538836.678473042,18863897.687678173,17391463.079777364,8308181.232125276
15450000.0,16.0,1024,6.74,AMOLED,144.0,50,3,Realme,Premium,HD,Snapdragon 8 gen 1,12930619.320638737,5983575.499638394,9014675.89118673,8450971.988991197
6250000.0,16.0,512,6.74,AMOLED,120.0,50,2,OnePlus,Medium,HD,Snapdragon 7 gen 3,9254847.166265259,11420050.557854975,9014675.89118673,8450971.988991197
19950000.0,24.0,1024,6.78,AMOLED,165.0,50,3,Asus,Premium,HD,Snapdragon 8 gen 3,15675951.232441029,13731223.834988542,9112274.266970143,8518776.899995312
3450000.0,4.0,64,6.2,AMOLED,60.0,48,3,Vsmart,Medium,HD,Snapdragon 675,9884080.519480519,7155231.359816654,9014675.89118673,8450971.988991197
3190000.0,4.0,128,6.56,LCD,90.0,13,4,Vivo,Medium,HD,T61 2,9884080.519480519,8987866.719139446,8440560.38961039,8308181.232125276
19950000.0,16.0,1024,6.73,LTPO AMOLED,120.0,50,4,Xiaomi,Premium,FHD,Snapdragon 8 gen 3,15675951.232441029,7588956.679683952,11967733.495670995,19413642.463597007
6450000.0,12.0,256,6.7,OLED,120.0,108,2,OPPO,Medium,HD,Snapdragon 695,8478230.617866982,8497237.133237133,10833669.964955678,8392006.16412573
5650000.0,12.0,512,6.78,AMOLED,144.0,50,2,Vivo,Medium,HD,Snapdragon 7 gen 3,9311486.085343229,8905240.456513183,9112274.266970143,8518776.899995312
9550000.0,12.0,128,6.78,LTPO AMOLED,120.0,50,2,Realme,High,HD,Snapdragon 7 gen 3,9273022.607022606,5792195.887445887,12473494.036575668,8402907.66897336
7890000.0,8.0,256,6.4,Super AMOLED,120.0,50,3,Samsung,Medium,HD,Exynos 1380,9620982.290436836,13424795.765908169,7437844.981893155,8450971.988991197
16790000.0,8.0,256,6.2,Dynamic AMOLED 2X,120.0,50,3,Samsung,Premium,HD,Exynos 2400,10894417.843026537,13574247.88255223,19141569.43056943,8402907.66897336
3650000.0,8.0,256,6.72,IPS LCD,90.0,50,1,Realme,Medium,HD,Helio G85,7128903.153988868,6119544.246451223,4463947.352049148,8392006.16412573
3850000.0,4.0,64,6.3,IPS LCD,60.0,16,2,Realme,Medium,HD,Snapdragon 710,9336156.97346132,6188148.897614014,4416913.256554766,8308181.232125276
2190000.0,4.0,64,6.67,IPS LCD,60.0,13,1,Tecno,Low,HD,Unisoc t615,9884080.519480519,6050317.799847212,4382790.110510607,8518776.899995312
1790000.0,3.0,64,6.52,IPS LCD,60.0,13,3,ZTE,Low,HD,Sc986 3a,9884080.519480519,9000458.817498293,4396241.229006258,8450971.988991197
3890000.0,4.0,64,6.43,AMOLED,90.0,50,4,Xiaomi,Medium,HD,Snapdragon 680,8198387.012987013,8032423.5633647395,8930213.511876725,8634637.256053168
3250000.0,6.0,128,6.79,IPS LCD,90.0,50,2,Xiaomi,Medium,HD,Snapdragon 4 gen 2,8450800.384800384,8068072.034632035,4463947.352049148,8392006.16412573
5450000.0,12.0,256,6.78,AMOLED,120.0,50,2,Vivo,Medium,HD,Snapdragon 695,8804291.223927587,8905240.456513183,9112274.266970143,8518776.899995312
3250000.0,12.0,256,6.67,IPS LCD,120.0,50,1,OPPO,Medium,HD,Dimensity 6300,8157296.909986565,9154231.33116883,4382790.110510607,8518776.899995312
8950000.0,16.0,1024,6.78,LTPO AMOLED,144.0,50,2,Vivo,High,HD,Dimensity 9400 plus,10072933.828076685,8969971.649974223,12260284.8253566,8450971.988991197
15450000.0,8.0,256,6.9,Foldable LTPO AMOLED | Màn phụ: AMOLED,120.0,64,2,Tecno,Premium,HD,Dimensity 8050,9610073.199527744,5436073.820915926,10500700.487012986,8392006.16412573
11750000.0,12.0,256,6.7,Super AMOLED,90.0,108,4,Xiaomi,High,HD,Snapdragon 865,9472387.012987014,8068072.034632035,7586630.640545894,8392006.16412573
18650000.0,6.0,512,6.1,Super Retina XDR OLED,60.0,48,2,Apple,Premium,HD,A16 Bionic,11628330.8865048,19347162.02844774,18135033.549783546,8402907.66897336
9450000.0,8.0,256,6.43,AMOLED,90.0,64,3,OPPO,High,HD,Dimensity 900,9631809.147374364,9498923.73081464,9032217.12458396,8308181.232125276
4650000.0,8.0,256,6.6,IPS LCD,144.0,48,3,Realme,Medium,HD,Snapdragon 778g,9368986.085343229,5931437.419723134,4382790.110510607,8518776.899995312
4750000.0,8.0,128,6.4,"Super AMOLED, 430 nits (typ), 600 nits (peak)",60.0,64,3,Realme,Medium,HD,Dimensity 800,9349164.108618654,5811214.52041934,9884080.519480519,8634637.256053168
13250000.0,12.0,256,6.9,Foldable LTPO AMOLED,144.0,64,2,Motorola,High,HD,Snapdragon 7 gen 1,9649200.45172219,10217266.955266956,9884080.519480519,8308181.232125276
11050000.0,12.0,512,6.78,OLED,120.0,200,3,Honor,High,HD,Snapdragon 8 gen 1,12704056.747600226,11774360.173160173,10606840.645840645,8402907.66897336
11650000.0,16.0,512,6.78,AMOLED,120.0,50,3,Vivo,High,HD,Dimensity 9200,10571600.3996004,8832342.27994228,8930213.511876725,8634637.256053168
3760000.0,6.0,128,6.72,IPS LCD,120.0,50,2,Realme,Medium,HD,Dimensity 6100,8958143.473241733,5983575.499638394,4396241.229006258,8450971.988991197
8450000.0,8.0,256,6.7,Super AMOLED Plus,120.0,108,3,Samsung,High,HD,Exynos 1380 8,9637219.5423624,13424795.765908169,9461343.5828877,8450971.988991197
7990000.0,8.0,128,6.7,Super AMOLED,120.0,50,3,Samsung,Medium,HD,Snapdragon 6 gen 3,9744362.399505256,12822850.58099795,7228245.286971093,8308181.232125276
4590000.0,6.0,128,6.67,AMOLED,120.0,108,3,Xiaomi,Medium,HD,Helio G99ULTRA,9698648.11379097,7742930.647583708,8922798.009097502,8402907.66897336
10850000.0,16.0,512,6.78,LTPO AMOLED (Samsung),120.0,50,2,Realme,High,HD,Snapdragon 8 e,14916899.646720976,5983575.499638394,9884080.519480519,8450971.988991197
8450000.0,12.0,256,6.67,OLED,120.0,64,3,Honor,High,HD,Dimensity 900,9675287.40824393,12627212.662337663,10833669.964955678,8392006.16412573
15990000.0,8.0,128,6.7,Fluid AMOLED,120.0,50,3,OnePlus,Premium,FHD,Snapdragon 8 gen 2,14199465.638046164,11420050.557854975,9919906.251756899,19559819.54785794
5660000.0,12.0,256,6.64,IPS LCD,60.0,50,1,Vivo,Medium,HD,Dimensity 6020,9349316.667522201,8969971.649974223,4396241.229006258,8450971.988991197
3150000.0,8.0,256,6.75,IPS LCD,90.0,50,1,Realme,Medium,HD,Tiger t612 8,8654077.316017317,5983575.499638394,4396241.229006258,8450971.988991197
13050000.0,12.0,512,6.78,AMOLED,120.0,50,3,Vivo,High,HD,Snapdragon 8 gen 1,13573756.55253837,8905240.456513183,9112274.266970143,8518776.899995312
9350000.0,8.0,128,6.78,AMOLED,120.0,64,3,Vivo,High,HD,Snapdragon 695,8372903.153988869,9073320.485965647,8922798.009097502,8402907.66897336
14800000.0,8.0,512,6.7,Foldable Dynamic AMOLED 2X | Màn phụ: Super AMOLED,120.0,12,2,Samsung,High,HD,Snapdragon 8 gen 2,14199465.638046164,13424795.765908169,9884080.519480519,8450971.988991197
2990000.0,6.0,128,6.58,IPS LCD,60.0,50,3,Xiaomi,Low,HD,Helio G99,7421711.399711399,8068072.034632035,4463947.352049148,8392006.16412573
9850000.0,16.0,1024,6.78,LTPO AMOLED,144.0,50,2,Vivo,High,HD,Dimensity 9400,10516809.147374365,8969971.649974223,12260284.8253566,8450971.988991197
13990000.0,8.0,256,6.4,AMOLED,90.0,50,3,OPPO,High,HD,Dimensity 1300,9884080.519480519,9404846.753246753,8930213.511876725,8634637.256053168
2990000.0,4.0,64,6.74,LCD,60.0,13,4,Vivo,Low,HD,Unisoc t7225 8,9593886.209029065,8832342.27994228,8350560.389610389,8634637.256053168
6150000.0,12.0,512,6.64,IPS LCD,120.0,64,2,Vivo,Medium,HD,Dimensity 8200,9786733.766233766,8905240.456513183,4382790.110510607,8518776.899995312
16860000.0,8.0,512,6.67,OLED,165.0,50,3,Motorola,Premium,HD,Snapdragon 8 gen 2,14199465.638046164,10103441.896427993,10640471.212382432,8450971.988991197
27990000.0,12.0,256,7.6,Dynamic AMOLED 2X,120.0,50,3,Samsung,Premium,FHD,Snapdragon 8 gen 2,13982232.207792208,13801570.887445888,19144026.839826837,19419711.802902978
22350000.0,6.0,512,6.7,Super Retina XDR OLED,60.0,48,2,Apple,Premium,HD,A16 Bionic,11945161.385695051,19263793.57168541,17614979.227750983,8450971.988991197
6850000.0,8.0,256,6.55,"AMOLED, 1B colors, HDR10+, 90Hz, 800 nits",90.0,64,3,Xiaomi,Medium,HD,Snapdragon 780g,9791981.447124304,7588956.679683952,9884080.519480519,8518776.899995312
12790000.0,16.0,512,6.78,LTPO 4.1 AMOLED,120.0,50,3,OnePlus,High,HD,Snapdragon 8 gen 3,15675951.232441029,12093040.25974026,9884080.519480519,8518776.899995312
3350000.0,12.0,256,6.72,IPS LCD,120.0,50,2,Vivo,Medium,HD,Snapdragon 6 gen 1,9024874.458874458,8905240.456513183,4382790.110510607,8518776.899995312
18990000.0,12.0,256,6.7,Dynamic AMOLED 2X,120.0,50,3,Samsung,Premium,FHD,Exynos 2400,11231733.766233766,13801570.887445888,19144026.839826837,19419711.802902978
9350000.0,16.0,512,6.67,AMOLED,120.0,50,2,Xiaomi,High,HD,Snapdragon 8,9567096.68109668,7907867.622033139,9032217.12458396,8308181.232125276
7650000.0,16.0,1024,6.78,LTPO AMOLED,144.0,50,2,Vivo,Medium,HD,Dimensity 9300,9982800.472255018,8832342.27994228,12704106.281473627,8634637.256053168
8450000.0,12.0,256,6.67,OLED,120.0,64,3,Xiaomi,High,HD,Snapdragon 7 gen 2,9884080.519480519,7588956.679683952,10992447.33044733,8518776.899995312
4590000.0,8.0,128,6.68,LCD,90.0,50,2,Vivo,Medium,HD,T61 2,9884080.519480519,8969971.649974223,8255991.129958476,8450971.988991197
15450000.0,16.0,1024,6.78,LTPO AMOLED,120.0,50,3,Realme,Premium,FHD,Snapdragon 8 e,15614382.834556747,5811214.52041934,12704106.281473627,19419711.802902978
8750000.0,8.0,256,6.55,AMOLED,120.0,50,3,Xiaomi,High,HD,Snapdragon 7 gen 1,9846119.039063703,7852799.846710074,9014675.89118673,8450971.988991197
9250000.0,8.0,256,6.7,Super AMOLED+,120.0,108,4,Samsung,High,HD,Snapdragon 778g,9151053.67965368,13801570.887445888,9884080.519480519,8634637.256053168
3150000.0,4.0,128,6.58,IPS LCD,60.0,50,3,Realme,Medium,HD,Tiger t612 8,8493264.415584415,5811214.52041934,4392873.934982215,8634637.256053168
11550000.0,16.0,1024,6.78,AMOLED,144.0,50,3,Realme,High,HD,Snapdragon 8 gen 3,16762105.856407743,5792195.887445887,8922798.009097502,8402907.66897336
8490000.0,8.0,256,6.7,AMOLED,120.0,64,3,OPPO,High,HD,Dimensity 7050,9095615.1996152,9498923.73081464,9032217.12458396,8308181.232125276
5450000.0,12.0,512,6.7,AMOLED,90.0,108,2,Honor,Medium,HD,Dimensity 6080,8748138.861138862,11405509.844993716,9032217.12458396,8308181.232125276
2350000.0,8.0,256,6.88,IPS LCD,120.0,13,1,Xiaomi,Low,HD,Helio G81 ULTRA,9553886.209029065,7588956.679683952,4382790.110510607,8518776.899995312
12250000.0,24.0,1024,6.8,AMOLED,120.0,50,3,Nubia,High,HD,Snapdragon 8 gen 2,14222146.353646355,10464582.054309327,9082156.038961038,8392006.16412573
6950000.0,8.0,256,6.5,Super AMOLED,120.0,12,3,Samsung,Medium,HD,Snapdragon 865,9600046.540964633,13424795.765908169,7437844.981893155,8450971.988991197
19950000.0,12.0,512,6.8,AMOLED,120.0,50,3,Nubia,Premium,HD,Snapdragon 8 gen 2,13909838.66133866,10499165.4432524,8922798.009097502,8402907.66897336
5450000.0,8.0,256,6.67,IPS LCD,120.0,108,4,Xiaomi,Medium,HD,Snapdragon 750g,9577695.73283859,7907867.622033139,4416913.256554766,8308181.232125276
2790000.0,4.0,128,6.74,IPS LCD,60.0,13,2,Realme,Low,HD,Tiger t612,9097896.103896104,6188148.897614014,4416913.256554766,8308181.232125276
15750000.0,16.0,512,6.74,AMOLED,120.0,50,3,OPPO,Premium,HD,Dimensity 9200,10556733.766233766,8497237.133237133,9082156.038961038,8392006.16412573
2890000.0,8.0,256,6.56,IPS LCD,90.0,50,1,Infinix,Low,HD,Unisoc t606,8950070.016939582,8570053.67965368,4392873.934982215,8634637.256053168
6550000.0,12.0,512,6.67,AMOLED,120.0,64,3,Xiaomi,Medium,HD,Snapdragon 7,8754053.67965368,7588956.679683952,9112274.266970143,8518776.899995312
10750000.0,16.0,1024,6.67,AMOLED,120.0,50,3,Xiaomi,High,FHD,Snapdragon 8 gen 2,14223366.883116884,7907867.622033139,9032217.12458396,19970160.039960038
2190000.0,4.0,64,6.71,IPS LCD,60.0,50,2,Xiaomi,Low,HD,Helio G85,7225341.482047364,7742930.647583708,4344381.985756178,8402907.66897336
11690000.0,6.0,128,6.4,Dynamic AMOLED 2X,120.0,12,3,Samsung,High,HD,Exynos 2100,9799600.49474335,13613271.633629527,19080025.697706547,8392006.16412573
3950000.0,12.0,256,6.72,IPS LCD,120.0,50,1,Realme,Medium,HD,Dimensity 7025 ultra,9203113.495200451,6188148.897614014,4416913.256554766,8308181.232125276
18350000.0,16.0,512,6.67,OLED,120.0,48,4,Xiaomi,Premium,HD,Snapdragon 865,9600046.540964633,7852799.846710074,10640471.212382432,8450971.988991197
3790000.0,6.0,128,6.74,LCD,60.0,13,4,Vivo,Medium,HD,Unisoc t7225 8,9555790.970933829,9073320.485965647,8104819.418676561,8402907.66897336
22490000.0,12.0,256,6.7,Dynamic AMOLED 2X,120.0,50,2,Samsung,Premium,HD,Snapdragon 8 gen 3,16762105.856407743,13574247.88255223,19141569.43056943,8402907.66897336
3850000.0,8.0,256,6.5,IPS LCD,90.0,48,3,Xiaomi,Medium,HD,Dimensity 700,8971601.685802119,7852799.846710074,4396241.229006258,8450971.988991197
6790000.0,8.0,128,6.6,Super AMOLED,120.0,50,3,Samsung,Medium,HD,Exynos 1380,9630073.199527744,13302820.887445888,7577429.773929774,8518776.899995312
9750000.0,12.0,256,6.73,LTPO 2.0 AMOLED,120.0,50,3,Xiaomi,High,FHD,Dimensity 9000,9859635.234330887,8032423.5633647395,9884080.519480519,19419711.802902978
7490000.0,8.0,256,6.7,AMOLED,120.0,50,3,OPPO,Medium,HD,Dimensity 6300,7684737.824675324,9404846.753246753,8930213.511876725,8634637.256053168
4950000.0,6.0,128,6.0,"PS LCD, 120Hz",120.0,64,4,Xiaomi,Medium,HD,Snapdragon 732g,9884080.519480519,7907867.622033139,9884080.519480519,8308181.232125276
9250000.0,12.0,256,6.7,AMOLED,120.0,64,2,OPPO,High,HD,Snapdragon 778g,9227096.68109668,9207062.380242707,8922798.009097502,8402907.66897336
9950000.0,16.0,1024,6.74,AMOLED,144.0,50,3,Realme,High,HD,Snapdragon 8 gen 2,14222146.353646355,6119544.246451223,9082156.038961038,8392006.16412573
6090000.0,8.0,256,6.67,LCD,90.0,50,1,OPPO,Medium,HD,Snapdragon 6,9323709.563164108,8497237.133237133,7995295.609152751,8392006.16412573
42250000.0,16.0,512,8.0,Foldable LTPO OLED | Màn phụ: OLED,120.0,48,3,Google,Premium,2K,Tensor G4,11371891.381345926,12008989.747095011,9884080.519480519,20340040.25974026
10950000.0,8.0,256,6.4,Dynamic AMOLED 2X,120.0,50,3,Samsung,High,HD,Exynos 2200 8,9884080.519480519,13574247.88255223,19141569.43056943,8402907.66897336
14490000.0,12.0,256,6.7,AMOLED,120.0,50,3,OPPO,High,FHD,Snapdragon 8 gen 1,12930619.320638737,9115399.48138342,9014675.89118673,19559819.54785794
4950000.0,8.0,256,6.67,Super AMOLED,120.0,108,4,Xiaomi,Medium,HD,Dimensity 920,9884080.519480519,8068072.034632035,7586630.640545894,8392006.16412573
3450000.0,3.0,32,6.2,PLS LCD,60.0,13,2,Samsung,Medium,HD,Helio p22,9577695.73283859,13613271.633629527,7485269.904009034,8392006.16412573
1990000.0,4.0,64,6.75,IPS LCD,60.0,13,1,ZTE,Low,HD,A1 Bionic,9517695.73283859,8797550.324675325,4392873.934982215,8634637.256053168
4450000.0,12.0,256,6.67,Super AMOLED,120.0,48,3,Xiaomi,Medium,HD,Snapdragon 870,9310430.014430014,7588956.679683952,7577429.773929774,8518776.899995312
3350000.0,6.0,64,6.01,AMOLED,60.0,48,3,Xiaomi,Medium,HD,Snapdragon 665,9884080.519480519,8032423.5633647395,8930213.511876725,8634637.256053168
11950000.0,8.0,256,6.3,AMOLED,90.0,50,2,Google,High,HD,Tensor G2,11278255.017709563,14981155.844155844,9112274.266970143,8518776.899995312
2750000.0,6.0,128,6.7,PLS LCD,60.0,50,3,Samsung,Low,HD,Snapdragon 680,8193387.012987013,13574247.88255223,7049277.222777222,8402907.66897336
8650000.0,12.0,512,6.39,Super AMOLED,60.0,48,3,Xiaomi,High,HD,Snapdragon 855,9826128.942486087,7907867.622033139,7228245.286971093,8308181.232125276
2190000.0,3.0,32,6.52,IPS LCD,60.0,8,1,Xiaomi,Low,HD,Helio G36,8875287.40824393,8068072.034632035,4463947.352049148,8392006.16412573
14950000.0,16.0,1024,6.67,OLED,120.0,50,3,Xiaomi,High,FHD,Snapdragon 8 e,15157479.31138629,8068072.034632035,10833669.964955678,19536329.449961804
2150000.0,6.0,128,6.51,IPS LCD,60.0,13,3,OPPO,Low,HD,Helio p35,8629650.432900432,9207062.380242707,4344381.985756178,8402907.66897336
6600000.0,6.0,64,6.6,IPS LCD,90.0,64,4,Realme,Medium,HD,Snapdragon 720g,9696743.35188621,5792195.887445887,4344381.985756178,8402907.66897336
4850000.0,12.0,256,6.64,IPS LCD,120.0,50,2,Vivo,Medium,HD,Snapdragon 6 gen 1,9024874.458874458,8905240.456513183,4382790.110510607,8518776.899995312
4290000.0,8.0,128,6.67,AMOLED,120.0,50,3,Xiaomi,Medium,HD,Snapdragon 685,8485615.1996152,8068072.034632035,9082156.038961038,8392006.16412573
7550000.0,8.0,256,6.57,AMOLED Mini Camera,60.0,48,4,Xiaomi,Medium,HD,Dimensity 820,9653886.209029065,8068072.034632035,9581950.487012986,8392006.16412573
7290000.0,8.0,256,6.67,AMOLED,60.0,108,3,Xiaomi,Medium,HD,Dimensity 7025 ultra,9179852.625635235,7852799.846710074,9014675.89118673,8450971.988991197
4350000.0,8.0,256,6.67,Super AMOLED,120.0,108,3,Xiaomi,Medium,HD,Snapdragon 695,8562247.957852127,7852799.846710074,7437844.981893155,8450971.988991197
16950000.0,16.0,1024,6.78,AMOLED,120.0,50,3,OPPO,Premium,HD,Dimensity 9500,10479635.234330887,9498923.73081464,9032217.12458396,8308181.232125276
3950000.0,8.0,256,6.78,AMOLED,120.0,50,2,Tecno,Medium,HD,Helio G100,9444012.593467139,6016971.804015213,9014675.89118673,8450971.988991197
18990000.0,12.0,256,6.8,Dynamic AMOLED 2X,120.0,108,4,Samsung,Premium,FHD,Snapdragon 8 gen 1,13600415.584415585,13613271.633629527,19080025.697706547,19536329.449961804
8550000.0,12.0,256,6.8,AMOLED,120.0,50,3,Tecno,High,HD,Dimensity 9000,9887581.489656588,6016971.804015213,9014675.89118673,8450971.988991197
32890000.0,16.0,256,7.82,Foldable LTPO3 Flexi-fluid AMOLED | Màn phụ: LTPO3 Super Fluid OLED,120.0,64,3,OnePlus,Premium,2K,Snapdragon 8 e,15157479.31138629,10031842.581660762,9884080.519480519,21697309.3270366
4150000.0,8.0,128,6.79,IPS LCD,120.0,108,2,Xiaomi,Medium,HD,Snapdragon 4 gen 2,8561264.415584415,7907867.622033139,4416913.256554766,8308181.232125276
14950000.0,16.0,1024,6.78,OLED,120.0,50,3,Honor,High,HD,Snapdragon 8 e,14965491.145218419,11774360.173160173,10606840.645840645,8402907.66897336
14450000.0,16.0,512,6.78,AMOLED,144.0,64,3,Asus,High,HD,Snapdragon 888,11451812.070282659,13731223.834988542,9112274.266970143,8518776.899995312
2950000.0,8.0,256,6.67,IPS LCD,120.0,32,1,Realme,Low,HD,Dimensity 6300,7748487.824675324,6119544.246451223,4463947.352049148,8392006.16412573
9950000.0,16.0,256,6.78,AMOLED,165.0,50,3,Asus,High,HD,Dimensity 9000,9955527.74498229,13731223.834988542,9112274.266970143,8518776.899995312
16950000.0,16.0,512,6.67,"Super AMOLED, 144Hz, HDR10+, 1300 nits",144.0,64,3,Xiaomi,Premium,HD,Snapdragon 888,11285929.717341483,7907867.622033139,9600659.281894576,8308181.232125276
4550000.0,8.0,128,6.79,IPS LCD,120.0,108,2,Xiaomi,Medium,HD,Helio G91 ULTRA,9321891.381345926,7588956.679683952,4382790.110510607,8518776.899995312
38550000.0,12.0,256,6.5,LTPO OLED,120.0,48,3,Sony,Premium,HD,Snapdragon 8 gen 3,15453158.54978355,11245067.0995671,13358563.251563251,8392006.16412573
9950000.0,16.0,1024,6.78,LTPO AMOLED,120.0,50,2,OnePlus,High,HD,Dimensity 9300 plus,10126436.83589138,10230671.135316297,12428915.728715727,8308181.232125276
12950000.0,16.0,512,6.74,OLED,120.0,64,3,OPPO,High,HD,Snapdragon 8 gen 1,12248471.04978355,9404846.753246753,10126660.111317253,8634637.256053168
4790000.0,8.0,256,6.7,Super AMOLED,90.0,50,3,Samsung,Medium,HD,Helio G99,7557106.187929717,13302820.887445888,7577429.773929774,8518776.899995312
24850000.0,6.0,1024,6.1,LTPO Super Retina XDR OLED,120.0,48,3,Apple,Premium,HD,A16 Bionic,11628330.8865048,19347162.02844774,12385953.399541633,8402907.66897336
2250000.0,6.0,128,6.71,IPS LCD,90.0,8,2,Xiaomi,Low,HD,Helio G36,8911809.147374364,7742930.647583708,4344381.985756178,8402907.66897336
4950000.0,12.0,256,6.43,Super AMOLED,120.0,64,3,Realme,Medium,HD,Dimensity 1200,9653709.563164108,5811214.52041934,7407607.030900134,8634637.256053168
9150000.0,24.0,1024,6.74,AMOLED,144.0,50,3,Realme,High,HD,Snapdragon 8 gen 2,14587032.207792206,5931437.419723134,9112274.266970143,8518776.899995312
23450000.0,12.0,512,6.81,LTPO OLED,120.0,50,3,Honor,Premium,HD,Snapdragon 8 gen 1,12930619.320638737,11622168.102383582,14014422.920994349,8450971.988991197
6950000.0,12.0,512,6.7,OLED,120.0,50,3,OPPO,Medium,HD,Dimensity 8200,9753400.432900432,9498923.73081464,10590238.349885408,8308181.232125276
25990000.0,8.0,256,6.7,Dynamic AMOLED 2X,120.0,12,2,Samsung,Premium,HD,Snapdragon 8 gen 2,14587032.207792206,13302820.887445888,18209374.0824393,8518776.899995312
2650000.0,4.0,64,6.74,IPS LCD,90.0,8,1,Realme,Low,HD,Tiger t612 8,8774233.766233766,6119544.246451223,4463947.352049148,8392006.16412573
5500000.0,12.0,256,6.67,"Super AMOLED, 144Hz, HDR10+, 1300 nits",144.0,48,3,Xiaomi,Medium,HD,Snapdragon 870,9313628.942486085,8068072.034632035,10274188.693659281,8392006.16412573
23490000.0,6.0,128,6.7,OLED,60.0,12,3,Apple,Premium,HD,A14 Bionic,11537345.926800473,20067950.11806375,10126660.111317253,8634637.256053168
3050000.0,3.0,32,6.3,IPS LCD,60.0,48,2,Xiaomi,Medium,HD,Snapdragon 660,9653886.209029065,7907867.622033139,4416913.256554766,8308181.232125276
3150000.0,6.0,128,6.2,OLED,60.0,16,2,Google,Medium,HD,Snapdragon 765g,9194274.788255224,14633498.991797678,10640471.212382432,8450971.988991197
12450000.0,12.0,256,6.62,AMOLED,120.0,50,3,OnePlus,High,HD,Snapdragon 888,11301812.070282659,10662964.858670741,8930213.511876725,8634637.256053168
15790000.0,6.0,128,6.1,Super Retina XDR OLED,60.0,48,2,Apple,Premium,HD,A16 Bionic,11628330.8865048,19347162.02844774,18135033.549783546,8402907.66897336
16950000.0,8.0,512,6.2,Dynamic LTPO AMOLED 2X,120.0,50,3,Samsung,Premium,HD,Exynos 2400 10,9884080.519480519,13424795.765908169,11668247.177658942,8450971.988991197
7990000.0,8.0,128,6.7,AMOLED,120.0,64,3,OPPO,Medium,HD,Dimensity 7050,9045985.56998557,9404846.753246753,8930213.511876725,8634637.256053168
3290000.0,8.0,128,6.56,IPS LCD,120.0,50,1,Itel,Medium,HD,Helio G99,7579459.129106187,8220831.168831169,4392873.934982215,8634637.256053168
5350000.0,8.0,128,6.7,Super AMOLED Plus,60.0,64,4,Samsung,Medium,HD,Snapdragon 730g,9429200.45172219,13574247.88255223,9685953.399541633,8402907.66897336
27990000.0,12.0,256,6.9,Dynamic AMOLED 2X,120.0,200,4,Samsung,Premium,FHD,Snapdragon 8 e,15388331.960722204,12822850.58099795,18414076.376004945,19970160.039960038
19450000.0,12.0,512,6.78,AMOLED,120.0,50,4,Vivo,Premium,FHD,Snapdragon 8 gen 1,12248471.04978355,8832342.27994228,8930213.511876725,19419711.802902978
5850000.0,6.0,64,5.97,Super AMOLED,60.0,48,3,Xiaomi,Medium,HD,Snapdragon 712,9583648.11379097,7852799.846710074,7437844.981893155,8450971.988991197
18450000.0,24.0,256,6.8,AMOLED,120.0,50,3,Nubia,Premium,HD,Snapdragon 8 gen 3,16123426.611124724,10695033.54978355,8930213.511876725,8634637.256053168
3950000.0,8.0,128,6.5,IPS LCD,120.0,50,2,Motorola,Medium,HD,Dimensity 7020,9630076.685219541,10217266.955266956,4416913.256554766,8308181.232125276
5250000.0,6.0,128,6.67,IPS LCD,120.0,48,4,Xiaomi,Medium,HD,Snapdragon 765g,9227461.321287408,8068072.034632035,4463947.352049148,8392006.16412573
14950000.0,24.0,1024,6.82,LTPO AMOLED,120.0,64,3,OnePlus,High,FHD,Snapdragon 8 gen 3,16102073.68142062,10230671.135316297,12428915.728715727,19970160.039960038
4590000.0,4.0,128,6.7,Super AMOLED,90.0,50,3,Samsung,Medium,HD,Helio G99,7579459.129106187,13801570.887445888,7407607.030900134,8634637.256053168
14990000.0,12.0,512,6.5,LTPO OLED,120.0,50,2,Nothing,High,HD,Snapdragon 8,9567096.68109668,9370057.513914656,14059661.838161837,8308181.232125276
3650000.0,8.0,256,6.6,ISP LCD,120.0,50,2,Nubia,Medium,HD,Unisoc t820 8,9884080.519480519,11255491.145218419,9884080.519480519,8518776.899995312
5390000.0,6.0,128,6.5,Super AMOLED,120.0,50,3,Samsung,Medium,HD,Exynos 1280 8,9760552.875695731,13801570.887445888,7407607.030900134,8634637.256053168
10150000.0,8.0,128,6.1,OLED,60.0,48,3,Sony,High,HD,Snapdragon 6 gen 1,8654343.22820037,11245067.0995671,10833669.964955678,8392006.16412573
3480000.0,6.0,128,6.72,IPS LCD,90.0,64,2,Realme,Medium,HD,Helio G88,8842567.099567099,5811214.52041934,4392873.934982215,8634637.256053168
12650000.0,16.0,1024,6.78,LTPO AMOLED,120.0,50,3,Realme,High,HD,Snapdragon 8 e,15157479.31138629,6119544.246451223,11746066.829004327,8392006.16412573
3350000.0,8.0,256,6.67,AMOLED,120.0,50,3,Xiaomi,Medium,HD,Snapdragon 685,8904464.415584415,7588956.679683952,9112274.266970143,8518776.899995312
4250000.0,8.0,256,6.6,IPS LCD,90.0,50,1,Realme,Medium,HD,Dimensity 810,9294852.625635235,5931437.419723134,4382790.110510607,8518776.899995312
5620000.0,8.0,256,6.59,IPS LCD,90.0,50,2,OPPO,Medium,HD,Snapdragon 680,8197720.346320346,9498923.73081464,4416913.256554766,8308181.232125276
8450000.0,12.0,256,6.44,"AMOLED, 90Hz, HDR10+",90.0,64,3,Vivo,High,HD,Dimensity 1100,9691981.447124304,9073320.485965647,9884080.519480519,8402907.66897336
12450000.0,12.0,512,6.8,AMOLED,120.0,50,3,Nubia,High,HD,Snapdragon 8 gen 2,14587032.207792206,11255491.145218419,9112274.266970143,8518776.899995312
4950000.0,12.0,256,6.72,IPS LCD,120.0,108,2,OPPO,Medium,HD,Snapdragon 695,8804291.223927587,9154231.33116883,4382790.110510607,8518776.899995312
17650000.0,16.0,1024,6.78,LTPO AMOLED,120.0,50,3,Vivo,Premium,HD,Dimensity 9300,9905012.63795493,8969971.649974223,12260284.8253566,8450971.988991197
4360000.0,8.0,128,6.6,PLS LCD,90.0,50,3,Samsung,Medium,HD,Dimensity 700,9103548.277809147,13613271.633629527,7485269.904009034,8392006.16412573
9550000.0,24.0,1024,6.67,OLED,120.0,50,3,Xiaomi,High,FHD,Snapdragon 8 gen 3,15453158.54978355,8068072.034632035,10833669.964955678,19536329.449961804
27500000.0,8.0,1024,6.3,LTPO Super Retina XDR OLED,120.0,48,3,Apple,Premium,HD,A18 Bionic,15707641.737572772,19062302.697302695,13808431.989063567,8392006.16412573
4250000.0,6.0,128,6.74,IPS LCD,90.0,50,1,Realme,Medium,HD,Tiger t612 8,8686733.766233766,6188148.897614014,4416913.256554766,8308181.232125276
7450000.0,8.0,128,6.43,AMOLED,90.0,64,3,OnePlus,Medium,HD,Dimensity 900,9799164.108618654,12093040.25974026,9112274.266970143,8518776.899995312
4750000.0,8.0,256,6.67,IPS LCD,90.0,50,2,OPPO,Medium,HD,Snapdragon 680,8143365.921578421,9115399.48138342,4396241.229006258,8450971.988991197
4850000.0,8.0,256,6.67,AMOLED,120.0,50,2,Realme,Medium,HD,Dimensity 7050,9104487.6848607,5983575.499638394,9014675.89118673,8450971.988991197
24090000.0,16.0,512,6.73,AMOLED,120.0,50,4,Xiaomi,Premium,FHD,Snapdragon 8 gen 3,16123426.611124724,8032423.5633647395,8930213.511876725,19419711.802902978
5450000.0,8.0,128,6.4,AMOLED,180.0,64,4,Realme,Medium,HD,Dimensity 800,9317345.926800473,6119544.246451223,9082156.038961038,8392006.16412573
2550000.0,8.0,256,6.79,IPS LCD,90.0,50,2,Xiaomi,Low,HD,Snapdragon 4 gen 2,9096733.766233766,7742930.647583708,4344381.985756178,8402907.66897336
11750000.0,12.0,512,6.55,AMOLED,120.0,200,3,Meizu,High,HD,Snapdragon 8 gen 3,15675951.232441029,9539387.012987014,9112274.266970143,8518776.899995312
17950000.0,12.0,512,6.78,LTPO AMOLED,120.0,50,3,Vivo,Premium,FHD,Snapdragon 888,11218378.066378066,9073905.208193868,11746066.829004327,19536329.449961804
3750000.0,12.0,256,6.64,IPS LCD,120.0,50,2,Vivo,Medium,HD,Snapdragon 6 gen 1,8654343.22820037,9073905.208193868,4463947.352049148,8392006.16412573
7750000.0,8.0,256,6.67,AMOLED,120.0,64,4,Xiaomi,Medium,HD,Dimensity 1000,9734838.589981446,8032423.5633647395,8930213.511876725,8634637.256053168
21100000.0,4.0,64,5.84,OLED,60.0,12,2,Xiaomi,Premium,HD,Helio p35,8629650.432900432,7742930.647583708,10606840.645840645,8402907.66897336
11950000.0,12.0,1024,6.59,AMOLED,120.0,48,2,Asus,High,HD,Snapdragon 855,9939677.322677322,13670042.378673958,8922798.009097502,8402907.66897336
3990000.0,8.0,128,6.78,LCD,120.0,50,1,Tecno,Medium,HD,Helio G99,7512278.816525963,6016971.804015213,8255991.129958476,8450971.988991197
12250000.0,16.0,1024,6.36,LTPO OLED,120.0,50,3,Xiaomi,High,HD,Snapdragon 8 gen 3,15920038.738427702,7852799.846710074,14014422.920994349,8450971.988991197
3650000.0,8.0,128,6.5,IPS LCD,60.0,13,3,Realme,Medium,HD,Dimensity 720,9415073.199527744,6188148.897614014,4416913.256554766,8308181.232125276
3450000.0,4.0,64,8.7,TFT LCD,60.0,8,1,Samsung,Medium,HD,Helio p22,9577695.73283859,13574247.88255223,8770067.099567099,8402907.66897336
4950000.0,8.0,256,6.67,AMOLED,120.0,50,2,Nothing,Medium,HD,Dimensity 7300,9177031.270904286,9815553.789068075,9014675.89118673,8450971.988991197
4750000.0,12.0,256,6.67,AMOLED,120.0,64,3,Xiaomi,Medium,HD,Snapdragon 865,9965414.6567718,7742930.647583708,8922798.009097502,8402907.66897336
3650000.0,4.0,128,6.51,IPS LCD,60.0,13,2,Vivo,Medium,HD,Helio p35,8988102.076494934,8969971.649974223,4396241.229006258,8450971.988991197
12990000.0,16.0,256,6.31,AMOLED,120.0,50,3,OPPO,High,HD,Dimensity 9400,10592678.712591756,9404846.753246753,8930213.511876725,8634637.256053168
3050000.0,8.0,128,6.56,IPS LCD,90.0,50,1,Tecno,Medium,HD,Helio G85,7218617.439703153,5989721.369539551,4392873.934982215,8634637.256053168
4950000.0,6.0,128,6.59,IPS LCD,60.0,48,2,Honor,Medium,HD,Kirin 810,9884080.519480519,11622168.102383582,4396241.229006258,8450971.988991197
4050000.0,8.0,256,6.79,IPS LCD,120.0,108,2,Xiaomi,Medium,HD,Helio G91 ULTRA,9321891.381345926,7588956.679683952,4382790.110510607,8518776.899995312
34950000.0,16.0,1024,7.92,Foldable LTPO AMOLED (màn chính) | LTPO OLED (màn phụ),120.0,50,3,Honor,Premium,2K,Snapdragon 8 gen 3,16123426.611124724,10854671.614100186,9884080.519480519,20340040.25974026
27990000.0,6.0,256,6.7,Super Retina XDR OLED,120.0,48,3,Apple,Premium,HD,A16 Bionic,12214064.415584417,19062302.697302695,17377780.89652283,8392006.16412573
7290000.0,6.0,128,6.4,Super AMOLED,90.0,48,4,Samsung,Medium,HD,Exynos 1280 8,9591891.381345926,13302820.887445888,7577429.773929774,8518776.899995312
7050000.0,12.0,256,6.77,AMOLED,120.0,50,3,Nothing,Medium,HD,Snapdragon 7,8887387.012987012,9937200.371057514,8922798.009097502,8402907.66897336
7950000.0,12.0,512,6.67,OLED,144.0,108,3,Xiaomi,Medium,HD,Snapdragon 8 gen 1,12704056.747600226,7742930.647583708,10606840.645840645,8402907.66897336
3990000.0,12.0,256,6.8,TFT LCD,90.0,50,2,Honor,Medium,HD,Dimensity 6080,9250504.799548278,11774360.173160173,8770067.099567099,8402907.66897336
4750000.0,12.0,256,6.67,OLED,120.0,64,3,Xiaomi,Medium,HD,Dimensity 1200,9653709.563164108,8032423.5633647395,10126660.111317253,8634637.256053168
8450000.0,12.0,256,6.7,OLED,120.0,50,3,Realme,High,HD,Snapdragon 8 gen 1,13600415.584415585,6119544.246451223,10833669.964955678,8392006.16412573
4250000.0,8.0,256,6.79,IPS LCD,90.0,108,2,Xiaomi,Medium,HD,Helio G91 ULTRA,9105722.190852625,8032423.5633647395,4392873.934982215,8634637.256053168
4250000.0,8.0,256,6.5,Super AMOLED,90.0,50,3,Samsung,Medium,HD,Helio G99,7557106.187929717,13302820.887445888,7577429.773929774,8518776.899995312
3700000.0,4.0,128,6.56,IPS LCD,60.0,13,2,OPPO,Medium,HD,Helio G35,9544362.399505256,9498923.73081464,4416913.256554766,8308181.232125276
3250000.0,8.0,128,6.51,IPS LCD,60.0,13,2,Vivo,Medium,HD,Dimensity 6020,9349316.667522201,8969971.649974223,4396241.229006258,8450971.988991197
4950000.0,8.0,128,6.43,AMOLED,90.0,108,4,Xiaomi,Medium,HD,Helio G96,9426436.83589138,8068072.034632035,9082156.038961038,8392006.16412573
5250000.0,8.0,256,6.43,AMOLED,90.0,108,3,Xiaomi,Medium,HD,Helio G96,9144852.625635235,7742930.647583708,8922798.009097502,8402907.66897336
11590000.0,16.0,256,6.74,Fluid AMOLED,120.0,50,3,OnePlus,High,HD,Dimensity 9000,9779635.234330887,10818775.162337663,9936247.990105132,8402907.66897336
6688000.0,12.0,256,6.64,IPS LCD,60.0,50,2,Vivo,Medium,HD,Dimensity 6020,9349316.667522201,8969971.649974223,4396241.229006258,8450971.988991197
2550000.0,6.0,128,6.5,IPS LCD,120.0,48,3,Realme,Low,HD,Dimensity 800,9449164.108618654,6188148.897614014,4416913.256554766,8308181.232125276
5450000.0,6.0,128,6.57,IPS LCD,120.0,48,4,Realme,Medium,HD,Snapdragon 765g,9147150.432900432,5792195.887445887,4344381.985756178,8402907.66897336
37190000.0,12.0,1024,6.9,Dynamic AMOLED 2X,120.0,200,4,Samsung,Premium,FHD,Snapdragon 8 e,14307673.957621327,13302820.887445888,18209374.0824393,19413642.463597007
8250000.0,12.0,1024,6.55,AMOLED,120.0,50,3,Xiaomi,High,HD,Dimensity 8200 ultra,9884080.519480519,7907867.622033139,9032217.12458396,8308181.232125276
5650000.0,12.0,512,6.7,AMOLED,120.0,50,2,OPPO,Medium,HD,Snapdragon 695,8478230.617866982,8497237.133237133,9082156.038961038,8392006.16412573
4690000.0,12.0,512,6.78,AMOLED,120.0,64,2,Vivo,Medium,HD,Snapdragon 695,8498655.844155844,8832342.27994228,8930213.511876725,8634637.256053168
4450000.0,12.0,512,6.67,AMOLED,120.0,50,1,Realme,Medium,HD,Snapdragon 6 gen 4,9884080.519480519,6188148.897614014,9032217.12458396,8308181.232125276
3950000.0,12.0,512,6.72,IPS LCD,120.0,50,2,Vivo,Medium,HD,Snapdragon 7,8887387.012987012,9073320.485965647,4344381.985756178,8402907.66897336
6450000.0,8.0,128,6.6,IPS LCD,120.0,64,3,Realme,Medium,HD,Snapdragon 695,8562247.957852127,5983575.499638394,4396241.229006258,8450971.988991197
10150000.0,16.0,1024,6.78,LTPO AMOLED,120.0,50,3,Vivo,High,HD,Dimensity 9300,9982800.472255018,8832342.27994228,12704106.281473627,8634637.256053168
30950000.0,16.0,1024,8.03,Foldable LTPO OLED+ (chính) | AMOLED (phụ),120.0,50,4,Xiaomi,Premium,FHD,Snapdragon 8 gen 2,13909838.66133866,7742930.647583708,9884080.519480519,19371577.179962892
3700000.0,6.0,128,6.3,IPS LCD,60.0,48,2,Xiaomi,Medium,HD,Snapdragon 675,9884080.519480519,7852799.846710074,4396241.229006258,8450971.988991197
16290000.0,12.0,128,6.1,Super Retina XDR,60.0,48,4,Apple,Premium,HD,A18 Bionic,15707641.737572772,19062302.697302695,10859450.487012986,8392006.16412573
12690000.0,8.0,256,6.1,OLED,120.0,64,2,Google,High,HD,Tensor G3,9884080.519480519,15573800.324675325,10590238.349885408,8308181.232125276
4890000.0,8.0,256,6.78,AMOLED,60.0,50,2,Infinix,Medium,HD,Helio G100,9444012.593467139,8461077.009894866,9014675.89118673,8450971.988991197
36990000.0,12.0,512,6.8,Dynamic AMOLED 2X,120.0,108,4,Samsung,Premium,FHD,Snapdragon 8 gen 1,12248471.04978355,13801570.887445888,19144026.839826837,19419711.802902978
4290000.0,8.0,128,6.72,IPS LCD,90.0,108,2,Realme,Medium,HD,Snapdragon 685,8865067.099567099,5811214.52041934,4392873.934982215,8634637.256053168
6590000.0,8.0,256,6.67,AMOLED,120.0,50,2,OnePlus,Medium,HD,Snapdragon 695,8804291.223927587,12093040.25974026,9112274.266970143,8518776.899995312
17450000.0,12.0,512,6.8,Foldable LTPO AMOLED | Màn phụ: AMOLED,120.0,50,3,OPPO,Premium,HD,Dimensity 9200,10503782.467532467,9115399.48138342,10366325.487012986,8450971.988991197
4650000.0,8.0,256,6.78,IPS LCD,120.0,50,2,Tecno,Medium,HD,Dimensity 6080,9250504.799548278,6176693.506493507,4344381.985756178,8402907.66897336
7950000.0,8.0,265,6.67,OLED,120.0,64,1,Honor,Medium,HD,Dimensity 900,9799164.108618654,12385478.945297128,10992447.33044733,8518776.899995312
34350000.0,16.0,1024,8.03,Foldable LTPO AMOLED E7,120.0,64,3,Vivo,Premium,2K,Snapdragon 8 gen 3,15675951.232441029,8905240.456513183,9884080.519480519,22286400.23612751
4350000.0,8.0,256,6.79,IPS LCD,120.0,108,2,Xiaomi,Medium,HD,Snapdragon 4 gen 2,9096733.766233766,7742930.647583708,4344381.985756178,8402907.66897336
2650000.0,6.0,128,5.81,OLED,60.0,12,1,Google,Low,HD,Snapdragon 730g,9395070.016939582,14633498.991797678,10640471.212382432,8450971.988991197
10550000.0,8.0,128,6.1,OLED,90.0,64,2,Google,High,HD,Tensor G2,11341891.381345926,15573800.324675325,10590238.349885408,8308181.232125276
21150000.0,16.0,1024,6.86,Foldable LTPO AMOLED | Màn hình phụ: AMOLED,120.0,50,2,Xiaomi,Premium,HD,Snapdragon 8 gen 3,15920038.738427702,7852799.846710074,9884080.519480519,8450971.988991197
28999000.0,8.0,1024,6.1,LTPO Super Retina XDR OLED,120.0,48,3,Apple,Premium,HD,A17 Bionic,9884080.519480519,19347162.02844774,12385953.399541633,8402907.66897336
12450000.0,16.0,1024,6.78,LTPO OLED,144.0,50,2,Vivo,High,FHD,Dimensity 9500,10895067.099567099,8832342.27994228,14429685.99257885,19419711.802902978
7650000.0,8.0,512,6.7,AMOLED,90.0,108,3,Honor,Medium,HD,Snapdragon 680,8043720.346320346,12627212.662337663,9082156.038961038,8392006.16412573
5950000.0,8.0,128,6.57,AMOLED,60.0,48,4,Xiaomi,Medium,HD,Snapdragon 765g,9194274.788255224,7852799.846710074,9014675.89118673,8450971.988991197
8990000.0,16.0,1024,6.78,LTPO AMOLED,120.0,50,3,OnePlus,High,HD,Snapdragon 8 gen 2,14199465.638046164,11420050.557854975,12260284.8253566,8450971.988991197
5050000.0,8.0,128,6.38,Super AMOLED,60.0,12,3,Vivo,Medium,HD,Snapdragon 845,9677695.73283859,9073905.208193868,7586630.640545894,8392006.16412573
4350000.0,12.0,512,6.72,IPS LCD,120.0,50,2,Vivo,Medium,HD,Snapdragon 6 gen 1,9024874.458874458,8905240.456513183,4382790.110510607,8518776.899995312
6950000.0,12.0,512,6.7,AMOLED,120.0,50,2,OPPO,Medium,HD,Dimensity 7300,9079343.22820037,9154231.33116883,9112274.266970143,8518776.899995312
9450000.0,12.0,256,6.67,AMOLED,144.0,50,3,Xiaomi,High,HD,Dimensity 8200 ultra,9884080.519480519,7907867.622033139,9032217.12458396,8308181.232125276
2950000.0,6.0,128,6.53,IPS LCD,60.0,13,4,Xiaomi,Low,HD,Helio G80,9231374.364765668,8032423.5633647395,4392873.934982215,8634637.256053168
5950000.0,12.0,512,6.7,OLED,120.0,50,3,OnePlus,Medium,HD,Dimensity 8100max,10030076.685219541,12093040.25974026,10992447.33044733,8518776.899995312
25290000.0,12.0,128,6.3,Super Retina XDR OLED,120.0,48,3,Apple,Premium,HD,A18 Bionic,15768230.617866982,19317722.845336482,17459177.365491647,8518776.899995312
3500000.0,8.0,128,6.44,Super AMOLED,60.0,48,3,Vivo,Medium,HD,Snapdragon 712,9587219.5423624,8905240.456513183,7577429.773929774,8518776.899995312
7250000.0,12.0,256,6.67,AMOLED,120.0,108,3,Infinix,Medium,HD,Dimensity 8050,9802567.099567099,8476720.346320346,8922798.009097502,8402907.66897336
6050000.0,6.0,128,6.67,IPS LCD,120.0,64,4,Xiaomi,Medium,HD,Snapdragon 768g,9691981.447124304,8032423.5633647395,4392873.934982215,8634637.256053168
3550000.0,8.0,256,6.43,AMOLED,90.0,64,3,Xiaomi,Medium,HD,Helio G96,9294340.38293722,7852799.846710074,9014675.89118673,8450971.988991197
5350000.0,8.0,256,6.72,IPS LCD,120.0,50,1,Realme,Medium,HD,Dimensity 6300,7704737.824675324,5792195.887445887,4344381.985756178,8402907.66897336
4550000.0,8.0,128,6.39,AMOLED,60.0,64,4,Vsmart,Medium,HD,Snapdragon 730,9577695.73283859,6998800.324675324,8930213.511876725,8634637.256053168
6950000.0,16.0,1024,6.78,LTPO AMOLED,120.0,50,2,Realme,Medium,HD,Snapdragon 8,10088464.415584415,5811214.52041934,12704106.281473627,8634637.256053168
2450000.0,4.0,128,6.56,IPS LCD,90.0,8,2,OPPO,Low,HD,Helio G85,7144669.728944209,9115399.48138342,4396241.229006258,8450971.988991197
2250000.0,6.0,128,6.7,PLS LCD,60.0,50,2,Samsung,Low,HD,Helio G85,7218617.439703153,13801570.887445888,6929303.992303992,8634637.256053168
12450000.0,16.0,1024,6.78,LTPO4 AMOLED,144.0,50,3,Vivo,High,FHD,Snapdragon 8 gen 2,13982232.207792208,8832342.27994228,9919450.487012986,19419711.802902978
11550000.0,18.0,512,6.78,AMOLED,165.0,50,3,Asus,High,HD,Snapdragon 8 gen 1,12704056.747600226,13670042.378673958,8922798.009097502,8402907.66897336
8250000.0,12.0,256,6.78,AMOLED,120.0,50,2,Vivo,High,HD,Snapdragon 778g,9184387.012987014,8987866.719139446,9032217.12458396,8308181.232125276
3950000.0,8.0,256,6.67,OLED,120.0,200,3,Xiaomi,Medium,HD,Dimensity 1080,9539770.169224715,7852799.846710074,10640471.212382432,8450971.988991197
11550000.0,16.0,512,6.74,OLED,120.0,50,3,OPPO,High,HD,Dimensity 8200,9466591.756070016,8497237.133237133,10833669.964955678,8392006.16412573
4250000.0,12.0,256,6.67,OLED,120.0,108,3,Xiaomi,Medium,HD,Snapdragon 778g,9368986.085343229,7588956.679683952,10992447.33044733,8518776.899995312
12950000.0,12.0,512,6.78,AMOLED,120.0,50,3,Vivo,High,HD,Dimensity 9200,10556733.766233766,9073905.208193868,9082156.038961038,8392006.16412573
7700000.0,6.0,128,6.41,Super AMOLED,60.0,12,2,Vivo,Medium,HD,Snapdragon 660,9606267.161410019,8969971.649974223,7437844.981893155,8450971.988991197
16990000.0,8.0,128,6.6,Dynamic AMOLED 2X,120.0,50,3,Samsung,Premium,HD,Snapdragon 8 gen 1,12248471.04978355,13801570.887445888,19144026.839826837,8634637.256053168
12450000.0,12.0,256,6.67,OLED,120.0,64,3,Xiaomi,High,HD,Snapdragon 8 gen 1,12930619.320638737,7852799.846710074,10640471.212382432,8450971.988991197
3700000.0,4.0,128,6.5,PLS IPS,90.0,48,4,Samsung,Medium,HD,Exynos 850 8,9314618.6540732,13574247.88255223,9884080.519480519,8402907.66897336
2820000.0,3.0,64,6.56,IPS LCD,60.0,8,1,OPPO,Low,HD,Helio G35,9544362.399505256,9498923.73081464,4416913.256554766,8308181.232125276
39990000.0,12.0,1024,6.3,Super Retina XDR OLED,120.0,48,3,Apple,Premium,HD,A18 Bionic,15768230.617866982,19317722.845336482,17459177.365491647,8518776.899995312
2950000.0,8.0,256,6.78,AMOLED,60.0,50,2,Itel,Low,HD,Tiger t616 8,9884080.519480519,8010081.261595547,9014675.89118673,8450971.988991197
5250000.0,8.0,256,6.67,AMOLED,120.0,48,3,Xiaomi,Medium,HD,Snapdragon 695,8804291.223927587,7588956.679683952,9112274.266970143,8518776.899995312
17450000.0,8.0,512,6.6,Dynamic AMOLED 2X,120.0,50,3,Samsung,Premium,HD,Snapdragon 8 gen 2,14199465.638046164,13424795.765908169,18823795.96646837,8450971.988991197
30990000.0,12.0,256,6.9,Super Retina XDR OLED,120.0,48,3,Apple,Premium,HD,A18 Bionic,15888428.22491778,19263793.57168541,17614979.227750983,8450971.988991197
12250000.0,8.0,256,6.6,P-OLED,144.0,50,2,Motorola,High,HD,Dimensity 7030,9884080.519480519,10283933.621933622,9884080.519480519,8392006.16412573
4450000.0,6.0,128,6.4,Super AMOLED,90.0,48,4,Samsung,Medium,HD,Helio G80,8975900.432900432,13613271.633629527,7586630.640545894,8392006.16412573
1650000.0,6.0,128,6.71,IPS LCD,60.0,50,2,Xiaomi,Low,HD,Helio G85,7144669.728944209,7852799.846710074,4396241.229006258,8450971.988991197
10350000.0,12.0,1024,6.55,AMOLED,120.0,50,3,Xiaomi,High,HD,Snapdragon 8,10088464.415584415,8032423.5633647395,8930213.511876725,8634637.256053168
24950000.0,8.0,512,6.7,Super Retina XDR OLED,60.0,48,2,Apple,Premium,HD,A18 Bionic,15707641.737572772,19062302.697302695,17377780.89652283,8392006.16412573
2790000.0,4.0,128,6.7,IPS LCD,60.0,50,2,Samsung,Low,HD,Helio G85,7144669.728944209,13424795.765908169,4396241.229006258,8450971.988991197
6500000.0,8.0,256,6.43,"AMOLED, 90Hz",90.0,50,2,OPPO,Medium,HD,Snapdragon 680,8193387.012987013,9207062.380242707,9884080.519480519,8402907.66897336
3950000.0,8.0,128,6.8,IPS LCD,90.0,50,2,Tecno,Medium,HD,Helio G88,8921242.17955957,6016971.804015213,4396241.229006258,8450971.988991197
11950000.0,16.0,1024,6.83,AMOLED,120.0,50,3,OPPO,High,HD,Dimensity 8350,9839600.49474335,8497237.133237133,9082156.038961038,8392006.16412573
3550000.0,6.0,64,6.53,IPS LCD,60.0,48,3,Xiaomi,Medium,HD,Snapdragon 662,9884080.519480519,8032423.5633647395,4392873.934982215,8634637.256053168
2990000.0,4.0,64,6.51,IPS LCD,60.0,8,1,Vivo,Low,HD,Helio p35,9387567.099567099,9073905.208193868,4463947.352049148,8392006.16412573
10350000.0,12.0,256,6.55,P-OLED,144.0,50,2,Motorola,High,HD,Dimensity 7030,9884080.519480519,10283933.621933622,9884080.519480519,8392006.16412573
5250000.0,8.0,256,6.56,IPS LCD,90.0,50,2,Vivo,Medium,HD,Dimensity 6300,7748487.824675324,9073905.208193868,4463947.352049148,8392006.16412573
25990000.0,8.0,128,6.7,Dynamic AMOLED,60.0,64,3,Samsung,Premium,HD,Exynos 2100 8,10687345.926800473,12822850.58099795,11078200.487012986,8308181.232125276
7250000.0,6.0,256,6.6,LTPS LCD,120.0,50,2,Motorola,Medium,HD,Snapdragon 6 gen 1,8822471.09376666,10103441.896427993,9884080.519480519,8450971.988991197
2650000.0,12.0,256,6.56,IPS LCD,90.0,13,1,OPPO,Low,HD,Dimensity 6020,9467345.926800473,9404846.753246753,4392873.934982215,8634637.256053168
27950000.0,24.0,1024,6.78,LTPO AMOLED,165.0,50,3,Asus,Premium,HD,Snapdragon 8 e,14916899.646720976,13506057.435829198,12260284.8253566,8450971.988991197
15750000.0,16.0,1024,6.78,LTPO OLED,120.0,50,3,Honor,Premium,HD,Snapdragon 8 e,15388331.960722204,11405509.844993716,14059661.838161837,8308181.232125276
1990000.0,4.0,128,6.6,IPS LCD,90.0,50,1,Nubia,Low,HD,Sc986 3a,9884080.519480519,10686475.839172356,4396241.229006258,8450971.988991197
6450000.0,6.0,128,6.26,IPS LCD,60.0,48,3,Honor,Medium,HD,Kirin 810,9884080.519480519,11622168.102383582,4396241.229006258,8450971.988991197
8890000.0,12.0,256,6.7,Flexible AMOLED On-cell,120.0,50,2,Nothing,High,HD,Dimensity 7350 pro,9791981.447124304,9805771.799628943,9884080.519480519,8634637.256053168
14250000.0,16.0,1024,6.8,AMOLED,120.0,50,3,Nubia,High,HD,Snapdragon 8 gen 2,14199465.638046164,10686475.839172356,9014675.89118673,8450971.988991197
7450000.0,12.0,256,6.6,IPS LCD,120.0,64,3,Realme,Medium,HD,Snapdragon 695,8498655.844155844,5811214.52041934,4392873.934982215,8634637.256053168
4450000.0,6.0,128,6.3,P-OLED,90.0,16,2,Google,Medium,FHD,Snapdragon 855,9810779.85770843,14633498.991797678,9884080.519480519,19559819.54785794
1890000.0,4.0,64,6.56,IPS LCD,60.0,13,1,Tecno,Low,HD,Helio a22,9544362.399505256,6176693.506493507,4344381.985756178,8402907.66897336
24950000.0,16.0,1024,6.82,LTPO AMOLED,120.0,50,4,OPPO,Premium,FHD,Snapdragon 8 e,14307673.957621327,9154231.33116883,11967733.495670995,19413642.463597007
7950000.0,8.0,256,6.4,Super AMOLED,90.0,108,2,Realme,Medium,HD,Helio G99,7513474.582560296,6188148.897614014,7228245.286971093,8308181.232125276
5990000.0,8.0,128,6.67,AMOLED,120.0,200,3,Xiaomi,Medium,HD,Helio G99ULTRA,9631981.447124304,7907867.622033139,9032217.12458396,8308181.232125276
25500000.0,4.0,512,6.1,Super Retina XDR OLED,60.0,12,2,Apple,Premium,HD,A15 Bionic,11589264.415584417,18863897.687678173,17391463.079777364,8308181.232125276
4250000.0,12.0,512,6.67,IPS LCD,90.0,50,2,OPPO,Medium,HD,Dimensity 6300,7704737.824675324,9207062.380242707,4344381.985756178,8402907.66897336
27590000.0,6.0,256,6.7,OLED,60.0,12,3,Apple,Premium,HD,A14 Bionic,11291809.147374364,18863897.687678173,10590238.349885408,8308181.232125276
3750000.0,8.0,256,6.64,IPS LCD,90.0,50,2,Vivo,Medium,HD,Snapdragon 680,8143365.921578421,8969971.649974223,4396241.229006258,8450971.988991197
37990000.0,12.0,256,7.6,Dynamic AMOLED 2X,120.0,50,3,Samsung,Premium,FHD,Snapdragon 8 gen 3,15675951.232441029,13302820.887445888,18209374.0824393,19413642.463597007
24490000.0,12.0,256,6.73,AMOLED,60.0,50,3,Xiaomi,Premium,FHD,Snapdragon 8 gen 2,13909838.66133866,7742930.647583708,8922798.009097502,19371577.179962892
11950000.0,16.0,512,6.78,AMOLED,120.0,50,3,Honor,High,HD,Snapdragon 8 gen 3,16102073.68142062,11405509.844993716,9032217.12458396,8308181.232125276
7750000.0,12.0,256,6.7,Fluid AMOLED,120.0,50,3,OnePlus,Medium,HD,Snapdragon 782g,9653709.563164108,10818775.162337663,9936247.990105132,8402907.66897336
9350000.0,12.0,256,6.55,Fluid AMOLED,120.0,48,4,OnePlus,High,HD,Snapdragon 870,9310430.014430014,12093040.25974026,9925067.099567099,8518776.899995312
4450000.0,8.0,256,6.7,Super AMOLED Plus,120.0,108,3,Samsung,Medium,HD,Exynos 1380 8,9649124.30426716,13574247.88255223,9685953.399541633,8402907.66897336
2890000.0,4.0,128,6.745,IPS LCD,90.0,50,2,Realme,Low,HD,Tiger t612,9334618.6540732,6119544.246451223,4463947.352049148,8392006.16412573
17250000.0,16.0,1024,6.78,LTPO AMOLED,120.0,200,3,Vivo,Premium,HD,Dimensity 9400,10407461.321287408,9073320.485965647,12473494.036575668,8402907.66897336
22990000.0,12.0,256,6.8,Dynamic AMOLED 2X,120.0,200,4,Samsung,Premium,FHD,Snapdragon 8 gen 3,16102073.68142062,12822850.58099795,18414076.376004945,19970160.039960038
11050000.0,16.0,256,6.74,Fluid AMOLED,120.0,50,3,OnePlus,High,HD,Snapdragon 8 gen 1,13600415.584415585,10031842.581660762,9861418.536009444,8392006.16412573
3590000.0,8.0,256,6.56,IPS LCD,120.0,50,1,Itel,Medium,HD,Helio G99,7512278.816525963,8010081.261595547,4396241.229006258,8450971.988991197
5150000.0,6.0,128,6.5,IPS LCD,60.0,13,2,Realme,Medium,HD,Dimensity 700,8899650.432900432,5811214.52041934,4392873.934982215,8634637.256053168
3450000.0,8.0,256,6.6,IPS LCD,120.0,50,3,Realme,Medium,HD,Snapdragon 695,8562247.957852127,5983575.499638394,4396241.229006258,8450971.988991197
13450000.0,16.0,1024,6.59,AMOLED,120.0,50,3,OPPO,High,HD,Dimensity 9400,10572678.712591756,8497237.133237133,9082156.038961038,8392006.16412573
10950000.0,12.0,512,6.78,AMOLED,120.0,50,2,Vivo,High,HD,Snapdragon 7 gen 3,9254847.166265259,8969971.649974223,9014675.89118673,8450971.988991197
21950000.0,12.0,512,6.7,LTPO2 AMOLED,120.0,50,3,OPPO,Premium,FHD,Snapdragon 8 gen 1,12704056.747600226,9207062.380242707,9884080.519480519,19371577.179962892
3850000.0,8.0,256,6.88,IPS LCD,120.0,13,1,Xiaomi,Medium,HD,Snapdragon 4 gen 2,9096733.766233766,7742930.647583708,4344381.985756178,8402907.66897336
4450000.0,12.0,512,6.78,AMOLED,144.0,50,2,Vivo,Medium,HD,Snapdragon 7 gen 3,9273022.607022606,9073320.485965647,8922798.009097502,8402907.66897336
5350000.0,12.0,512,6.64,IPS LCD,240.0,50,2,Vivo,Medium,HD,Dimensity 6020,9349316.667522201,8969971.649974223,4396241.229006258,8450971.988991197
4090000.0,4.0,128,6.43,AMOLED,90.0,50,4,Xiaomi,Medium,HD,Snapdragon 680,8143365.921578421,7852799.846710074,9014675.89118673,8450971.988991197
6950000.0,8.0,256,6.4,Super AMOLED,120.0,50,3,Samsung,Medium,HD,Exynos 1380 8,9637219.5423624,13424795.765908169,7437844.981893155,8450971.988991197
7450000.0,8.0,256,6.6,Super AMOLED,120.0,48,3,Samsung,Medium,HD,Dimensity 1080,9478255.017709563,13801570.887445888,7407607.030900134,8634637.256053168
3790000.0,6.0,128,6.745,IPS LCD,90.0,50,2,Realme,Medium,HD,Tiger t612,9334618.6540732,6119544.246451223,4463947.352049148,8392006.16412573
9650000.0,16.0,1024,6.67,AMOLED,144.0,64,2,ZTE,High,HD,Snapdragon 8 gen 2,14199465.638046164,9000458.817498293,9014675.89118673,8450971.988991197
9550000.0,12.0,512,6.67,OLED,120.0,160,3,Honor,High,HD,Snapdragon 782g,9571891.381345926,10854671.614100186,10126660.111317253,8634637.256053168
4690000.0,8.0,256,6.67,AMOLED,60.0,64,2,Tecno,Medium,HD,Helio G85,7144669.728944209,6016971.804015213,9014675.89118673,8450971.988991197
6250000.0,8.0,128,6.43,"Super AMOLED, 120Hz",120.0,64,3,Realme,Medium,HD,Dimensity 1200,9274233.766233766,6119544.246451223,9688200.487012986,8392006.16412573
8850000.0,12.0,256,6.78,AMOLED,120.0,50,2,Vivo,High,HD,Snapdragon 7 gen 3,9273022.607022606,9073320.485965647,8922798.009097502,8402907.66897336
5490000.0,8.0,256,6.67,AMOLED,120.0,64,2,Tecno,Medium,HD,Helio G99,7579459.129106187,5989721.369539551,8930213.511876725,8634637.256053168
9690000.0,12.0,512,6.67,AMOLED,120.0,50,2,Xiaomi,High,HD,Snapdragon 8,9871049.41753132,7852799.846710074,9014675.89118673,8450971.988991197
7250000.0,12.0,512,6.7,LTPO AMOLED,120.0,50,3,Google,Medium,FHD,Tensor 8,9884080.519480519,15573800.324675325,12428915.728715727,19970160.039960038
15050000.0,8.0,128,6.78,Super AMOLED,120.0,48,4,OnePlus,Premium,FHD,Snapdragon 865,9600046.540964633,11420050.557854975,7437844.981893155,19559819.54785794
3650000.0,8.0,256,6.67,AMOLED,120.0,108,3,Xiaomi,Medium,HD,Snapdragon 685,8904464.415584415,7588956.679683952,9112274.266970143,8518776.899995312
7350000.0,8.0,256,6.77,AMOLED,120.0,50,2,Vivo,Medium,HD,Snapdragon 7 gen 3,9254847.166265259,8969971.649974223,9014675.89118673,8450971.988991197
5650000.0,12.0,256,6.78,AMOLED,120.0,108,2,Tecno,Medium,HD,Helio G99,7557106.187929717,6050317.799847212,9112274.266970143,8518776.899995312
9050000.0,12.0,512,6.7,OLED,144.0,50,3,Motorola,High,HD,Snapdragon 7 gen 3,9273022.607022606,9875929.717341483,10606840.645840645,8402907.66897336
2990000.0,8.0,256,6.6,IPS LCD,60.0,50,2,ZTE,Low,HD,Unisoc t606,8685067.099567099,9674753.246753247,4382790.110510607,8518776.899995312
3650000.0,4.0,128,6.5,IPS LCD,90.0,50,4,Xiaomi,Medium,HD,Helio G88,8835483.766233766,7907867.622033139,4416913.256554766,8308181.232125276
7450000.0,12.0,256,6.67,AMOLED,120.0,64,3,Xiaomi,Medium,HD,Snapdragon 7 gen 2,9884080.519480519,7588956.679683952,9112274.266970143,8518776.899995312
7350000.0,12.0,512,6.7,AMOLED,120.0,50,2,Realme,Medium,HD,Snapdragon 7,8887237.129919888,5983575.499638394,9014675.89118673,8450971.988991197
7990000.0,12.0,512,6.67,AMOLED,120.0,64,3,Xiaomi,Medium,HD,Dimensity 8300 ultra,9896743.35188621,7588956.679683952,9112274.266970143,8518776.899995312
4650000.0,6.0,64,6.4,Super AMOLED,60.0,64,4,Realme,Medium,HD,Snapdragon 730g,9459635.234330887,5811214.52041934,7407607.030900134,8634637.256053168
8550000.0,8.0,256,6.78,AMOLED,120.0,50,2,Vivo,High,HD,Snapdragon 6 gen 1,8540400.358262427,9073320.485965647,8922798.009097502,8402907.66897336
7500000.0,8.0,128,6.5,Amoled,90.0,48,4,OPPO,Medium,HD,Snapdragon 765g,9227461.321287408,8497237.133237133,9884080.519480519,8392006.16412573
20490000.0,16.0,512,5.92,Super AMOLED,144.0,50,2,Asus,Premium,HD,Snapdragon 8 gen 2,13909838.66133866,13670042.378673958,7209051.738583996,8402907.66897336
6450000.0,8.0,128,6.7,Super AMOLED Plus,120.0,64,3,Samsung,Medium,HD,Snapdragon 778g,9354538.28929691,13613271.633629527,9333955.988455988,8392006.16412573
7950000.0,18.0,512,6.8,AMOLED,165.0,64,3,Nubia,Medium,HD,Snapdragon 888,11451812.070282659,11255491.145218419,9112274.266970143,8518776.899995312
7250000.0,12.0,512,6.67,AMOLED,120.0,50,2,Vivo,Medium,HD,Dimensity 7200,9563983.060417842,9073320.485965647,8922798.009097502,8402907.66897336
9490000.0,4.0,128,6.1,IPS LCD,60.0,12,1,Apple,High,HD,A13 Bionic,9870552.875695731,19347162.02844774,4344381.985756178,8402907.66897336
14550000.0,16.0,512,6.7,AMOLED,120.0,50,3,OPPO,High,HD,Snapdragon 8 gen 1,12930619.320638737,9115399.48138342,9014675.89118673,8450971.988991197
7080000.0,8.0,256,6.4,AMOLED,90.0,50,3,OPPO,Medium,HD,Dimensity 1300,9884080.519480519,9115399.48138342,9014675.89118673,8450971.988991197
4350000.0,6.0,128,6.9,IPS LCD,90.0,50,3,Tecno,Medium,HD,Helio G88,9030504.799548278,6176693.506493507,4344381.985756178,8402907.66897336
7000000.0,8.0,256,6.67,AMOLED,120.0,108,3,Xiaomi,Medium,HD,Snapdragon 778g,9227096.68109668,7742930.647583708,8922798.009097502,8402907.66897336
17350000.0,16.0,512,6.78,LTPO4 AMOLED,144.0,50,3,Vivo,Premium,FHD,Snapdragon 8 gen 2,13982232.207792208,8832342.27994228,9919450.487012986,19419711.802902978
3690000.0,8.0,128,6.78,LCD,60.0,50,1,Tecno,Medium,HD,Helio G99,7557106.187929717,6050317.799847212,8109581.323438466,8518776.899995312
10950000.0,16.0,1024,6.78,LTPO AMOLED,120.0,50,3,OnePlus,High,HD,Snapdragon 8 e,14307673.957621327,12093040.25974026,11967733.495670995,8518776.899995312
4950000.0,12.0,512,6.72,IPS LCD,120.0,108,3,ZTE,Medium,HD,Unisoc t820 8,9884080.519480519,9000458.817498293,4396241.229006258,8450971.988991197
14890000.0,8.0,128,6.4,Dynamic AMOLED 2X,120.0,50,3,Samsung,High,HD,Exynos 2200 8,9884080.519480519,13574247.88255223,19141569.43056943,8402907.66897336
6950000.0,12.0,256,6.78,AMOLED,144.0,108,3,Infinix,Medium,HD,Dimensity 8200,9753400.432900432,8570053.67965368,8930213.511876725,8634637.256053168
11990000.0,12.0,256,6.67,AMOLED,120.0,108,3,Xiaomi,High,HD,Snapdragon 888,11285929.717341483,7907867.622033139,9032217.12458396,8308181.232125276
15450000.0,16.0,1024,6.6,AMOLED,120.0,50,3,OPPO,Premium,HD,Dimensity 9400 plus,9996743.35188621,9154231.33116883,9112274.266970143,8518776.899995312
5790000.0,8.0,256,6.72,IPS LCD,60.0,64,3,OPPO,Medium,HD,Snapdragon 695,8498655.844155844,9404846.753246753,4392873.934982215,8634637.256053168
4750000.0,6.0,64,6.39,"AMOLED, 6.39 inches, 1080 x 2340 pixels, 19.5:9",60.0,48,3,Xiaomi,Medium,HD,Snapdragon 710,9334656.588470817,7852799.846710074,9884080.519480519,8450971.988991197
7750000.0,16.0,1024,6.78,LTPO AMOLED,144.0,50,2,Vivo,Medium,HD,Snapdragon 8 gen 3,16102073.68142062,8987866.719139446,12428915.728715727,8308181.232125276
2450000.0,4.0,64,6.22,IPS LCD,60.0,12,2,Xiaomi,Low,HD,Snapdragon 439,9522933.828076685,7907867.622033139,4416913.256554766,8308181.232125276
7450000.0,12.0,256,6.0,OLED,120.0,48,3,Vivo,Medium,HD,Snapdragon 870,9313628.942486085,9073905.208193868,10833669.964955678,8392006.16412573
2550000.0,4.0,128,6.88,IPS LCD,120.0,50,1,Xiaomi,Low,HD,Snapdragon 4,9884080.519480519,7852799.846710074,4396241.229006258,8450971.988991197
13950000.0,24.0,1024,6.82,LTPO AMOLED,120.0,50,3,OnePlus,High,FHD,Snapdragon 8 e,15388331.960722204,10230671.135316297,12428915.728715727,19970160.039960038
21190000.0,12.0,512,6.7,Dynamic AMOLED 2X,120.0,50,3,Samsung,Premium,FHD,Exynos 2400,10894417.843026537,13574247.88255223,19141569.43056943,19371577.179962892
16990000.0,8.0,256,6.6,Dynamic AMOLED 2X,120.0,50,3,Samsung,Premium,HD,Snapdragon 8 gen 1,13727574.734356552,12822850.58099795,18414076.376004945,8308181.232125276
30990000.0,12.0,128,6.8,Dynamic AMOLED 2X,120.0,108,4,Samsung,Premium,FHD,Exynos 2100 8,10687345.926800473,12822850.58099795,18414076.376004945,19970160.039960038
14950000.0,16.0,1024,6.31,AMOLED,120.0,50,3,Vivo,High,HD,Dimensity 9500,10566591.756070016,9073320.485965647,8922798.009097502,8402907.66897336
19950000.0,16.0,1024,6.78,LTPO AMOLED,120.0,50,4,OPPO,Premium,HD,Dimensity 9500,10597504.216073781,9115399.48138342,12260284.8253566,8450971.988991197
5490000.0,6.0,128,6.47,AMOLED,60.0,108,5,Xiaomi,Medium,HD,Snapdragon 730g,9423113.495200451,7588956.679683952,9112274.266970143,8518776.899995312
9950000.0,12.0,512,6.78,AMOLED,120.0,50,2,Vivo,High,HD,Dimensity 8050,9610073.199527744,9073905.208193868,9082156.038961038,8392006.16412573
10490000.0,12.0,512,6.78,AMOLED,120.0,50,2,Vivo,High,HD,Snapdragon 7 gen 3,9059387.012987014,8987866.719139446,9032217.12458396,8308181.232125276
4150000.0,4.0,128,6.6,IPS LCD,60.0,50,4,Samsung,Medium,HD,Snapdragon 695,8804291.223927587,13302820.887445888,4382790.110510607,8518776.899995312
6950000.0,12.0,512,6.67,AMOLED,120.0,200,3,Xiaomi,Medium,HD,Helio G99 ULTRA,9603886.209029065,7907867.622033139,9032217.12458396,8308181.232125276
13650000.0,12.0,256,6.81,LTPO OLED,120.0,50,3,Meizu,High,FHD,Snapdragon 8 gen 2,14587032.207792206,9539387.012987014,14295815.684315685,19413642.463597007
2250000.0,8.0,256,6.74,IPS LCD,90.0,32,1,Realme,Low,HD,Tiger t612 8,8654077.316017317,5983575.499638394,4396241.229006258,8450971.988991197
13790000.0,8.0,128,6.1,Dynamic AMOLED 2X,120.0,50,3,Samsung,High,HD,Snapdragon 8 gen 2,13982232.207792208,13801570.887445888,19144026.839826837,8634637.256053168
12150000.0,16.0,1024,6.78,AMOLED,120.0,50,3,ZTE,High,HD,Snapdragon 8 gen 2,13982232.207792208,8797550.324675325,8930213.511876725,8634637.256053168
2350000.0,4.0,64,6.39,AMOLED,60.0,48,3,Vsmart,Low,HD,Helio p60,9884080.519480519,7107550.324675324,9082156.038961038,8392006.16412573
2450000.0,4.0,64,6.88,IPS LCD,120.0,50,1,Xiaomi,Low,HD,Snapdragon 4,9884080.519480519,8068072.034632035,4463947.352049148,8392006.16412573
21990000.0,12.0,256,6.36,CrystalRes AMOLED,120.0,50,3,Xiaomi,Premium,HD,Snapdragon 8 e,14307673.957621327,7588956.679683952,9884080.519480519,8518776.899995312
5350000.0,8.0,128,6.67,IPS LCD,120.0,64,4,Xiaomi,Medium,HD,Snapdragon 765g,9151317.099567099,8032423.5633647395,4392873.934982215,8634637.256053168
16150000.0,12.0,512,6.5,OLED,120.0,12,4,Sony,Premium,FHD,Snapdragon 888,11301812.070282659,12542862.824675325,10126660.111317253,19419711.802902978
18990000.0,12.0,256,6.36,LTPO OLED,120.0,50,3,Xiaomi,Premium,HD,Snapdragon 8 gen 3,15675951.232441029,7588956.679683952,14295815.684315685,8518776.899995312
6250000.0,16.0,512,6.78,AMOLED,144.0,50,2,Vivo,Medium,HD,Snapdragon 8,9871049.41753132,8969971.649974223,9014675.89118673,8450971.988991197
6050000.0,8.0,256,6.55,AMOLED,120.0,108,3,Xiaomi,Medium,HD,Snapdragon 778g,9354538.28929691,8068072.034632035,9082156.038961038,8392006.16412573
5050000.0,8.0,256,6.57,AMOLED Mini Camera,60.0,48,3,Xiaomi,Medium,HD,Dimensity 820,9772933.828076685,7907867.622033139,9738200.487012986,8308181.232125276
15650000.0,8.0,256,6.1,Dynamic AMOLED 2X,120.0,50,3,Samsung,Premium,HD,Snapdragon 8 gen 1,12248471.04978355,13801570.887445888,19144026.839826837,8634637.256053168
5690000.0,8.0,256,6.67,AMOLED,120.0,108,3,Infinix,Medium,HD,Dimensity 8050,9610073.199527744,8460720.346320346,9082156.038961038,8392006.16412573
3550000.0,8.0,256,6.78,AMOLED,120.0,108,1,Tecno,Medium,HD,Helio G100,9511891.381345926,6176693.506493507,8922798.009097502,8402907.66897336
7050000.0,12.0,256,6.83,AMOLED,120.0,50,2,Realme,Medium,HD,Snapdragon 7,8838207.792207792,5811214.52041934,8930213.511876725,8634637.256053168
7450000.0,12.0,256,6.77,AMOLED,120.0,50,2,Vivo,Medium,HD,Snapdragon 7 gen 3,9160720.346320348,9073905.208193868,9082156.038961038,8392006.16412573
2350000.0,6.0,128,6.71,IPS LCD,90.0,8,2,Xiaomi,Low,HD,Helio G36,8840852.042160738,7852799.846710074,4396241.229006258,8450971.988991197
4950000.0,12.0,512,6.67,OLED,120.0,48,3,Xiaomi,Medium,FHD,Dimensity 8200,9645343.628834933,7852799.846710074,10640471.212382432,19559819.54785794
7450000.0,64.0,64,6.5,Super AMOLED,60.0,64,4,Realme,Medium,HD,Snapdragon 855,9704874.458874458,5811214.52041934,7407607.030900134,8634637.256053168
7690000.0,8.0,256,6.67,OLED,120.0,50,2,Realme,Medium,HD,Dimensity 7300,9018523.476523476,6188148.897614014,10590238.349885408,8308181.232125276
7950000.0,16.0,1024,6.78,LTPO AMOLED,144.0,50,2,Vivo,Medium,HD,Snapdragon 8 gen 3,15453158.54978355,9073905.208193868,11746066.829004327,8392006.16412573
11590000.0,4.0,128,6.1,Super Retina XDR OLED,60.0,12,2,Apple,High,HD,A15 Bionic,12686726.310726311,19317722.845336482,17459177.365491647,8518776.899995312
16950000.0,8.0,512,6.7,Foldable Dynamic LTPO AMOLED 2X | Màn phụ: Super AMOLED,120.0,12,2,Samsung,Premium,HD,Exynos 2400,11316733.766233766,13613271.633629527,10825700.487012986,8392006.16412573
4990000.0,8.0,256,6.5,Super AMOLED,90.0,50,3,Samsung,Medium,HD,Dimensity 6300,8157296.909986565,13302820.887445888,7577429.773929774,8518776.899995312
8950000.0,12.0,256,6.62,OLED,120.0,50,3,OPPO,High,HD,Snapdragon 888,11142345.546972997,9115399.48138342,10640471.212382432,8450971.988991197
3990000.0,4.0,128,6.67,LCD,60.0,8,1,OPPO,Medium,HD,Snapdragon 6,9419164.108618654,9404846.753246753,8350560.389610389,8634637.256053168
3850000.0,8.0,128,6.82,IPS LCD,90.0,50,1,Tecno,Medium,HD,Helio G99,7579459.129106187,5989721.369539551,4392873.934982215,8634637.256053168
9950000.0,16.0,512,6.78,AMOLED,144.0,50,2,Vivo,High,HD,Dimensity 9200,10556733.766233766,9073905.208193868,9082156.038961038,8392006.16412573
7090000.0,12.0,256,6.78,AMOLED,144.0,50,2,Vivo,Medium,HD,Snapdragon 8,10088464.415584415,8832342.27994228,8930213.511876725,8634637.256053168
6950000.0,8.0,128,6.5,Super AMOLED,120.0,50,3,Samsung,Medium,HD,Snapdragon 888,11285929.717341483,12822850.58099795,7228245.286971093,8308181.232125276
2950000.0,8.0,256,6.88,IPS LCD,120.0,50,1,Xiaomi,Low,HD,Helio G81 ULTRA,9525314.780457636,7742930.647583708,4344381.985756178,8402907.66897336
16250000.0,16.0,1024,6.73,LTPO AMOLED,120.0,200,4,Xiaomi,Premium,FHD,Snapdragon 8 e,14307673.957621327,7588956.679683952,11967733.495670995,19413642.463597007
5650000.0,12.0,256,6.7,AMOLED,120.0,50,3,Realme,Medium,HD,Dimensity 8100,9297026.538678711,6188148.897614014,9032217.12458396,8308181.232125276
4250000.0,4.0,64,5.88,AMOLED,60.0,12,2,Xiaomi,Medium,HD,Snapdragon 710,9330982.290436836,7588956.679683952,9112274.266970143,8518776.899995312
27250000.0,12.0,1024,7.6,Chính: Foldable Dynamic AMOLED 2X | Phụ: Dynamic AMOLED 2X,120.0,50,3,Samsung,Premium,FHD,Snapdragon 8 gen 2,14222146.353646355,13613271.633629527,9884080.519480519,19536329.449961804
16150000.0,24.0,1024,6.85,AMOLED,144.0,64,3,ZTE,Premium,HD,Snapdragon 8 e,15157479.31138629,8313200.2734108,9082156.038961038,8392006.16412573
29950000.0,12.0,512,8.03,Màn trong: Foldable LTPO4 AMOLED | Màn ngoài: AMOLED,120.0,50,3,Vivo,Premium,FHD,Snapdragon 8 gen 2,14199465.638046164,8969971.649974223,9884080.519480519,19559819.54785794
2600000.0,8.0,256,6.74,IPS LCD,90.0,50,2,Xiaomi,Low,HD,Helio G85,7014766.955266955,7907867.622033139,4416913.256554766,8308181.232125276
12950000.0,12.0,256,6.67,AMOLED,144.0,64,3,Xiaomi,High,HD,Snapdragon 870,9267975.746202346,7852799.846710074,9014675.89118673,8450971.988991197
15250000.0,16.0,1024,6.36,LTPO OLED,120.0,50,3,Xiaomi,Premium,HD,Snapdragon 8 e,15388331.960722204,7907867.622033139,14059661.838161837,8308181.232125276
15950000.0,16.0,1024,6.31,LTPO AMOLED,120.0,50,3,Vivo,Premium,HD,Dimensity 9500,10566591.756070016,9073320.485965647,12473494.036575668,8402907.66897336
3850000.0,6.0,128,6.72,IPS LCD,120.0,50,2,Realme,Medium,HD,Dimensity 6100,9075287.40824393,5931437.419723134,4382790.110510607,8518776.899995312
4190000.0,4.0,128,6.6,PLS TFT LCD,60.0,50,4,Samsung,Medium,HD,Exynos 850 8,9292345.926800473,12822850.58099795,9884080.519480519,8308181.232125276
13450000.0,16.0,512,6.67,OLED,144.0,50,3,Xiaomi,High,FHD,Snapdragon 8 gen 2,14223366.883116884,7907867.622033139,10590238.349885408,19970160.039960038
6050000.0,16.0,256,6.65,"AMOLED, Full HD+ (1080x2340 pixels) - 144Hz",144.0,64,3,Nubia,Medium,HD,Snapdragon 865,9578331.392745186,10405252.39977414,9884080.519480519,8308181.232125276
6450000.0,12.0,512,6.78,LTPO AMOLED,120.0,50,2,Realme,Medium,HD,Dimensity 8400 max,9730076.685219541,5792195.887445887,12473494.036575668,8402907.66897336
17450000.0,4.0,512,6.1,Super Retina,60.0,12,2,Apple,Premium,HD,A15 Bionic,11589264.415584417,18863897.687678173,9884080.519480519,8308181.232125276
8110000.0,8.0,256,6.4,Dynamic AMOLED 2X,120.0,12,3,Samsung,High,HD,Exynos 2100,9970076.685219541,12822850.58099795,18414076.376004945,8308181.232125276
21500000.0,24.0,1024,6.85,AMOLED,144.0,50,3,Nubia,Premium,HD,Snapdragon 8 e,15388331.960722204,10405252.39977414,9032217.12458396,8308181.232125276
21950000.0,12.0,1024,6.8,Dynamic LTPO AMOLED 2X,120.0,200,4,Samsung,Premium,FHD,Snapdragon 8 gen 3,15453158.54978355,13613271.633629527,11359482.81130634,19536329.449961804
3990000.0,8.0,256,6.6,IPS LCD,120.0,50,1,Nubia,Medium,HD,Unisoc t820,9636743.35188621,10695033.54978355,4392873.934982215,8634637.256053168
12950000.0,16.0,1024,6.78,AMOLED,144.0,64,3,Vivo,High,HD,Snapdragon 8 gen 3,16102073.68142062,8987866.719139446,9032217.12458396,8308181.232125276
6750000.0,8.0,256,6.67,"AMOLED, 120Hz, HDR10+",120.0,48,3,Xiaomi,Medium,HD,Snapdragon 870,9267975.746202346,7852799.846710074,9884080.519480519,8450971.988991197
6450000.0,12.0,256,6.67,IPS LCD,120.0,64,3,Vivo,Medium,HD,Snapdragon 778g,9278169.29560463,8969971.649974223,4396241.229006258,8450971.988991197
13050000.0,8.0,2128,6.67,Super AMOLED,60.0,64,4,Xiaomi,High,HD,Snapdragon 865,9374874.458874458,7588956.679683952,7577429.773929774,8518776.899995312
51250000.0,16.0,512,8.0,Màn trong: Foldable Dynamic LTPO AMOLED 2X | Màn ngoài: Dynamic LTPO AMOLED 2X,120.0,200,3,Samsung,Premium,FHD,Snapdragon 8 gen 3,15920038.738427702,13424795.765908169,9884080.519480519,19559819.54785794
8450000.0,8.0,256,6.67,"IPS LCD, 144Hz, HDR10+, 500 nits (typ), 650 nits (peak)",60.0,64,3,Xiaomi,High,HD,Snapdragon 865,9600046.540964633,7852799.846710074,9884080.519480519,8450971.988991197
3190000.0,6.0,128,6.7,PLS LCD,90.0,50,3,Samsung,Medium,HD,Snapdragon 680,8197720.346320346,12822850.58099795,7027738.76123876,8308181.232125276
4850000.0,12.0,512,6.7,OLED,120.0,50,2,Realme,Medium,HD,Snapdragon 7,9057641.737572772,6119544.246451223,10833669.964955678,8392006.16412573
6650000.0,16.0,512,6.78,LTPO OLED,120.0,50,2,Realme,Medium,HD,Dimensity 8400 max,9720552.875695731,5931437.419723134,14295815.684315685,8518776.899995312
9450000.0,12.0,256,6.67,"Super AMOLED, 144Hz, HDR10+, 1300 nits",144.0,48,3,Xiaomi,High,HD,Snapdragon 870,9284504.088504089,7742930.647583708,10041835.752482811,8402907.66897336
4290000.0,4.0,128,6.55,IPS LCD,60.0,50,2,Vivo,Medium,HD,Snapdragon 680,8043720.346320346,9073905.208193868,4463947.352049148,8392006.16412573
4990000.0,8.0,256,6.78,AMOLED,120.0,50,2,Tecno,Medium,HD,Helio G99,7579459.129106187,5989721.369539551,8930213.511876725,8634637.256053168
6550000.0,16.0,512,6.74,AMOLED,144.0,50,3,Realme,Medium,HD,Snapdragon 8 gen 1,13727574.734356552,6188148.897614014,9032217.12458396,8308181.232125276
4850000.0,8.0,256,6.78,IPS LCD,120.0,108,2,Tecno,Medium,HD,Dimensity 6080,9250504.799548278,6176693.506493507,4344381.985756178,8402907.66897336
9050000.0,8.0,256,6.39,"AMOLED, 6.39 inches, 1080 x 2340 pixels, 19.5:9",60.0,48,3,Xiaomi,High,HD,Snapdragon 710,9330982.290436836,7588956.679683952,9884080.519480519,8518776.899995312
12950000.0,16.0,1024,6.31,LTPO OLED,120.0,50,2,OnePlus,High,HD,Snapdragon 8 e,14916899.646720976,11420050.557854975,14014422.920994349,8450971.988991197
3450000.0,8.0,256,6.8,IPS LCD,90.0,50,1,Tecno,Medium,HD,Helio G88,8921242.17955957,6016971.804015213,4396241.229006258,8450971.988991197
11950000.0,16.0,512,6.78,AMOLED,120.0,50,3,Honor,High,HD,Snapdragon 8 gen 3,16123426.611124724,10854671.614100186,8930213.511876725,8634637.256053168
2850000.0,4.0,128,6.6,IPS LCD,90.0,50,2,Itel,Low,HD,Dimensity 6080,8848138.861138862,7857200.371057513,4382790.110510607,8518776.899995312
11950000.0,16.0,512,6.78,LTPO AMOLED,120.0,50,3,OnePlus,High,HD,Snapdragon 8 gen 2,14199465.638046164,11420050.557854975,12260284.8253566,8450971.988991197
11250000.0,8.0,128,6.1,OLED,60.0,48,3,Sony,High,HD,Snapdragon 695,8478230.617866982,11245067.0995671,10833669.964955678,8392006.16412573
2950000.0,4.0,1258,6.56,TFT LCD,90.0,50,1,Honor,Low,HD,Helio G36,8875287.40824393,12627212.662337663,8220060.389610389,8392006.16412573
6490000.0,6.0,128,6.4,Super AMOLED,90.0,64,4,Samsung,Medium,HD,Helio G80,8890900.432900432,13574247.88255223,7209051.738583996,8402907.66897336
5750000.0,8.0,256,6.43,Super AMOLED,120.0,64,3,Realme,Medium,HD,Dimensity 1100,9691981.447124304,5792195.887445887,7209051.738583996,8402907.66897336
8250000.0,12.0,256,6.62,AMOLED,120.0,50,3,Realme,High,HD,Snapdragon 888,11218378.066378066,6119544.246451223,9082156.038961038,8392006.16412573
22950000.0,16.0,1024,6.78,LTPO AMOLED,120.0,200,3,Vivo,Premium,FHD,Snapdragon 8 gen 3,15453158.54978355,9073905.208193868,11746066.829004327,19536329.449961804
5050000.0,4.0,64,8.0,IPS LCD,60.0,13,1,Xiaomi,Medium,HD,Snapdragon 660,9558648.11379097,8032423.5633647395,4392873.934982215,8634637.256053168
9950000.0,16.0,512,6.7,Fluid AMOLED,120.0,50,3,OnePlus,High,HD,Snapdragon 8 gen 1,13573756.55253837,12093040.25974026,9925067.099567099,8518776.899995312
17650000.0,16.0,512,6.78,LTPO AMOLED,165.0,50,3,Asus,Premium,HD,Snapdragon 8 e,15614382.834556747,12726040.25974026,12704106.281473627,8634637.256053168
29490000.0,12.0,512,6.7,Super Retina XDR OLED,60.0,48,2,Apple,Premium,HD,A18 Bionic,16629474.582560297,19347162.02844774,18135033.549783546,8402907.66897336
3850000.0,8.0,256,6.67,IPS LCD,120.0,108,1,Tecno,Medium,HD,Dimensity 6300,7914446.054392532,6016971.804015213,4396241.229006258,8450971.988991197
16950000.0,8.0,512,6.7,Dynamic AMOLED 2X,120.0,50,3,Samsung,Premium,HD,Exynos 2400,11316733.766233766,12822850.58099795,18414076.376004945,8308181.232125276
15990000.0,6.0,256,6.1,OLED,60.0,12,2,Apple,Premium,HD,A15 Bionic,11968384.375254376,19263793.57168541,10640471.212382432,8450971.988991197
3250000.0,8.0,128,6.67,Super AMOLED,120.0,108,4,Xiaomi,Medium,HD,Helio G96,9426436.83589138,8068072.034632035,7586630.640545894,8392006.16412573
4950000.0,12.0,512,6.77,AMOLED,120.0,50,2,Vivo,Medium,HD,Dimensity 6300,8157296.909986565,8905240.456513183,9112274.266970143,8518776.899995312
10950000.0,12.0,256,6.7,OLED,144.0,50,3,Motorola,High,HD,Snapdragon 8 gen1,10566591.756070016,10130540.25974026,10126660.111317253,8634637.256053168
8450000.0,12.0,256,6.62,AMOLED,120.0,64,3,Vivo,High,HD,Snapdragon 8 gen 1,13600415.584415585,9073905.208193868,9082156.038961038,8392006.16412573
24950000.0,16.0,1024,6.3,LTPO OLED,120.0,50,3,Google,Premium,HD,Tensor G4,12158255.017709563,14981155.844155844,14295815.684315685,8518776.899995312
3300000.0,6.0,128,6.58,IPS LCD,90.0,50,2,Xiaomi,Medium,HD,Dimensity 700,8971601.685802119,7852799.846710074,4396241.229006258,8450971.988991197
22950000.0,12.0,512,6.2,Dynamic LTPO AMOLED 2X,120.0,50,3,Samsung,Premium,HD,Snapdragon 8 e,15157479.31138629,13613271.633629527,11359482.81130634,8392006.16412573
5150000.0,8.0,256,6.67,AMOLED,120.0,108,3,Xiaomi,Medium,HD,Snapdragon 695,8372903.153988869,7742930.647583708,8922798.009097502,8402907.66897336
6880000.0,12.0,1024,6.7,AMOLED,120.0,100,2,Realme,Medium,HD,Dimensity 7050,9164874.458874458,5931437.419723134,9112274.266970143,8518776.899995312
6750000.0,12.0,256,6.57,IPS LCD,144.0,48,3,Vivo,Medium,HD,Snapdragon 870,9206262.427227944,8832342.27994228,4392873.934982215,8634637.256053168
6250000.0,8.0,256,6.38,Super AMOLED,60.0,12,3,Vivo,Medium,HD,Snapdragon 855,9747369.63036963,8905240.456513183,7577429.773929774,8518776.899995312
19950000.0,12.0,256,6.73,LTPO AMOLED,120.0,50,3,Xiaomi,Premium,FHD,Snapdragon 8 gen 1,12930619.320638737,7852799.846710074,12260284.8253566,19559819.54785794
30990000.0,8.0,128,6.8,Dynamic AMOLED 2X,120.0,108,4,Samsung,Premium,FHD,Snapdragon 8 gen 1,12704056.747600226,13574247.88255223,19141569.43056943,19371577.179962892
8750000.0,8.0,128,6.55,Fluid AMOLED,90.0,48,3,OnePlus,High,HD,Snapdragon 865,9374874.458874458,12093040.25974026,9925067.099567099,8518776.899995312
6250000.0,12.0,512,6.77,AMOLED,120.0,50,2,Vivo,Medium,HD,Snapdragon 6 gen 1,8913763.347763347,8987866.719139446,9032217.12458396,8308181.232125276
8450000.0,8.0,256,6.67,OLED,120.0,64,3,Xiaomi,High,HD,Dimensity 1200,9182567.099567099,7588956.679683952,10992447.33044733,8518776.899995312
15990000.0,16.0,1024,6.67,AMOLED,144.0,50,3,Xiaomi,Premium,HD,Dimensity 9200,10330061.93806194,7742930.647583708,8922798.009097502,8402907.66897336
8550000.0,8.0,256,6.47,Super AMOLED,60.0,108,5,Xiaomi,High,HD,Snapdragon 730g,9395070.016939582,7852799.846710074,7437844.981893155,8450971.988991197
3750000.0,4.0,64,6.53,AMOLED,60.0,48,2,Realme,Medium,HD,Snapdragon 710,9340504.799548278,5811214.52041934,8930213.511876725,8634637.256053168
5450000.0,8.0,256,6.64,IPS LCD,60.0,50,1,Vivo,Medium,HD,Dimensity 6020,9224765.669113494,8987866.719139446,4416913.256554766,8308181.232125276
11190000.0,8.0,128,6.7,Dynamic AMOLED 2X,120.0,12,2,Samsung,High,HD,Snapdragon 8 gen 1,12704056.747600226,13574247.88255223,19141569.43056943,8402907.66897336
3350000.0,6.0,128,6.3,IPS LCD,60.0,48,4,Xiaomi,Medium,HD,Snapdragon 665,9884080.519480519,8032423.5633647395,4392873.934982215,8634637.256053168
10450000.0,12.0,512,6.9,OLED,120.0,50,2,ZTE,High,HD,Dimensity 7300,9018523.476523476,8613200.2734108,10590238.349885408,8308181.232125276
6950000.0,12.0,256,6.8,AMOLED,165.0,64,3,Nubia,Medium,HD,Snapdragon 888,11142345.546972997,10686475.839172356,9014675.89118673,8450971.988991197
8450000.0,12.0,256,6.67,AMOLED,120.0,64,2,Vivo,High,HD,Snapdragon 695,8372903.153988869,9073320.485965647,8922798.009097502,8402907.66897336
3950000.0,8.0,256,6.78,AMOLED,120.0,108,2,Tecno,Medium,HD,Helio G99,7421711.399711399,5436073.820915926,9082156.038961038,8392006.16412573
8950000.0,12.0,256,6.7,AMOLED,120.0,64,3,Realme,High,HD,Snapdragon 7,8838207.792207792,5811214.52041934,8930213.511876725,8634637.256053168
8250000.0,12.0,128,6.36,AMOLED,120.0,50,3,Xiaomi,High,HD,Snapdragon 8 gen 2,14587032.207792206,7588956.679683952,9112274.266970143,8518776.899995312
12250000.0,12.0,512,6.8,AMOLED,120.0,50,3,Nubia,High,HD,Snapdragon 8 gen 2,14223366.883116884,10405252.39977414,9032217.12458396,8308181.232125276
4190000.0,6.0,128,6.56,IPS LCD,90.0,13,2,OPPO,Medium,HD,Snapdragon 680,7964112.824675324,9154231.33116883,4382790.110510607,8518776.899995312
15450000.0,12.0,256,6.7,LTPO AMOLED,120.0,50,3,Realme,Premium,FHD,Snapdragon 8 gen 1,12930619.320638737,5983575.499638394,12260284.8253566,19559819.54785794
45990000.0,12.0,1024,7.6,Dynamic AMOLED 2X,120.0,50,3,Samsung,Premium,FHD,Snapdragon 8 gen 3,15453158.54978355,13613271.633629527,19080025.697706547,19536329.449961804
1990000.0,4.0,128,6.67,IPS LCD,120.0,50,0,Tecno,Low,HD,Helio G81,9520552.875695731,5989721.369539551,4392873.934982215,8634637.256053168
14750000.0,12.0,512,6.36,LTPO AMOLED,120.0,50,3,Xiaomi,High,HD,Snapdragon 8 gen 3,15920038.738427702,7852799.846710074,12260284.8253566,8450971.988991197
2450000.0,4.0,64,6.52,IPS LCD,60.0,8,1,Realme,Low,HD,Sc9863a 8 ,9499600.49474335,6119544.246451223,4463947.352049148,8392006.16412573
8550000.0,16.0,1024,6.78,LTPO OLED,144.0,50,2,Vivo,High,HD,Snapdragon 8 e,14916899.646720976,8969971.649974223,14014422.920994349,8450971.988991197
3990000.0,4.0,128,6.7,PLS LCD,90.0,50,2,Samsung,Medium,HD,Dimensity 6300,7914446.054392532,13424795.765908169,7214376.811479295,8450971.988991197
3700000.0,8.0,128,6.4,Super AMOLED,90.0,64,4,Samsung,Medium,HD,Helio G80,9007150.432900432,13302820.887445888,7577429.773929774,8518776.899995312
11950000.0,16.0,1024,6.78,LTPO AMOLED,120.0,64,3,OPPO,High,HD,Dimensity 9300,9905012.63795493,9115399.48138342,12260284.8253566,8450971.988991197
11750000.0,12.0,256,6.78,AMOLED,120.0,50,3,Vivo,High,HD,Dimensity 8200,9466591.756070016,9073905.208193868,9082156.038961038,8392006.16412573
2090000.0,4.0,64,6.67,IPS LCD,120.0,13,1,Tecno,Low,HD,Unisoc t615,9884080.519480519,6016971.804015213,4396241.229006258,8450971.988991197
6750000.0,16.0,512,6.67,AMOLED,120.0,50,3,Xiaomi,Medium,HD,Snapdragon 7,8838207.792207792,8032423.5633647395,8930213.511876725,8634637.256053168
7650000.0,16.0,1024,6.7,AMOLED,120.0,50,2,Honor,Medium,HD,Snapdragon 8 gen 3,15920038.738427702,11622168.102383582,9014675.89118673,8450971.988991197
13450000.0,16.0,128,6.8,AMOLED,165.0,50,3,Nubia,High,HD,Snapdragon 8 gen 2,14222146.353646355,10464582.054309327,9082156.038961038,8392006.16412573
5450000.0,12.0,256,6.77,AMOLED,120.0,50,2,Vivo,Medium,HD,Dimensity 7300,9289292.707292708,8832342.27994228,8930213.511876725,8634637.256053168
3750000.0,6.0,128,6.34,OLED,60.0,16,2,Google,Medium,HD,Snapdragon 765g,9217983.766233766,14981155.844155844,10992447.33044733,8518776.899995312
9450000.0,16.0,1024,6.74,AMOLED,144.0,50,3,Realme,High,HD,Snapdragon 8 gen 1,12930619.320638737,5983575.499638394,9014675.89118673,8450971.988991197
16250000.0,16.0,1024,6.73,LTPO AMOLED,120.0,50,3,Xiaomi,Premium,FHD,Snapdragon 8 gen 3,16102073.68142062,7907867.622033139,12428915.728715727,19970160.039960038
17150000.0,16.0,1024,6.79,LTPO AMOLED,120.0,50,3,Meizu,Premium,HD,Snapdragon 8 gen 3,16762105.856407743,9833800.324675325,12473494.036575668,8402907.66897336
8450000.0,16.0,512,6.78,LTPO AMOLED,120.0,50,2,Realme,High,HD,Snapdragon 8 gen 3,16762105.856407743,5792195.887445887,12473494.036575668,8402907.66897336
17250000.0,16.0,512,6.82,LTPO AMOLED,120.0,50,4,OPPO,Premium,FHD,Snapdragon 8 gen 3,15453158.54978355,8497237.133237133,11746066.829004327,19536329.449961804
9950000.0,8.0,128,6.39,OLED,60.0,48,4,Huawei,High,HD,Kirin 980,9884080.519480519,9970663.679177966,10640471.212382432,8450971.988991197
4730000.0,6.0,128,6.56,IPS LCD,90.0,13,2,OPPO,Medium,HD,Snapdragon 680,8143365.921578421,9115399.48138342,4396241.229006258,8450971.988991197
28990000.0,8.0,256,6.7,Dynamic AMOLED,60.0,64,3,Samsung,Premium,HD,Exynos 2100 8,11439635.234330887,13801570.887445888,12190659.281894576,8634637.256053168
24390000.0,12.0,256,6.7,LTPO OLED,120.0,50,3,Google,Premium,HD,Tensor G3,9884080.519480519,15573800.324675325,14059661.838161837,8308181.232125276
13800000.0,8.0,256,6.3,Dynamic AMOLED FHD+ Infinity-O,60.0,16,3,Samsung,High,HD,Exynos 9825,9884080.519480519,13302820.887445888,9884080.519480519,8518776.899995312
24990000.0,6.0,256,6.1,Super Retina XDR OLED,120.0,48,3,Apple,Premium,HD,A16 Bionic,11945161.385695051,19263793.57168541,17614979.227750983,8450971.988991197
12950000.0,12.0,256,6.7,OLED,144.0,50,3,Motorola,High,HD,Snapdragon 8 gen 1,12704056.747600226,9875929.717341483,10606840.645840645,8402907.66897336
14450000.0,8.0,128,6.1,Dynamic AMOLED 2X,120.0,50,3,Samsung,High,HD,Snapdragon 8 gen 2,13909838.66133866,13574247.88255223,19141569.43056943,8402907.66897336
4950000.0,12.0,256,6.67,OLED,120.0,50,2,Realme,Medium,HD,Dimensity 7300,9295244.82924483,6119544.246451223,10833669.964955678,8392006.16412573
19990000.0,6.0,256,6.7,Super Retina XDR OLED,60.0,12,2,Apple,Premium,HD,A15 Bionic,11909677.322677324,19062302.697302695,17377780.89652283,8392006.16412573
22490000.0,12.0,128,6.7,Super Retina XDR OLED,60.0,48,2,Apple,Premium,HD,A18 Bionic,15707641.737572772,19062302.697302695,17377780.89652283,8392006.16412573
16990000.0,8.0,512,6.1,Super Retina XDR OLED,60.0,48,1,Apple,Premium,HD,A18 Bionic,15707641.737572772,19062302.697302695,17377780.89652283,8392006.16412573
29990000.0,12.0,512,7.6,Dynamic AMOLED 2X,120.0,50,3,Samsung,Premium,FHD,Snapdragon 8 gen 2,14223366.883116884,12822850.58099795,18414076.376004945,19970160.039960038
8650000.0,12.0,128,6.67,Super AMOLED,60.0,64,4,Xiaomi,High,HD,Snapdragon 865,9575720.346320348,8032423.5633647395,7407607.030900134,8634637.256053168
9250000.0,12.0,256,6.67,Super AMOLED,120.0,108,4,Xiaomi,High,HD,Snapdragon 888,11301812.070282659,8032423.5633647395,7407607.030900134,8634637.256053168
6450000.0,16.0,512,6.67,OLED,120.0,200,3,Xiaomi,Medium,HD,Dimensity 7200 ultra,9884080.519480519,7907867.622033139,10590238.349885408,8308181.232125276
10250000.0,12.0,128,6.73,LTPO AMOLED,120.0,50,3,Xiaomi,High,FHD,Snapdragon 8 gen 2,14587032.207792206,7588956.679683952,11967733.495670995,19413642.463597007
2900000.0,4.0,64,6.5,"Super AMOLED, 90Hz",90.0,50,3,Samsung,Low,HD,Dimensity 700,8899650.432900432,13801570.887445888,9884080.519480519,8634637.256053168
2690000.0,8.0,128,6.6,IPS LCD,90.0,50,2,Itel,Low,HD,Unisoc t606,8950070.016939582,8220831.168831169,4392873.934982215,8634637.256053168
2000000.0,2.0,16,6.0,IPS LCD,60.0,12,2,Xiaomi,Low,HD,Snapdragon 632,9511029.066171924,7907867.622033139,4416913.256554766,8308181.232125276
9600000.0,4.0,256,6.1,Liquid Retina IPS LCD,60.0,12,2,Apple,High,HD,A13 Bionic,9865314.780457636,19317722.845336482,9884080.519480519,8518776.899995312
7950000.0,8.0,128,6.43,OLED,60.0,64,3,OPPO,Medium,HD,Snapdragon 695,8478230.617866982,8497237.133237133,10833669.964955678,8392006.16412573
13650000.0,16.0,1024,6.67,AMOLED,144.0,50,3,Xiaomi,High,HD,Dimensity 9300 plus,9958255.017709563,8068072.034632035,9082156.038961038,8392006.16412573
18950000.0,12.0,512,6.7,Dynamic LTPO AMOLED 2X,120.0,50,3,Samsung,Premium,FHD,Exynos 2400 10,9884080.519480519,13574247.88255223,12170067.099567099,19371577.179962892
7450000.0,16.0,512,6.67,AMOLED,120.0,50,2,Xiaomi,Medium,HD,Dimensity 8400 ultra,9884080.519480519,7742930.647583708,8922798.009097502,8402907.66897336
6750000.0,12.0,256,6.62,AMOLED,120.0,64,3,Vivo,Medium,HD,Helio G99,7512278.816525963,8969971.649974223,9014675.89118673,8450971.988991197
34450000.0,12.0,1024,7.6,Foldable Dynamic LTPO AMOLED 2X,120.0,50,3,Samsung,Premium,FHD,Exynos 2500,10601505.256648114,13613271.633629527,9884080.519480519,19536329.449961804
11450000.0,16.0,512,6.67,AMOLED,120.0,50,3,Vivo,High,HD,Dimensity 9300 plus,10058255.017709563,8832342.27994228,8930213.511876725,8634637.256053168
6750000.0,6.0,64,6.39,AMOLED,60.0,48,3,Xiaomi,Medium,HD,Snapdragon 730,9603886.209029065,7852799.846710074,9014675.89118673,8450971.988991197
7250000.0,12.0,256,6.55,AMOLED,120.0,50,3,Xiaomi,Medium,HD,Snapdragon 7 gen 1,9908255.017709563,7588956.679683952,9112274.266970143,8518776.899995312
11450000.0,16.0,512,6.59,AMOLED,144.0,64,3,Asus,High,HD,Snapdragon 865,9374874.458874458,13731223.834988542,9112274.266970143,8518776.899995312
7450000.0,8.0,256,6.6,AMOLED,90.0,64,3,Tecno,Medium,HD,Dimensity 9000,9887581.489656588,6016971.804015213,9014675.89118673,8450971.988991197
4550000.0,12.0,256,6.64,IPS LCD,120.0,50,2,Vivo,Medium,HD,Dimensity 7020,9601505.256648114,8832342.27994228,4392873.934982215,8634637.256053168
5990000.0,12.0,512,6.7,AMOLED,120.0,64,2,OPPO,Medium,HD,Dimensity 7050,9104487.6848607,9115399.48138342,9014675.89118673,8450971.988991197
5850000.0,8.0,256,6.6,IPS LCD,120.0,64,3,Xiaomi,Medium,HD,Dimensity 1100,9630982.290436836,8068072.034632035,4463947.352049148,8392006.16412573
4950000.0,12.0,512,6.67,AMOLED,120.0,50,3,Xiaomi,Medium,HD,Dimensity 7300 ultra,9634838.589981446,7742930.647583708,8922798.009097502,8402907.66897336
24950000.0,12.0,512,6.7,Foldable Dynamic LTPO AMOLED 2X | Màn phụ: Super AMOLED,120.0,50,2,Samsung,Premium,HD,Exynos 2500,11053886.209029065,12822850.58099795,10325700.487012986,8308181.232125276
4250000.0,8.0,256,6.66,AMOLED,90.0,50,1,Tecno,Medium,HD,Helio G99,7512278.816525963,6016971.804015213,9014675.89118673,8450971.988991197
5950000.0,12.0,512,6.77,AMOLED,120.0,50,2,Vivo,Medium,HD,Snapdragon 7,9057641.737572772,9073905.208193868,9082156.038961038,8392006.16412573
13250000.0,16.0,1024,6.82,LTPO 8T AMOLED,144.0,50,3,Vivo,High,FHD,Snapdragon 8 e,15388331.960722204,8987866.719139446,9884080.519480519,19970160.039960038
3750000.0,12.0,256,6.67,OLED,120.0,50,3,Xiaomi,Medium,HD,Dimensity 1080,9646436.83589138,7907867.622033139,10590238.349885408,8308181.232125276
14490000.0,12.0,512,6.67,AMOLED,144.0,50,3,Xiaomi,High,HD,Dimensity 9300,9788330.8865048,7588956.679683952,9112274.266970143,8518776.899995312
6790000.0,8.0,128,6.7,Super AMOLED,60.0,50,3,Samsung,Medium,HD,Exynos 1380,9630073.199527744,13613271.633629527,7586630.640545894,8392006.16412573
28590000.0,12.0,512,6.8,Dynamic AMOLED 2X,120.0,200,4,Samsung,Premium,FHD,Snapdragon 8 gen 3,15675951.232441029,13302820.887445888,18209374.0824393,19413642.463597007
2790000.0,8.0,128,6.6,IPS LCD,90.0,50,1,Itel,Low,HD,Unisoc t606,8693400.432900432,7861486.085343228,4344381.985756178,8402907.66897336
15450000.0,24.0,1024,6.78,LTPO AMOLED,165.0,50,6,Asus,Premium,HD,Snapdragon 8 gen 3,15453158.54978355,13727181.199752629,11746066.829004327,8392006.16412573
6990000.0,12.0,256,6.8,TFT LCD,120.0,108,2,Honor,Medium,HD,Dimensity 7025 ultra,9179852.625635235,11622168.102383582,8488813.744588744,8450971.988991197
5950000.0,8.0,256,6.67,AMOLED E4,120.0,50,2,Vivo,Medium,HD,Snapdragon 685,8865067.099567099,8832342.27994228,9884080.519480519,8634637.256053168
26790000.0,16.0,1024,6.82,LTPO AMOLED,120.0,50,4,OPPO,Premium,FHD,Snapdragon 8 gen 3,15453158.54978355,8497237.133237133,11746066.829004327,19536329.449961804
5550000.0,16.0,1024,6.74,OLED,144.0,64,3,Realme,Medium,HD,Snapdragon 7 gen 2,9884080.519480519,5931437.419723134,10992447.33044733,8518776.899995312
5050000.0,8.0,512,6.72,IPS LCD,120.0,50,2,ZTE,Medium,HD,Snapdragon 7,8887237.129919888,9000458.817498293,4396241.229006258,8450971.988991197
2550000.0,8.0,256,6.74,IPS LCD,90.0,50,2,Xiaomi,Low,HD,Dimensity 6100,8762864.415584415,7742930.647583708,4344381.985756178,8402907.66897336
9150000.0,16.0,512,6.74,AMOLED,120.0,50,3,OnePlus,High,HD,Snapdragon 8 gen 1,12930619.320638737,11420050.557854975,9014675.89118673,8450971.988991197
5950000.0,8.0,128,6.67,IPS LCD,60.0,48,4,Xiaomi,Medium,HD,Snapdragon 720g,9727695.73283859,7588956.679683952,4382790.110510607,8518776.899995312
4950000.0,12.0,512,6.67,AMOLED,120.0,64,3,Xiaomi,Medium,HD,Helio G99 ULTRA,9603886.209029065,7907867.622033139,9032217.12458396,8308181.232125276
7850000.0,12.0,512,6.67,OLED,120.0,200,3,Xiaomi,Medium,HD,Dimensity 7200 ultra,9884080.519480519,7852799.846710074,10640471.212382432,8450971.988991197
3650000.0,6.0,128,6.72,IPS LCD,120.0,50,2,Realme,Medium,HD,Dimensity 6100,8880067.099567099,6188148.897614014,4416913.256554766,8308181.232125276
8550000.0,8.0,256,6.77,AMOLED,120.0,50,2,Vivo,High,HD,Dimensity 7300,9018523.476523476,8987866.719139446,9032217.12458396,8308181.232125276
4430000.0,8.0,128,6.67,IPS LCD,60.0,50,1,Realme,Medium,HD,Helio G85,7062544.733044732,5931437.419723134,4382790.110510607,8518776.899995312
28550000.0,6.0,512,6.7,Super Retina XDR OLED,60.0,12,3,Apple,Premium,HD,A14 Bionic,11250070.016939582,19317722.845336482,17459177.365491647,8518776.899995312
13450000.0,12.0,256,6.78,AMOLED,120.0,50,3,Vivo,High,HD,Snapdragon 8 gen 1,12248471.04978355,8832342.27994228,8930213.511876725,8634637.256053168
18850000.0,12.0,512,6.9,Foldable LTPO AMOLED | AMOLED,165.0,13,2,Motorola,Premium,HD,Snapdragon 8 gen 1,12704056.747600226,9875929.717341483,9884080.519480519,8402907.66897336
12450000.0,12.0,256,6.62,AMOLED,120.0,48,3,Vivo,High,HD,Snapdragon 888,10491812.070282659,9073320.485965647,8922798.009097502,8402907.66897336
5550000.0,6.0,64,6.21,AMOLED,60.0,12,2,Xiaomi,Medium,HD,Snapdragon 845,9626436.83589138,7742930.647583708,8922798.009097502,8402907.66897336
2550000.0,4.0,64,6.5,LTPS IPS LCD,60.0,48,4,Vsmart,Low,HD,Snapdragon 675,9884080.519480519,7155231.359816654,9884080.519480519,8450971.988991197
5850000.0,12.0,256,6.5,P-OLED,120.0,50,2,Motorola,Medium,HD,Snapdragon 695,8478230.617866982,10283933.621933622,9884080.519480519,8392006.16412573
5450000.0,8.0,256,6.67,AMOLED,120.0,50,3,Xiaomi,Medium,HD,Dimensity 7025 ultra,9137896.103896104,7588956.679683952,9112274.266970143,8518776.899995312
26990000.0,12.0,256,6.8,Dynamic AMOLED QHD+ Infinity-O,60.0,16,3,Samsung,Premium,FHD,Exynos 9825,9884080.519480519,13302820.887445888,9884080.519480519,19413642.463597007
7950000.0,12.0,256,6.67,IPS LCD,144.0,50,3,Vivo,Medium,HD,Snapdragon 870,9284504.088504089,9073320.485965647,4344381.985756178,8402907.66897336
3150000.0,8.0,256,6.74,IPS LCD,90.0,50,2,Xiaomi,Medium,HD,Dimensity 6100,9075287.40824393,7588956.679683952,4382790.110510607,8518776.899995312
3650000.0,12.0,256,6.67,IPS LCD,120.0,50,2,OPPO,Medium,HD,Dimensity 6300,7913277.75450356,9498923.73081464,4416913.256554766,8308181.232125276
12950000.0,16.0,512,6.7,LTPO3 AMOLED,120.0,50,3,OnePlus,High,FHD,Snapdragon 8 gen 2,14199465.638046164,11420050.557854975,9884080.519480519,19559819.54785794
39890000.0,12.0,512,7.6,OLED,120.0,48,3,Google,Premium,FHD,Tensor G2,10008255.017709563,12008989.747095011,10126660.111317253,19419711.802902978
12450000.0,12.0,128,6.7,OLED,165.0,50,3,Motorola,High,HD,Snapdragon 8 gen 2,14223366.883116884,10217266.955266956,10590238.349885408,8308181.232125276
11450000.0,16.0,512,6.78,LTPO AMOLED,120.0,50,2,Realme,High,HD,Snapdragon 8 e,14307673.957621327,5931437.419723134,11967733.495670995,8518776.899995312
3550000.0,8.0,256,6.67,OLED,90.0,64,3,ZTE,Medium,HD,Snapdragon 870,9267975.746202346,9000458.817498293,10640471.212382432,8450971.988991197
14300000.0,6.0,128,6.7,"Dynamic AMOLED 2X, 120Hz",120.0,64,3,Samsung,High,FHD,Snapdragon 855,9704874.458874458,13801570.887445888,9884080.519480519,19419711.802902978
8550000.0,12.0,256,6.67,AMOLED,144.0,64,3,Xiaomi,High,HD,Snapdragon 870,9310430.014430014,7588956.679683952,9112274.266970143,8518776.899995312
12950000.0,16.0,1024,6.67,AMOLED,120.0,50,3,Vivo,High,HD,Dimensity 9400,10516809.147374365,8969971.649974223,9014675.89118673,8450971.988991197
5950000.0,12.0,256,6.67,OLED,120.0,200,3,Xiaomi,Medium,HD,Dimensity 1080,9539770.169224715,7852799.846710074,10640471.212382432,8450971.988991197
3290000.0,4.0,128,6.56,IPS LCD,90.0,8,2,OPPO,Medium,HD,Helio G85,7218617.439703153,9404846.753246753,4392873.934982215,8634637.256053168
2050000.0,2.0,32,6.5,IPS LCD,60.0,13,3,Vsmart,Low,HD,Snapdragon 632,9508648.11379097,7107550.324675324,4463947.352049148,8392006.16412573
32490000.0,16.0,512,7.82,OLED,120.0,64,3,OPPO,Premium,2K,Snapdragon 8 gen 2,14222146.353646355,8497237.133237133,10833669.964955678,21697309.3270366
7990000.0,4.0,64,6.1,OLED,60.0,12,2,Apple,Medium,HD,A14 Bionic,11404142.754478723,19263793.57168541,10640471.212382432,8450971.988991197
2390000.0,4.0,128,6.74,IPS LCD,90.0,50,2,Realme,Low,HD,Unisoc t612,9220982.290436836,6119544.246451223,4463947.352049148,8392006.16412573
13550000.0,8.0,256,6.67,Fluid AMOLED,60.0,48,3,OnePlus,High,FHD,Snapdragon 855,9747369.63036963,12093040.25974026,9925067.099567099,19413642.463597007
5450000.0,12.0,256,6.7,AMOLED,120.0,50,3,Realme,Medium,HD,Dimensity 8100,9297026.538678711,6188148.897614014,9032217.12458396,8308181.232125276
8450000.0,18.0,512,6.8,AMOLED,165.0,64,3,Nubia,High,HD,Snapdragon 8 gen1,10327146.70704789,10686475.839172356,9014675.89118673,8450971.988991197
9850000.0,12.0,256,6.78,AMOLED,120.0,50,3,Vivo,High,HD,Snapdragon 8 gen 1,12248471.04978355,8832342.27994228,8930213.511876725,8634637.256053168
5890000.0,6.0,128,6.5,Super AMOLED,60.0,50,3,Samsung,Medium,HD,Dimensity 6100,9075287.40824393,13302820.887445888,7577429.773929774,8518776.899995312
4000000.0,8.0,256,6.67,AMOLED,120.0,108,3,Xiaomi,Medium,HD,Helio G99 ULTRA,9526436.83589138,8032423.5633647395,8930213.511876725,8634637.256053168
7550000.0,8.0,256,6.4,AMOLED,60.0,64,3,OPPO,Medium,HD,Dimensity 800,9371891.381345928,9115399.48138342,9014675.89118673,8450971.988991197
5450000.0,8.0,128,6.4,Super AMOLED,90.0,108,3,Realme,Medium,HD,Snapdragon 680,8198387.012987013,5811214.52041934,7407607.030900134,8634637.256053168
7090000.0,8.0,128,6.6,Super AMOLED,120.0,48,3,Samsung,Medium,HD,Dimensity 1080,9494618.6540732,13613271.633629527,7586630.640545894,8392006.16412573
4950000.0,8.0,256,6.7,Super AMOLED,120.0,50,3,Samsung,Medium,HD,Exynos 1380 8,9625314.780457636,13801570.887445888,7407607.030900134,8634637.256053168
13050000.0,12.0,512,6.78,AMOLED,120.0,50,3,Vivo,High,HD,Dimensity 9200,10571600.3996004,8832342.27994228,8930213.511876725,8634637.256053168
7150000.0,12.0,256,6.64,IPS LCD,120.0,50,2,Vivo,Medium,HD,Dimensity 7020,9615790.970933829,8969971.649974223,4396241.229006258,8450971.988991197
2690000.0,6.0,256,6.6,IPS LCD,90.0,50,2,Nubia,Low,HD,Unisoc t606,8797734.933182757,10686475.839172356,4396241.229006258,8450971.988991197
7880000.0,8.0,256,6.78,AMOLED,120.0,64,2,Vivo,Medium,HD,Snapdragon 695,8372903.153988869,9073320.485965647,8922798.009097502,8402907.66897336
10150000.0,16.0,512,6.67,AMOLED,144.0,50,3,Xiaomi,High,HD,Dimensity 8300 ultra,9793886.209029065,8068072.034632035,9082156.038961038,8392006.16412573
4450000.0,6.0,128,6.6,IPS LCD,90.0,50,2,Xiaomi,Medium,HD,Dimensity 810,9286156.97346132,8032423.5633647395,4392873.934982215,8634637.256053168
31550000.0,16.0,512,6.78,AMOLED,165.0,50,3,Asus,Premium,HD,Snapdragon 8 gen 2,13982232.207792208,12726040.25974026,8930213.511876725,8634637.256053168
5150000.0,12.0,256,6.64,IPS LCD,120.0,64,2,Vivo,Medium,HD,Snapdragon 782g,9771891.381345926,8987866.719139446,4416913.256554766,8308181.232125276
12990000.0,6.0,128,6.1,OLED,60.0,12,2,Apple,High,HD,A15 Bionic,12236600.3996004,20067950.11806375,10126660.111317253,8634637.256053168
21450000.0,6.0,128,6.1,Super Retina XDR OLED,60.0,12,2,Apple,Premium,HD,A15 Bionic,11589264.415584417,18863897.687678173,17391463.079777364,8308181.232125276
4590000.0,6.0,128,6.67,LCD,90.0,50,1,OPPO,Medium,HD,Snapdragon 6,9395527.74498229,9115399.48138342,8255991.129958476,8450971.988991197
7150000.0,12.0,256,6.7,AMOLED,120.0,50,2,Nothing,Medium,HD,Dimensity 7200 pro,9884080.519480519,9815553.789068075,9014675.89118673,8450971.988991197
3450000.0,6.0,128,6.4,Super AMOLED,60.0,48,3,Samsung,Medium,HD,Exynos 9611 8,9793886.209029065,13613271.633629527,7586630.640545894,8392006.16412573
3790000.0,4.0,128,6.67,AMOLED,120.0,50,3,Xiaomi,Medium,HD,Snapdragon 685,8904464.415584415,7588956.679683952,9112274.266970143,8518776.899995312
7990000.0,12.0,512,6.78,AMOLED,120.0,108,2,Honor,Medium,HD,Snapdragon 6 gen 1,8559710.703090014,10854671.614100186,8930213.511876725,8634637.256053168
2050000.0,4.0,128,6.56,TFT LCD,90.0,50,2,Honor,Low,HD,Helio G36,8911809.147374364,11774360.173160173,8770067.099567099,8402907.66897336
6450000.0,12.0,512,6.7,LTPO AMOLED,120.0,50,3,Realme,Medium,FHD,Snapdragon 8 gen 1,13727574.734356552,6188148.897614014,12428915.728715727,19970160.039960038
25450000.0,8.0,1024,6.7,LTPO Super Retina XDR OLED,120.0,48,3,Apple,Premium,HD,A17 Bionic,9884080.519480519,19347162.02844774,12385953.399541633,8402907.66897336
13950000.0,16.0,256,6.78,AMOLED,144.0,64,3,Asus,High,HD,Snapdragon 888,11142345.546972997,13506057.435829198,9014675.89118673,8450971.988991197
4690000.0,8.0,256,6.72,IPS LCD,120.0,50,2,Nubia,Medium,HD,Unisoc t820,9603410.018552875,10499165.4432524,4344381.985756178,8402907.66897336
9450000.0,8.0,256,6.4,Super AMOLED,90.0,50,3,Realme,High,HD,Dimensity 920,9884080.519480519,5983575.499638394,7437844.981893155,8450971.988991197
6450000.0,16.0,1024,6.78,LTPO AMOLED,144.0,50,2,Vivo,Medium,HD,Snapdragon 8 gen 2,14223366.883116884,8987866.719139446,12428915.728715727,8308181.232125276
4150000.0,6.0,128,6.53,IPS LCD,60.0,48,4,Xiaomi,Medium,HD,Helio G85,7014766.955266955,7907867.622033139,4416913.256554766,8308181.232125276
3450000.0,8.0,128,6.5,IPS LCD,120.0,48,3,Realme,Medium,HD,Snapdragon 750g,9672933.828076685,5811214.52041934,4392873.934982215,8634637.256053168
2490000.0,6.0,128,6.58,IPS LCD,90.0,50,3,Xiaomi,Low,HD,Helio G99,7513474.582560296,7907867.622033139,4416913.256554766,8308181.232125276
19750000.0,12.0,512,6.74,Foldable LTPO AMOLED | Màn phụ: AMOLED,120.0,50,2,Vivo,Premium,HD,Snapdragon 8 gen 1,12248471.04978355,8832342.27994228,10231950.487012986,8634637.256053168
5550000.0,8.0,256,6.72,IPS LCD,90.0,108,2,Realme,Medium,HD,Snapdragon 685,8832409.605579605,5983575.499638394,4396241.229006258,8450971.988991197
2890000.0,8.0,128,6.78,IPS LCD,60.0,50,1,Tecno,Low,HD,Helio G88,8867150.432900432,6050317.799847212,4382790.110510607,8518776.899995312
31990000.0,16.0,512,6.73,AMOLED,120.0,200,4,Xiaomi,Premium,FHD,Snapdragon 8 e,14965491.145218419,7742930.647583708,8922798.009097502,19371577.179962892
7350000.0,12.0,256,6.77,OLED,120.0,50,2,Realme,Medium,HD,Dimensity 7300,9289292.707292708,5811214.52041934,10126660.111317253,8634637.256053168
2550000.0,8.0,256,6.78,IPS LCD,120.0,108,2,Tecno,Low,HD,Helio G99,7513474.582560296,5928023.005565863,4416913.256554766,8308181.232125276
4850000.0,12.0,512,6.67,IPS LCD,120.0,50,2,Realme,Medium,HD,Dimensity 6100,8880067.099567099,6188148.897614014,4416913.256554766,8308181.232125276
34800000.0,8.0,1024,6.9,LTPO Super Retina XDR OLED,120.0,48,3,Apple,Premium,HD,A18 Bionic,15538836.678473042,18863897.687678173,13424221.462747777,8308181.232125276
3750000.0,6.0,128,6.43,AMOLED,90.0,50,4,Xiaomi,Medium,HD,Snapdragon 680,8198387.012987013,8032423.5633647395,8930213.511876725,8634637.256053168
5250000.0,12.0,256,6.67,AMOLED,120.0,50,1,Realme,Medium,HD,Dimensity 7300,9295244.82924483,6119544.246451223,9082156.038961038,8392006.16412573
10500000.0,16.0,1024,6.8,AMOLED,120.0,50,3,ZTE,High,HD,Snapdragon 8 gen 2,14199465.638046164,9000458.817498293,9014675.89118673,8450971.988991197
7950000.0,12.0,512,6.67,OLED,144.0,108,3,Xiaomi,Medium,HD,Snapdragon 8 gen 1,12930619.320638737,7852799.846710074,10640471.212382432,8450971.988991197
6750000.0,8.0,128,6.43,"Super AMOLED, 120Hz",120.0,64,3,Realme,Medium,HD,Dimensity 1200,9653709.563164108,5811214.52041934,9656950.487012986,8634637.256053168
7990000.0,8.0,64,6.5,Super AMOLED,60.0,48,3,Samsung,Medium,HD,Exynos 9611 8,9577695.73283859,12822850.58099795,7228245.286971093,8308181.232125276
4950000.0,12.0,256,6.67,OLED,120.0,48,3,Xiaomi,Medium,FHD,Dimensity 8100,9165900.432900432,8068072.034632035,10833669.964955678,19536329.449961804
7950000.0,12.0,256,6.7,AMOLED,120.0,50,2,Nothing,Medium,HD,Dimensity 7350 pro,9836743.35188621,9982369.63036963,9112274.266970143,8518776.899995312
6950000.0,12.0,256,6.7,OLED,120.0,108,3,OPPO,Medium,HD,Snapdragon 695,8478230.617866982,8497237.133237133,10833669.964955678,8392006.16412573
7350000.0,8.0,256,6.6,IPS LCD,144.0,64,3,Xiaomi,Medium,HD,Dimensity 8100,9065900.432900432,7742930.647583708,4344381.985756178,8402907.66897336
18990000.0,6.0,256,6.1,Super Retina XDR OLED,60.0,48,2,Apple,Premium,HD,A16 Bionic,12214064.415584417,19062302.697302695,17377780.89652283,8392006.16412573
6350000.0,16.0,512,6.67,OLED,120.0,64,3,Xiaomi,Medium,FHD,Snapdragon 8 gen 1,13573756.55253837,7588956.679683952,10992447.33044733,19413642.463597007
10450000.0,16.0,128,6.78,LTPO4 AMOLED,144.0,50,3,Vivo,High,FHD,Snapdragon 8 gen 2,13909838.66133866,9073320.485965647,10474188.693659281,19371577.179962892
10550000.0,12.0,256,6.41,Super AMOLED,60.0,48,3,Vivo,High,HD,Snapdragon 855,9747369.63036963,8905240.456513183,7577429.773929774,8518776.899995312
5950000.0,16.0,512,6.78,AMOLED,144.0,50,2,Vivo,Medium,HD,Snapdragon 8 gen 1,12930619.320638737,8969971.649974223,9014675.89118673,8450971.988991197
7450000.0,16.0,512,6.7,AMOLED,120.0,50,2,Honor,Medium,HD,Snapdragon 7 gen 3,9278331.392745186,10854671.614100186,8930213.511876725,8634637.256053168
6600000.0,4.0,64,6.5,IPS LCD,90.0,64,3,Realme,Medium,HD,Helio G90,9661029.066171924,5811214.52041934,4392873.934982215,8634637.256053168
2350000.0,8.0,256,6.79,IPS LCD,90.0,50,2,Xiaomi,Low,HD,Snapdragon 4 gen 2,9096733.766233766,7742930.647583708,4344381.985756178,8402907.66897336
3450000.0,8.0,256,6.77,IPS LCD,120.0,108,2,Honor,Medium,HD,Snapdragon 685,8865067.099567099,10854671.614100186,4392873.934982215,8634637.256053168
19950000.0,16.0,512,6.82,LTPO3 AMOLED,120.0,50,3,OPPO,Premium,FHD,Snapdragon 8 gen 2,14199465.638046164,9115399.48138342,9884080.519480519,19559819.54785794
2750000.0,3.0,32,6.52,IPS LCD,60.0,8,2,Xiaomi,Low,HD,Helio a22,9503410.018552875,7907867.622033139,4416913.256554766,8308181.232125276
6650000.0,12.0,256,6.78,AMOLED,120.0,108,3,Tecno,Medium,HD,Dimensity 6080,9250504.799548278,6176693.506493507,8922798.009097502,8402907.66897336
16490000.0,8.0,256,6.36,AMOLED,120.0,50,3,Xiaomi,Premium,HD,Snapdragon 8,9871049.41753132,7852799.846710074,9014675.89118673,8450971.988991197
5750000.0,16.0,512,6.78,LTPO AMOLED,120.0,50,2,Realme,Medium,HD,Snapdragon 7 gen 3,9278331.392745186,5811214.52041934,12704106.281473627,8634637.256053168
12250000.0,16.0,1024,6.67,LTPO AMOLED,120.0,50,3,Vivo,High,HD,Dimensity 9400 plus,10149124.30426716,8987866.719139446,12428915.728715727,8308181.232125276
7550000.0,6.0,128,6.57,IPS LCD,144.0,48,3,Vivo,Medium,HD,Snapdragon 865,9965414.6567718,9073320.485965647,4344381.985756178,8402907.66897336
11750000.0,18.0,512,6.8,AMOLED,165.0,64,3,Nubia,High,HD,Snapdragon 8 gen 1,13600415.584415585,10464582.054309327,9082156.038961038,8392006.16412573
4050000.0,12.0,256,6.67,OLED,120.0,50,2,Xiaomi,Medium,HD,Dimensity 7025 ultra,9198765.669113494,7742930.647583708,10606840.645840645,8402907.66897336
2250000.0,8.0,256,6.67,IPS LCD,120.0,50,1,Tecno,Low,HD,Helio G81,9508171.92331478,6050317.799847212,4382790.110510607,8518776.899995312
4650000.0,8.0,256,6.7,AMOLED,120.0,50,2,Realme,Medium,HD,Snapdragon 6 gen 1,8913763.347763347,6188148.897614014,9032217.12458396,8308181.232125276
7650000.0,12.0,512,6.67,AMOLED,120.0,50,2,Xiaomi,Medium,HD,Dimensity 8400 ultra,9884080.519480519,7852799.846710074,9014675.89118673,8450971.988991197
8150000.0,12.0,256,6.43,Super AMOLED,120.0,64,3,Realme,High,HD,Snapdragon 888,11142345.546972997,5983575.499638394,7437844.981893155,8450971.988991197
4600000.0,6.0,128,6.51,IPS LCD,60.0,50,3,Vivo,Medium,HD,Helio G80,9231374.364765668,8832342.27994228,4392873.934982215,8634637.256053168
5450000.0,12.0,256,6.7,AMOLED,120.0,50,3,Realme,Medium,HD,Snapdragon 6 gen 1,8822471.09376666,5983575.499638394,9014675.89118673,8450971.988991197
9750000.0,12.0,256,6.73,LTPO AMOLED,120.0,50,3,Xiaomi,High,FHD,Snapdragon 8 gen 1,12704056.747600226,7742930.647583708,12473494.036575668,19371577.179962892
5790000.0,8.0,256,6.78,AMOLED,120.0,108,3,Infinix,Medium,HD,Helio G99,7421711.399711399,8460720.346320346,9082156.038961038,8392006.16412573
5750000.0,6.0,128,6.67,IPS LCD,120.0,64,4,Realme,Medium,HD,Snapdragon 765g,9194274.788255224,5983575.499638394,4396241.229006258,8450971.988991197
3790000.0,4.0,128,6.5,IPS LCD,60.0,50,2,Motorola,Medium,HD,Tiger t616 8,9884080.519480519,10103441.896427993,4396241.229006258,8450971.988991197
12950000.0,12.0,256,6.7,AMOLED,120.0,50,3,OPPO,High,HD,Dimensity 8100max,9696743.35188621,9498923.73081464,9032217.12458396,8308181.232125276
44490000.0,12.0,1024,6.8,Dynamic AMOLED 2X,120.0,200,4,Samsung,Premium,FHD,Snapdragon 8 gen 3,16102073.68142062,12822850.58099795,18414076.376004945,19970160.039960038
19950000.0,16.0,1024,6.8,LTPO OLED,120.0,200,3,Honor,Premium,HD,Snapdragon 8 e,14965491.145218419,11774360.173160173,13929685.99257885,8402907.66897336
14750000.0,16.0,1024,6.78,AMOLED,120.0,50,3,Honor,High,HD,Snapdragon 8 gen 3,16102073.68142062,11405509.844993716,9032217.12458396,8308181.232125276
2600000.0,4.0,64,6.5,IPS LCD,60.0,8,1,Realme,Low,HD,Sc9863a 8 ,9514838.589981446,5983575.499638394,4396241.229006258,8450971.988991197
6250000.0,6.0,128,6.1,OLED,60.0,12,2,Google,Medium,HD,Tensor 8,9884080.519480519,15573800.324675325,10590238.349885408,8308181.232125276
1810000.0,2.0,32,6.5,PLS LCD,60.0,8,1,Samsung,Low,HD,Sc9863a 8 ,9530076.685219541,13574247.88255223,7049277.222777222,8402907.66897336
2750000.0,4.0,128,6.53,IPS LCD,60.0,13,3,Xiaomi,Low,HD,Helio G35,8941374.364765668,8032423.5633647395,4392873.934982215,8634637.256053168
12100000.0,6.0,128,6.41,Super AMOLED,60.0,48,4,Vivo,High,HD,Snapdragon 865,9578331.392745186,8987866.719139446,7228245.286971093,8308181.232125276
3990000.0,8.0,256,6.43,AMOLED,90.0,50,2,OPPO,Medium,HD,Snapdragon 680,8193387.012987013,9207062.380242707,8922798.009097502,8402907.66897336
19490000.0,6.0,128,6.7,Super Retina XDR OLED,60.0,48,2,Apple,Premium,HD,A16 Bionic,11945161.385695051,19263793.57168541,17614979.227750983,8450971.988991197
6750000.0,8.0,256,6.57,IPS LCD - Tần số 144Hz,144.0,48,3,Vivo,Medium,HD,Dimensity 1000,9782457.637600495,9073905.208193868,9884080.519480519,8392006.16412573
4590000.0,8.0,128,6.4,Super AMOLED,90.0,108,2,Realme,Medium,HD,Helio G99,7557106.187929717,5931437.419723134,7577429.773929774,8518776.899995312
6050000.0,16.0,512,6.78,AMOLED,144.0,50,2,Vivo,Medium,HD,Snapdragon 8,10088464.415584415,8832342.27994228,8930213.511876725,8634637.256053168
3650000.0,6.0,128,6.5,"IPS LCD, 90Hz, 600 nits",90.0,48,3,Realme,Medium,HD,Dimensity 700,8719664.415584415,6188148.897614014,9884080.519480519,8308181.232125276
5690000.0,8.0,256,6.67,AMOLED,120.0,50,3,Realme,Medium,HD,Dimensity 7050,9164874.458874458,5931437.419723134,9112274.266970143,8518776.899995312
5950000.0,12.0,512,6.7,AMOLED,120.0,100,2,Realme,Medium,HD,Dimensity 7050,9073986.085343229,5792195.887445887,8922798.009097502,8402907.66897336
8550000.0,16.0,1024,6.78,LTPO AMOLED,120.0,50,3,OnePlus,High,HD,Snapdragon 8 gen 3,15675951.232441029,12093040.25974026,11967733.495670995,8518776.899995312
4450000.0,6.0,128,6.6,IPS LCD,120.0,50,3,Realme,Medium,HD,Helio G96,9179635.234330887,5931437.419723134,4382790.110510607,8518776.899995312
4300000.0,8.0,128,6.6,PLS LCD,90.0,50,4,Samsung,Medium,HD,Snapdragon 680,8197720.346320346,12822850.58099795,7027738.76123876,8308181.232125276
12850000.0,12.0,256,6.67,AMOLED,120.0,200,3,Xiaomi,High,HD,Snapdragon 8 gen 1,12704056.747600226,7742930.647583708,8922798.009097502,8402907.66897336
10450000.0,16.0,512,6.55,OLED,144.0,50,3,Meizu,High,HD,Snapdragon 8 gen 2,14587032.207792206,9539387.012987014,10992447.33044733,8518776.899995312
15450000.0,16.0,512,6.67,OLED,144.0,108,3,Xiaomi,Premium,HD,Snapdragon 8 gen1,10370939.582156973,7907867.622033139,10590238.349885408,8308181.232125276
7450000.0,12.0,512,6.67,OLED,120.0,108,3,Xiaomi,Medium,FHD,Dimensity 9000,9887581.489656588,7852799.846710074,10640471.212382432,19559819.54785794
7550000.0,6.0,64,6.39,Super AMOLED,60.0,48,3,Xiaomi,Medium,HD,Snapdragon 855,9810779.85770843,7852799.846710074,7437844.981893155,8450971.988991197
7050000.0,8.0,256,6.78,AMOLED,120.0,64,2,Vivo,Medium,HD,Dimensity 7200,9563983.060417842,9073320.485965647,8922798.009097502,8402907.66897336
10150000.0,16.0,512,6.78,AMOLED,120.0,50,3,Vivo,High,HD,Dimensity 9200,10503782.467532467,8969971.649974223,9014675.89118673,8450971.988991197
2220000.0,4.0,128,6.5,PLS LCD,60.0,13,2,Samsung,Low,HD,Helio p35,9387567.099567099,13613271.633629527,7485269.904009034,8392006.16412573
3950000.0,8.0,256,6.78,IPS LCD,120.0,50,1,Tecno,Medium,HD,Helio G99,7513474.582560296,5928023.005565863,4416913.256554766,8308181.232125276
2150000.0,4.0,64,6.56,TFT LCD,90.0,13,1,Honor,Low,HD,Helio G36,8630067.099567099,12385478.945297128,8260060.389610389,8518776.899995312
5200000.0,6.0,128,6.53,IPS LCD,60.0,64,4,Xiaomi,Medium,HD,Helio G90,9727695.73283859,7907867.622033139,4416913.256554766,8308181.232125276
4590000.0,12.0,512,7.1,AMOLED,90.0,64,3,Xiaomi,Medium,FHD,Snapdragon 865,9965414.6567718,7742930.647583708,8922798.009097502,19371577.179962892
9150000.0,16.0,512,6.78,LTPO OLED,144.0,50,2,Meizu,High,HD,Snapdragon 8 gen 2,14222146.353646355,10408800.324675325,13358563.251563251,8392006.16412573
5950000.0,8.0,256,6.67,AMOLED,120.0,50,3,Realme,Medium,HD,Dimensity 7050,9095615.1996152,6188148.897614014,9032217.12458396,8308181.232125276
12850000.0,12.0,512,6.67,AMOLED,120.0,50,2,Xiaomi,High,FHD,Snapdragon 8 gen 3,15453158.54978355,8068072.034632035,9082156.038961038,19536329.449961804
41990000.0,12.0,256,7.6,Dynamic AMOLED 2X,120.0,12,4,Samsung,Premium,FHD,Snapdragon 888,10491812.070282659,13574247.88255223,19141569.43056943,19371577.179962892
24490000.0,6.0,256,6.1,Super Retina XDR OLED,120.0,12,3,Apple,Premium,HD,A15 Bionic,11909677.322677324,19062302.697302695,17377780.89652283,8392006.16412573
25950000.0,12.0,512,6.81,LTPO OLED,120.0,64,3,Honor,Premium,HD,Snapdragon 8 gen 1,12704056.747600226,11774360.173160173,13929685.99257885,8402907.66897336
5150000.0,8.0,256,6.43,Super AMOLED,90.0,64,2,Realme,Medium,HD,Dimensity 6020,9237809.147374364,6119544.246451223,7586630.640545894,8392006.16412573
3050000.0,6.0,128,6.6,PLS LCD,60.0,50,4,Samsung,Medium,HD,Exynos 850 8,9344164.108618654,13613271.633629527,7485269.904009034,8392006.16412573
6990000.0,8.0,256,6.67,AMOLED,120.0,50,3,OPPO,Medium,HD,Helio G100,9355527.74498229,9404846.753246753,8930213.511876725,8634637.256053168
18950000.0,16.0,1024,6.73,LTPO AMOLED,120.0,50,3,Xiaomi,Premium,FHD,Snapdragon 8 e,14307673.957621327,7588956.679683952,11967733.495670995,19413642.463597007
7450000.0,12.0,256,6.8,AMOLED,144.0,64,4,Nubia,Medium,HD,Snapdragon 888,11451812.070282659,11255491.145218419,9112274.266970143,8518776.899995312
10450000.0,12.0,256,6.62,"AMOLED, 120Hz",120.0,48,3,Vivo,High,HD,Snapdragon 888,11285929.717341483,8987866.719139446,9884080.519480519,8308181.232125276
8950000.0,8.0,256,6.7,AMOLED,120.0,64,3,OPPO,High,HD,Dimensity 7050,9126726.310726311,8497237.133237133,9082156.038961038,8392006.16412573
28450000.0,12.0,512,7.9,Foldable OLED | OLED,90.0,54,3,Honor,Premium,FHD,Snapdragon 8 gen 1,12248471.04978355,10854671.614100186,9884080.519480519,19419711.802902978
5090000.0,8.0,128,6.67,IPS LCD,60.0,50,2,Vivo,Medium,HD,Helio G85,7128903.153988868,9073905.208193868,4463947.352049148,8392006.16412573
42990000.0,12.0,1024,6.9,Super Retina XDR OLED,120.0,48,3,Apple,Premium,HD,A18 Bionic,15538836.678473042,18863897.687678173,17391463.079777364,8308181.232125276
13000000.0,12.0,512,6.8,AMOLED,120.0,50,3,Nubia,High,HD,Snapdragon 8 gen 3,16762105.856407743,10499165.4432524,8922798.009097502,8402907.66897336
2750000.0,4.0,128,6.5,IPS LCD,60.0,50,2,Realme,Low,HD,Tiger t612 8,8686733.766233766,6188148.897614014,4416913.256554766,8308181.232125276
23450000.0,16.0,512,7.92,Foldable LTPO OLED | Màn phụ: LTPO OLED,120.0,50,3,Honor,Premium,2K,Snapdragon 8 gen 1,12248471.04978355,10854671.614100186,9884080.519480519,20340040.25974026
17050000.0,12.0,512,6.8,AMOLED,120.0,50,3,ZTE,Premium,HD,Snapdragon 8 gen 3,16123426.611124724,8797550.324675325,8930213.511876725,8634637.256053168
6150000.0,6.0,128,6.21,Super AMOLED,60.0,12,2,Xiaomi,Medium,HD,Snapdragon 845,9660609.433856187,7852799.846710074,7437844.981893155,8450971.988991197
19990000.0,8.0,256,6.6,Dynamic AMOLED 2X,120.0,50,3,Samsung,Premium,HD,Snapdragon 8 gen 2,14223366.883116884,12822850.58099795,18414076.376004945,8308181.232125276
7550000.0,24.0,1024,6.67,OLED,144.0,50,3,Xiaomi,Medium,HD,Dimensity 9200,10556733.766233766,8068072.034632035,10833669.964955678,8392006.16412573
9650000.0,16.0,1024,6.78,LTPO AMOLED,144.0,50,2,Vivo,High,HD,Dimensity 9300,9982800.472255018,8832342.27994228,12704106.281473627,8634637.256053168
4650000.0,12.0,512,6.67,AMOLED,120.0,50,3,Xiaomi,Medium,HD,Dimensity 7300 ultra,9649124.30426716,8068072.034632035,9082156.038961038,8392006.16412573
1990000.0,3.0,64,6.74,LCD,90.0,8,1,Realme,Low,HD,Unisoc t612,8910939.582156973,6188148.897614014,8440560.38961039,8308181.232125276
16590000.0,16.0,512,6.67,AMOLED,120.0,50,3,Xiaomi,Premium,FHD,Snapdragon 8 e,14307673.957621327,7588956.679683952,9112274.266970143,19413642.463597007
9950000.0,8.0,256,6.7,Super AMOLED Plus,120.0,50,3,Samsung,High,HD,Snapdragon 7 gen 1,9908255.017709563,13302820.887445888,9139511.544011543,8518776.899995312
4950000.0,6.0,128,6.9,OLED,120.0,50,2,ZTE,Medium,HD,Snapdragon 7 gen 1,9846119.039063703,9000458.817498293,10640471.212382432,8450971.988991197
10450000.0,16.0,512,6.55,AMOLED,120.0,50,3,Xiaomi,High,HD,Snapdragon 8,9887096.68109668,8068072.034632035,9082156.038961038,8392006.16412573
8950000.0,16.0,1024,6.59,AMOLED,120.0,50,2,OPPO,High,HD,Dimensity 8350,9982457.637600495,9498923.73081464,9032217.12458396,8308181.232125276
7950000.0,8.0,128,6.5,Super AMOLED,120.0,64,4,Samsung,Medium,HD,Exynos 1280 8,9760552.875695731,13801570.887445888,7407607.030900134,8634637.256053168
3190000.0,4.0,64,6.74,IPS LCD,90.0,32,1,Realme,Medium,HD,Unisoc t612,8858765.669113494,5792195.887445887,4344381.985756178,8402907.66897336
6450000.0,8.0,128,6.67,AMOLED,120.0,64,2,Vivo,Medium,HD,Snapdragon 4 gen 1,9677695.73283859,8832342.27994228,8930213.511876725,8634637.256053168
4490000.0,8.0,128,6.67,IPS LCD,120.0,50,1,Realme,Medium,HD,Dimensity 6300,7913277.75450356,6188148.897614014,4416913.256554766,8308181.232125276
5050000.0,8.0,256,6.67,AMOLED,120.0,50,2,Realme,Medium,HD,Snapdragon 6 gen 4,9884080.519480519,6188148.897614014,9032217.12458396,8308181.232125276
9450000.0,12.0,256,6.62,AMOLED,120.0,48,3,Vivo,High,HD,Snapdragon 888,10491812.070282659,9073320.485965647,8922798.009097502,8402907.66897336
6850000.0,12.0,256,6.67,AMOLED,120.0,50,1,Realme,Medium,HD,Dimensity 7300,9289292.707292708,5811214.52041934,8930213.511876725,8634637.256053168
2300000.0,4.0,64,6.2,IPS LCD,60.0,12,1,Xiaomi,Low,HD,Snapdragon 439,9530076.685219541,8032423.5633647395,4392873.934982215,8634637.256053168
7450000.0,16.0,1024,6.74,AMOLED,120.0,50,2,OnePlus,Medium,HD,Dimensity 9300,9788330.8865048,12093040.25974026,9112274.266970143,8518776.899995312
4150000.0,8.0,256,6.72,IPS LCD,90.0,108,2,Realme,Medium,HD,Snapdragon 685,8832409.605579605,5983575.499638394,4396241.229006258,8450971.988991197
4590000.0,8.0,256,6.78,AMOLED,60.0,108,1,Tecno,Medium,HD,Helio G100,9464618.6540732,5928023.005565863,9032217.12458396,8308181.232125276
10850000.0,16.0,512,6.67,AMOLED,120.0,64,3,Xiaomi,High,FHD,Snapdragon 8 gen 1,13727574.734356552,7907867.622033139,9032217.12458396,19970160.039960038
19950000.0,16.0,1024,6.73,LTPO AMOLED,120.0,50,3,Xiaomi,Premium,FHD,Snapdragon 8 e,14916899.646720976,7852799.846710074,12260284.8253566,19559819.54785794
20950000.0,6.0,1024,6.7,Super Retina,120.0,12,3,Apple,Premium,HD,A15 Bionic,11968384.375254376,19263793.57168541,9884080.519480519,8450971.988991197
6950000.0,8.0,128,6.72,IPS LCD,120.0,108,3,OnePlus,Medium,HD,Snapdragon 695,8804291.223927587,12093040.25974026,4382790.110510607,8518776.899995312
3350000.0,6.0,128,6.53,IPS LCD,60.0,48,3,Xiaomi,Medium,HD,Snapdragon 662,9884080.519480519,8032423.5633647395,4392873.934982215,8634637.256053168
9050000.0,8.0,256,6.5,AMOLED,60.0,48,4,OPPO,High,HD,Snapdragon 730g,9268330.8865048,9498923.73081464,9032217.12458396,8308181.232125276
3850000.0,8.0,512,6.6,IPS LCD,144.0,64,3,Xiaomi,Medium,HD,Dimensity 8100,9211733.766233766,7588956.679683952,4382790.110510607,8518776.899995312
2120000.0,8.0,128,6.5,PLS LCD,60.0,50,2,Samsung,Low,HD,Helio p35,8865061.938061938,12822850.58099795,7027738.76123876,8308181.232125276
12990000.0,8.0,256,6.7,Super AMOLED Plus,120.0,108,4,Samsung,High,HD,Snapdragon 778g,9278169.29560463,13424795.765908169,9461343.5828877,8450971.988991197
10950000.0,12.0,512,6.73,LTPO AMOLED,120.0,50,3,Xiaomi,High,FHD,Snapdragon 8 gen 1,13600415.584415585,8068072.034632035,11746066.829004327,19536329.449961804
7150000.0,16.0,1024,6.78,AMOLED,144.0,50,2,Vivo,Medium,HD,Dimensity 8400,9884080.519480519,8969971.649974223,9014675.89118673,8450971.988991197
12950000.0,8.0,512,6.1,Super Retina XDR OLED,60.0,48,1,Apple,High,HD,A18 Bionic,16855341.482047364,20067950.11806375,18590558.09979494,8634637.256053168
2700000.0,8.0,512,6.67,IPS LCD,120.0,32,2,OPPO,Low,HD,Dimensity 6300,7913277.75450356,9498923.73081464,4416913.256554766,8308181.232125276
4550000.0,12.0,256,6.67,AMOLED,90.0,64,3,Xiaomi,Medium,HD,Snapdragon 865,9600046.540964633,7852799.846710074,9014675.89118673,8450971.988991197
4150000.0,16.0,512,6.67,AMOLED,120.0,200,3,Xiaomi,Medium,HD,Snapdragon 7,9057641.737572772,8068072.034632035,9082156.038961038,8392006.16412573
2390000.0,8.0,128,6.6,IPS LCD,90.0,50,1,Itel,Low,HD,Unisoc t606,8710067.099567099,7890057.513914657,4463947.352049148,8392006.16412573
6790000.0,8.0,128,6.7,Flexible AMOLED On-cell,120.0,50,2,Nothing,Medium,HD,Dimensity 7200 pro,9884080.519480519,9815553.789068075,9884080.519480519,8450971.988991197
25990000.0,8.0,256,6.7,Dynamic AMOLED 2X,120.0,12,2,Samsung,Premium,HD,Snapdragon 8 gen 1,12704056.747600226,13574247.88255223,19141569.43056943,8402907.66897336
6950000.0,12.0,256,6.78,AMOLED,120.0,64,2,Vivo,Medium,HD,Dimensity 7200,9471733.766233766,8832342.27994228,8930213.511876725,8634637.256053168
12550000.0,8.0,512,6.78,AMOLED,120.0,50,3,Vivo,High,HD,Snapdragon 778g,9368986.085343229,8905240.456513183,9112274.266970143,8518776.899995312
22790000.0,6.0,256,6.7,Super Retina XDR OLED,60.0,48,2,Apple,Premium,HD,A16 Bionic,12674677.322677324,18863897.687678173,17391463.079777364,8308181.232125276
3450000.0,6.0,128,6.67,IPS LCD,90.0,8,1,OPPO,Medium,HD,Snapdragon 6,9443709.563164108,9498923.73081464,4416913.256554766,8308181.232125276
25900000.0,12.0,1024,6.9,Dynamic LTPO AMOLED 2X,120.0,200,4,Samsung,Premium,FHD,Snapdragon 8 e,14307673.957621327,13302820.887445888,11783955.988455988,19413642.463597007
7350000.0,16.0,1024,6.67,OLED,120.0,50,3,Xiaomi,Medium,FHD,Snapdragon 8 gen 2,14223366.883116884,7907867.622033139,10590238.349885408,19970160.039960038
3950000.0,6.0,64,6.39,Super AMOLED,60.0,48,3,Xiaomi,Medium,HD,Snapdragon 855,9939677.322677322,7742930.647583708,7209051.738583996,8402907.66897336
8150000.0,16.0,512,6.67,AMOLED,120.0,50,2,Vivo,High,HD,Snapdragon 7 gen 3,9311486.085343229,8905240.456513183,9112274.266970143,8518776.899995312
23450000.0,16.0,1024,6.86,Foldable LTPO AMOLED | Màn hình phụ: AMOLED,120.0,50,2,Xiaomi,Premium,HD,Snapdragon 8 e,14307673.957621327,7588956.679683952,9884080.519480519,8518776.899995312
2450000.0,6.0,128,6.53,IPS LCD,60.0,13,1,Xiaomi,Low,HD,Helio G25,9884080.519480519,7907867.622033139,4416913.256554766,8308181.232125276
7950000.0,12.0,256,6.67,AMOLED,144.0,64,3,Xiaomi,Medium,HD,Snapdragon 888,11301812.070282659,8032423.5633647395,8930213.511876725,8634637.256053168
16950000.0,8.0,256,7.2,OLED,60.0,40,3,Huawei,Premium,HD,Kirin 980,9884080.519480519,9283628.942486085,10833669.964955678,8392006.16412573
2650000.0,8.0,256,6.72,IPS LCD,120.0,13,2,Realme,Low,HD,Dimensity 6100,8958143.473241733,5983575.499638394,4396241.229006258,8450971.988991197
25490000.0,12.0,512,6.1,Super Retina XDR,60.0,48,4,Apple,Premium,HD,A18 Bionic,16855341.482047364,20067950.11806375,10284450.487012986,8634637.256053168
22450000.0,16.0,256,6.78,LTPO SAMSUNG Flexible AMOLED,165.0,50,3,Asus,Premium,HD,Snapdragon 8 gen 3,15920038.738427702,13506057.435829198,9884080.519480519,8450971.988991197
14490000.0,12.0,256,6.78,AMOLED,60.0,50,3,Asus,High,HD,Snapdragon 8,9577200.371057514,13731223.834988542,9112274.266970143,8518776.899995312
7790000.0,8.0,256,6.7,AMOLED,120.0,100,2,Realme,Medium,HD,Dimensity 7050,9045985.56998557,5811214.52041934,8930213.511876725,8634637.256053168
9950000.0,8.0,256,6.55,AMOLED,120.0,64,3,Xiaomi,High,HD,Snapdragon 778g,9227096.68109668,7742930.647583708,8922798.009097502,8402907.66897336
1690000.0,4.0,64,6.74,IPS LCD,90.0,13,2,Realme,Low,HD,Unisoc t612,9220982.290436836,6119544.246451223,4463947.352049148,8392006.16412573
6780000.0,12.0,256,6.67,OLED,120.0,108,2,Xiaomi,Medium,HD,Dimensity 6080,8696985.014985014,8032423.5633647395,10126660.111317253,8634637.256053168
3990000.0,8.0,256,6.78,IPS LCD,120.0,108,3,Infinix,Medium,HD,Helio G99,7365719.1997192,8476720.346320346,4344381.985756178,8402907.66897336
9990000.0,4.0,128,6.1,OLED,60.0,12,2,Apple,High,HD,A14 Bionic,11537345.926800473,20067950.11806375,10126660.111317253,8634637.256053168
5250000.0,8.0,256,6.4,"Super AMOLED, 600 nits (peak)",60.0,48,4,Realme,Medium,HD,Dimensity 800,9371891.381345928,5983575.499638394,9884080.519480519,8450971.988991197
18990000.0,16.0,256,6.7,Super Fluid AMOLED,120.0,50,3,OnePlus,Premium,FHD,Snapdragon 8 gen 2,14223366.883116884,10230671.135316297,9884080.519480519,19970160.039960038
3790000.0,8.0,256,6.78,IPS LCD,120.0,50,2,Infinix,Medium,HD,Helio G100,9444012.593467139,8461077.009894866,4396241.229006258,8450971.988991197
9450000.0,6.0,128,6.41,Optic AMOLED,60.0,48,2,OnePlus,High,HD,Snapdragon 855,9939677.322677322,10818775.162337663,9884080.519480519,8402907.66897336
10950000.0,12.0,256,6.28,OLED,120.0,50,3,Xiaomi,High,HD,Snapdragon 870,9061434.841021048,7907867.622033139,10590238.349885408,8308181.232125276
8450000.0,8.0,256,6.4,Dynamic AMOLED 2X,120.0,12,3,Samsung,High,HD,Exynos 2100 8,12332678.712591756,13574247.88255223,19141569.43056943,8402907.66897336
13550000.0,16.0,1024,6.78,LTPO AMOLED,120.0,64,3,Vivo,High,HD,Dimensity 9300,9905012.63795493,8969971.649974223,12260284.8253566,8450971.988991197
25490000.0,12.0,256,6.5,OLED,120.0,52,4,Sony,Premium,HD,Snapdragon 8 gen 3,15920038.738427702,11581937.30674088,10640471.212382432,8450971.988991197
3150000.0,8.0,256,6.78,IPS LCD,90.0,64,1,Tecno,Medium,HD,Helio G91 ULTRA,9153548.277809147,6176693.506493507,4344381.985756178,8402907.66897336
5650000.0,8.0,256,6.62,AMOLED,120.0,64,3,Realme,Medium,HD,Snapdragon 870,9284504.088504089,5792195.887445887,8922798.009097502,8402907.66897336
5850000.0,8.0,128,6.43,Super AMOLED,120.0,64,3,Realme,Medium,HD,Snapdragon 768g,9701505.256648114,5931437.419723134,7577429.773929774,8518776.899995312
2250000.0,3.0,32,6.5,IPS LCD,60.0,8,1,Realme,Low,HD,Tiger t612 8,8774233.766233766,6119544.246451223,4463947.352049148,8392006.16412573
2150000.0,6.0,128,6.53,IPS LCD,60.0,13,1,Xiaomi,Low,HD,Helio G25,9884080.519480519,7852799.846710074,4396241.229006258,8450971.988991197
8450000.0,12.0,256,6.77,AMOLED,120.0,50,3,Nothing,High,HD,Snapdragon 7,8754053.67965368,9982369.63036963,9112274.266970143,8518776.899995312
3650000.0,4.0,128,6.3,IPS LCD,60.0,48,4,Realme,Medium,HD,Snapdragon 712,9580076.685219541,6119544.246451223,4463947.352049148,8392006.16412573
7950000.0,8.0,256,6.55,AMOLED,90.0,64,3,Xiaomi,Medium,HD,Snapdragon 780g,9739600.49474335,7907867.622033139,9032217.12458396,8308181.232125276
4950000.0,8.0,128,6.5,IPS LCD,90.0,48,4,Realme,Medium,HD,Dimensity 720,9587219.5423624,5811214.52041934,4392873.934982215,8634637.256053168
5790000.0,8.0,256,6.64,IPS LCD,90.0,50,2,Vivo,Medium,HD,Snapdragon 680,8043720.346320346,9073905.208193868,4463947.352049148,8392006.16412573
3390000.0,8.0,256,6.78,AMOLED,120.0,108,2,Tecno,Medium,HD,Helio G99,7365719.1997192,6176693.506493507,8922798.009097502,8402907.66897336
2990000.0,4.0,64,6.56,IPS LCD,90.0,8,2,OPPO,Low,HD,Helio G85,7128903.153988868,8497237.133237133,4463947.352049148,8392006.16412573
7950000.0,16.0,1024,6.78,LTPO AMOLED,120.0,50,2,Realme,Medium,HD,Dimensity 9300 plus,10047648.957103502,5983575.499638394,12260284.8253566,8450971.988991197
2990000.0,4.0,128,6.7,PLS LCD,60.0,50,2,Samsung,Low,HD,Helio G85,7218617.439703153,13801570.887445888,6929303.992303992,8634637.256053168
9950000.0,12.0,256,6.55,OLED,120.0,50,2,Nothing,High,HD,Snapdragon 778g,9278169.29560463,9815553.789068075,10640471.212382432,8450971.988991197
9550000.0,12.0,256,6.55,"Fluid AMOLED, 120Hz, HDR10+",60.0,48,4,OnePlus,High,HD,Snapdragon 865,9374874.458874458,12093040.25974026,9884080.519480519,8518776.899995312
3150000.0,6.0,128,6.67,IPS LCD,120.0,50,1,Realme,Medium,HD,Dimensity 6300,8157296.909986565,5931437.419723134,4382790.110510607,8518776.899995312
12750000.0,16.0,1024,6.67,OLED,120.0,50,3,Xiaomi,High,FHD,Snapdragon 8 e,15388331.960722204,7907867.622033139,10590238.349885408,19970160.039960038
6250000.0,8.0,256,6.68,IPS LCD,120.0,50,2,Vivo,Medium,HD,Snapdragon 4 gen 2,8561264.415584415,8987866.719139446,4416913.256554766,8308181.232125276
2750000.0,6.0,128,6.74,IPS LCD,90.0,50,2,Realme,Low,HD,Tiger t612 8,8509264.415584415,5931437.419723134,4382790.110510607,8518776.899995312
25950000.0,16.0,512,6.78,LTPO AMOLED,144.0,50,3,Asus,Premium,HD,Snapdragon 8 gen 3,16102073.68142062,13227181.199752629,12428915.728715727,8308181.232125276
11450000.0,16.0,1024,6.8,AMOLED,120.0,64,3,Nubia,High,HD,Snapdragon 8 gen1,10185527.74498229,10464582.054309327,9082156.038961038,8392006.16412573
2990000.0,6.0,128,6.74,IPS LCD,90.0,50,2,Xiaomi,Low,HD,Helio G85,7128903.153988868,8068072.034632035,4463947.352049148,8392006.16412573
25990000.0,12.0,512,6.7,Dynamic AMOLED 2X,120.0,50,3,Samsung,Premium,FHD,Snapdragon 8 e,14965491.145218419,13574247.88255223,19141569.43056943,19371577.179962892
4790000.0,8.0,128,6.72,LTPS LCD,60.0,50,2,OPPO,Medium,HD,Helio G85,7225341.482047364,9207062.380242707,9884080.519480519,8402907.66897336
2950000.0,4.0,128,6.56,IPS LCD,90.0,13,2,Vivo,Low,HD,Helio G85,7225341.482047364,9073320.485965647,4344381.985756178,8402907.66897336
5250000.0,16.0,1024,6.67,AMOLED,120.0,50,2,Xiaomi,Medium,HD,Snapdragon 8,9887096.68109668,8068072.034632035,9082156.038961038,8392006.16412573
19950000.0,12.0,512,6.5,OLED,120.0,12,4,Sony,Premium,FHD,Snapdragon 8 gen 1,13573756.55253837,12305362.824675325,10992447.33044733,19413642.463597007
6490000.0,8.0,512,6.67,AMOLED,120.0,108,3,Tecno,Medium,HD,Dimensity 8050,9834233.766233766,5989721.369539551,8930213.511876725,8634637.256053168
14990000.0,4.0,256,6.1,Super Retina XDR OLED,60.0,12,2,Apple,High,HD,A15 Bionic,11968384.375254376,19263793.57168541,17614979.227750983,8450971.988991197
7200000.0,12.0,256,6.6,"IPS LCD, 90Hz",90.0,48,2,OPPO,Medium,HD,Dimensity 810,9166591.756070016,8497237.133237133,9884080.519480519,8392006.16412573
10450000.0,12.0,256,6.67,OLED,120.0,64,3,Xiaomi,High,HD,Snapdragon 8 gen 1,12704056.747600226,7742930.647583708,10606840.645840645,8402907.66897336
6950000.0,8.0,256,6.6,Super AMOLED,120.0,50,3,Samsung,Medium,HD,Exynos 1380 8,9637219.5423624,13424795.765908169,7437844.981893155,8450971.988991197
22990000.0,6.0,128,6.7,Super Retina XDR OLED,120.0,12,3,Apple,Premium,HD,A15 Bionic,12236600.3996004,20067950.11806375,18590558.09979494,8634637.256053168
25950000.0,8.0,256,6.1,OLED,120.0,48,2,Sony,Premium,HD,Snapdragon 8 gen 2,14199465.638046164,11581937.30674088,10640471.212382432,8450971.988991197
18995000.0,8.0,512,6.1,OLED,120.0,12,3,Sony,Premium,HD,Snapdragon 8 gen 1,13600415.584415585,11245067.0995671,10833669.964955678,8392006.16412573
7390000.0,8.0,128,6.4,Super AMOLED,120.0,50,3,Samsung,Medium,HD,Exynos 1380,9602800.472255018,13574247.88255223,7209051.738583996,8402907.66897336
9450000.0,12.0,256,6.55,AMOLED,120.0,50,3,OPPO,High,HD,Snapdragon 888,10491812.070282659,9207062.380242707,8922798.009097502,8402907.66897336
27550000.0,16.0,1024,6.8,LTPO OLED,120.0,50,3,Google,Premium,HD,Tensor G4,12040073.199527744,14138040.25974026,13358563.251563251,8392006.16412573
6950000.0,12.0,512,6.7,AMOLED,120.0,50,3,Realme,Medium,HD,Snapdragon 7,8838207.792207792,5811214.52041934,8930213.511876725,8634637.256053168
5990000.0,8.0,256,6.67,AMOLED,120.0,50,2,Vivo,Medium,HD,Dimensity 7200,9511733.766233766,9073905.208193868,9082156.038961038,8392006.16412573
13550000.0,12.0,256,6.56,"AMOLED capacitive touchscreen, 16M colors",120.0,50,3,Vivo,High,HD,Snapdragon 865,9600046.540964633,8969971.649974223,9884080.519480519,8450971.988991197
3450000.0,6.0,64,6.39,AMOLED,60.0,64,4,Vsmart,Medium,HD,Snapdragon 730,9630076.685219541,7388720.346320346,8922798.009097502,8402907.66897336
2890000.0,6.0,128,6.56,IPS LCD,90.0,50,4,Vivo,Low,HD,Helio G85,7225341.482047364,9073320.485965647,4344381.985756178,8402907.66897336
14950000.0,12.0,512,6.73,LTPO2 AMOLED,120.0,50,3,Xiaomi,High,FHD,Snapdragon 8 gen 1,12930619.320638737,7852799.846710074,9884080.519480519,19559819.54785794
3250000.0,6.0,128,6.56,IPS LCD,90.0,50,2,Vivo,Medium,HD,Dimensity 6300,8157296.909986565,8905240.456513183,4382790.110510607,8518776.899995312
2190000.0,4.0,128,6.75,IPS LCD,60.0,13,1,ZTE,Low,HD,A1 Bionic,9508171.92331478,9674753.246753247,4382790.110510607,8518776.899995312
5850000.0,8.0,256,6.67,AMOLED,120.0,108,4,Xiaomi,Medium,HD,Snapdragon 732g,9884080.519480519,7907867.622033139,9032217.12458396,8308181.232125276
9350000.0,12.0,256,6.78,AMOLED,120.0,50,3,Vivo,High,HD,Dimensity 7200,9371733.766233766,8905240.456513183,9112274.266970143,8518776.899995312
3950000.0,8.0,128,6.5,IPS LCD,90.0,48,2,Xiaomi,Medium,HD,Dimensity 700,9103548.277809147,8068072.034632035,4463947.352049148,8392006.16412573
7750000.0,8.0,256,6.7,Fluid AMOLED,120.0,50,2,OnePlus,Medium,HD,Snapdragon 7 gen 3,9311486.085343229,12093040.25974026,9925067.099567099,8518776.899995312
14990000.0,12.0,512,6.78,AMOLED,120.0,50,3,Vivo,High,HD,Dimensity 9200,10330061.93806194,9073320.485965647,8922798.009097502,8402907.66897336
24550000.0,16.0,1024,8.03,Foldable LTPO AMOLED (màn chính) | AMOLED (màn phụ),120.0,50,3,Vivo,Premium,2K,Snapdragon 8 gen 2,14587032.207792206,8905240.456513183,9884080.519480519,22286400.23612751
18450000.0,12.0,1024,6.8,Dynamic AMOLED 2X,120.0,108,4,Samsung,Premium,FHD,Snapdragon 8 gen1,10185527.74498229,13613271.633629527,19080025.697706547,19536329.449961804
10850000.0,12.0,256,6.81,AMOLED,120.0,108,3,Xiaomi,High,FHD,Snapdragon 888,11451812.070282659,7588956.679683952,9112274.266970143,19413642.463597007
4490000.0,8.0,256,6.67,AMOLED,120.0,50,2,Xiaomi,Medium,HD,Dimensity 7025 ultra,9179635.234330887,8032423.5633647395,8930213.511876725,8634637.256053168
5550000.0,12.0,256,6.67,OLED,120.0,48,2,Xiaomi,Medium,HD,Snapdragon 4 gen 1,9720552.875695731,8068072.034632035,10833669.964955678,8392006.16412573
2950000.0,6.0,128,6.56,IPS LCD,90.0,50,2,OPPO,Low,HD,Helio G85,7062544.733044732,9154231.33116883,4382790.110510607,8518776.899995312
10950000.0,12.0,256,6.55,OLED,120.0,50,3,Xiaomi,High,HD,Snapdragon 8 gen 1,12248471.04978355,8032423.5633647395,10126660.111317253,8634637.256053168
1450000.0,4.0,64,6.52,"6.52"", IPS LCD, HD+ (720 x 1600 Pixels)",60.0,13,3,Vsmart,Low,HD,Helio G35,9544362.399505256,6862988.540870894,9884080.519480519,8308181.232125276
4450000.0,6.0,128,6.58,IPS LCD,90.0,13,2,Realme,Medium,HD,Dimensity 810,9286156.97346132,5792195.887445887,4344381.985756178,8402907.66897336
4650000.0,12.0,512,6.7,AMOLED,120.0,50,2,OPPO,Medium,HD,Snapdragon 6 gen 1,8913763.347763347,9498923.73081464,9032217.12458396,8308181.232125276
25590000.0,6.0,128,6.7,Super Retina XDR OLED,120.0,48,3,Apple,Premium,HD,A16 Bionic,11628330.8865048,19347162.02844774,18135033.549783546,8402907.66897336
2100000.0,2.0,32,6.5,PLS LCD,60.0,13,3,Samsung,Low,HD,Helio p35,9387567.099567099,13613271.633629527,7485269.904009034,8392006.16412573
29700000.0,16.0,1024,7.92,Foldable LTPO OLED (màn hình chính) | LTPO OLED (màn hình phụ),120.0,50,3,Honor,Premium,2K,Snapdragon 8 gen 2,14223366.883116884,11405509.844993716,9884080.519480519,22862533.549783546
3990000.0,8.0,128,6.8,IPS LCD,60.0,50,2,Nubia,Medium,HD,Unisoc t8100,9884080.519480519,10686475.839172356,4396241.229006258,8450971.988991197
10790000.0,12.0,256,6.67,AMOLED,120.0,50,3,OPPO,High,HD,Snapdragon 6 gen1,9884080.519480519,9498923.73081464,9032217.12458396,8308181.232125276
9490000.0,8.0,128,6.7,Super AMOLED,120.0,50,3,Samsung,High,HD,Exynos 1580,9884080.519480519,13424795.765908169,7437844.981893155,8450971.988991197
3590000.0,8.0,256,6.78,AMOLED,120.0,100,1,Tecno,Medium,HD,G10 0,9884080.519480519,6050317.799847212,9112274.266970143,8518776.899995312
4290000.0,6.0,128,6.67,IPS LCD,60.0,108,1,Tecno,Medium,HD,D630 0,9884080.519480519,6016971.804015213,4396241.229006258,8450971.988991197
2290000.0,6.0,128,6.67,IPS LCD,60.0,48,3,ZTE,Low,HD,Unisoc t618,9884080.519480519,9000458.817498293,4396241.229006258,8450971.988991197
8050000.0,16.0,512,6.7,AMOLED,120.0,50,2,Honor,High,HD,Snapdragon 7 gen 4,9884080.519480519,12627212.662337663,9082156.038961038,8392006.16412573
12350000.0,12.0,512,6.78,OLED,120.0,54,3,Honor,High,HD,Dimensity 8000,9884080.519480519,12385478.945297128,10992447.33044733,8518776.899995312
14490000.0,8.0,256,6.53,"OLED, 16 triệu màu",60.0,40,3,Huawei,High,HD,Kirin 990,9884080.519480519,9459343.22820037,9884080.519480519,8518776.899995312
3890000.0,3.0,32,5.5,IPS LCD,60.0,12,2,Huawei,Medium,HD,Kirin 655,9884080.519480519,10556215.784215786,4344381.985756178,8402907.66897336
5800000.0,4.0,64,5.0,IPS LCD,60.0,16,2,Huawei,Medium,HD,Kirin 659,9884080.519480519,10556215.784215786,4344381.985756178,8402907.66897336
6950000.0,8.0,128,6.4,IPS LCD,60.0,24,4,Huawei,Medium,HD,Kirin 710,9884080.519480519,9997914.6567718,4416913.256554766,8308181.232125276
26550000.0,16.0,1024,6.3,Foldable LTPO2 OLED (màn chính) | LTPO2 OLED (màn phụ),120.0,50,4,Huawei,Premium,HD,Kirin 9020 8,9884080.519480519,9970663.679177966,9884080.519480519,8450971.988991197
7950000.0,12.0,256,6.78,AMOLED,144.0,108,2,Infinix,Medium,HD,Dimensity 8300,9884080.519480519,8461077.009894866,9014675.89118673,8450971.988991197
6990000.0,12.0,256,6.78,AMOLED,144.0,108,3,Infinix,Medium,HD,Dimensity 8020,9884080.519480519,8212550.324675324,9032217.12458396,8308181.232125276
3950000.0,3.0,32,5.5,IPS LCD,60.0,12,1,Apple,Medium,HD,A10 Bionic,9884080.519480519,18863897.687678173,4416913.256554766,8308181.232125276
3250000.0,4.0,128,5.2,Super AMOLED,60.0,12,1,Meizu,Medium,HD,Helio p25,9884080.519480519,10408800.324675325,7586630.640545894,8392006.16412573
4450000.0,6.0,128,5.7,Super AMOLED,60.0,12,1,Meizu,Medium,FHD,Helio x30,9884080.519480519,9833800.324675325,7209051.738583996,19371577.179962892
4820000.0,4.0,128,6.5,IPS LCD,120.0,48,2,Motorola,Medium,HD,Snapdragon 480,9884080.519480519,9875929.717341483,4344381.985756178,8402907.66897336
3950000.0,8.0,128,6.43,Super AMOLED,60.0,48,4,OPPO,Medium,HD,Helio p95,9884080.519480519,9115399.48138342,7437844.981893155,8450971.988991197
890000.0,6.0,128,6.53,IPS LCD,60.0,48,2,OPPO,Low,HD,Helio p70,9884080.519480519,9115399.48138342,4396241.229006258,8450971.988991197
7150000.0,12.0,256,6.59,IPS LCD,120.0,64,3,OPPO,Medium,HD,Dimensity 8000 max,9884080.519480519,9207062.380242707,4344381.985756178,8402907.66897336
6150000.0,16.0,512,6.7,AMOLED,120.0,50,3,OPPO,Medium,HD,Dimensity 8250,9884080.519480519,9404846.753246753,8930213.511876725,8634637.256053168
17450000.0,12.0,256,6.5,AMOLED,90.0,50,3,OPPO,Premium,HD,Dimensity 1200 max,9884080.519480519,9207062.380242707,8922798.009097502,8402907.66897336
6450000.0,8.0,512,6.72,IPS LCD,90.0,50,1,Realme,Medium,HD,Helio G92 MAX,9884080.519480519,5931437.419723134,4382790.110510607,8518776.899995312
4290000.0,8.0,128,6.5,Super AMOLED,90.0,50,3,Samsung,Medium,HD,G9 9,9884080.519480519,12822850.58099795,7228245.286971093,8308181.232125276
8490000.0,8.0,128,6.6,Super AMOLED,120.0,50,3,Samsung,High,HD,Exynos 1480 4,9884080.519480519,13424795.765908169,7437844.981893155,8450971.988991197
4490000.0,4.0,128,6.6,PLS LCD,90.0,50,3,Samsung,Medium,HD,Exynos 1330,9884080.519480519,13574247.88255223,7049277.222777222,8402907.66897336
5890000.0,8.0,128,6.5,Super AMOLED,120.0,50,3,Samsung,Medium,HD,Exynos 1280,9884080.519480519,13574247.88255223,7209051.738583996,8402907.66897336
32990000.0,12.0,256,6.9,Dynamic AMOLED,90.0,108,3,Samsung,Premium,FHD,Exynos 990,9884080.519480519,12822850.58099795,11078200.487012986,19970160.039960038
24490000.0,12.0,512,7.6,Dynamic AMOLED 2X,120.0,50,3,Samsung,Premium,FHD,Snapdragon 8 plus,9884080.519480519,13302820.887445888,18209374.0824393,19413642.463597007
4250000.0,8.0,128,6.5,Super AMOLED,90.0,50,3,Samsung,Medium,HD,Dimensity 6100 plus,9884080.519480519,12822850.58099795,7228245.286971093,8308181.232125276
2850000.0,3.0,32,6.5,IPS LCD,60.0,13,3,Samsung,Low,HD,Snapdragon 450,9884080.519480519,13302820.887445888,4382790.110510607,8518776.899995312
5530000.0,8.0,256,6.4,Super AMOLED,90.0,48,4,Samsung,Medium,HD,Exynos 1280 5,9884080.519480519,13613271.633629527,7586630.640545894,8392006.16412573
7950000.0,12.0,256,6.6,Super AMOLED,120.0,50,3,Samsung,Medium,HD,Exynos 1480 8,9884080.519480519,13801570.887445888,7407607.030900134,8634637.256053168
7850000.0,12.0,256,6.7,Super AMOLED,120.0,50,3,Samsung,Medium,HD,Exynos 1580 8,9884080.519480519,13302820.887445888,7577429.773929774,8518776.899995312
4990000.0,4.0,128,6.6,PLS LCD,90.0,50,3,Samsung,Medium,HD,Exynos 1330 8,9884080.519480519,13613271.633629527,7485269.904009034,8392006.16412573
5350000.0,4.0,64,6.4,Super AMOLED,60.0,48,3,Samsung,Medium,HD,Exynos 9611,9884080.519480519,13302820.887445888,7577429.773929774,8518776.899995312
2950000.0,6.0,256,6.0,OLED,60.0,12,3,Sony,Low,HD,Snapdragon 690,9884080.519480519,11245067.0995671,10833669.964955678,8392006.16412573
5890000.0,8.0,256,6.78,AMOLED,120.0,108,1,Tecno,Medium,HD,G9 9 ,9884080.519480519,6176693.506493507,8922798.009097502,8402907.66897336
2450000.0,8.0,128,6.6,IPS LCD,90.0,50,1,Tecno,Low,HD,Mediatek 8 ,9884080.519480519,5989721.369539551,4392873.934982215,8634637.256053168
2300000.0,4.0,64,6.52,IPS LCD,60.0,13,1,Tecno,Low,HD,Helio a20,9884080.519480519,6176693.506493507,4344381.985756178,8402907.66897336
2450000.0,4.0,64,6.6,IPS LCD,90.0,13,1,Tecno,Low,HD,Tiger t606 8,9884080.519480519,5928023.005565863,4416913.256554766,8308181.232125276
7050000.0,12.0,256,6.44,AMOLED,90.0,50,3,Vivo,Medium,HD,Exynos 1080,9884080.519480519,8987866.719139446,9032217.12458396,8308181.232125276
9450000.0,12.0,128,6.78,AMOLED,120.0,50,2,Vivo,High,HD,Dimensity 9200 plus,9884080.519480519,8832342.27994228,8930213.511876725,8634637.256053168
3450000.0,6.0,64,6.51,IPS LCD,60.0,13,3,Vivo,Medium,HD,Snapdragon 460,9884080.519480519,9073320.485965647,4344381.985756178,8402907.66897336
1590000.0,8.0,16,6.0,IPS LCD,60.0,8,1,Vsmart,Low,HD,MediaTek 9,9884080.519480519,6998800.324675324,4392873.934982215,8634637.256053168
1590000.0,2.0,16,6.09,IPS LCD,60.0,8,2,Vsmart,Low,HD,Snapdragon 215,9884080.519480519,7388720.346320346,4344381.985756178,8402907.66897336
10590000.0,12.0,256,6.67,AMOLED,144.0,50,3,Xiaomi,High,HD,Dimensity 8200ultra,9884080.519480519,7852799.846710074,9014675.89118673,8450971.988991197
10990000.0,12.0,512,6.67,AMOLED,144.0,50,3,Xiaomi,High,HD,Dimensity 8300ultra,9884080.519480519,8068072.034632035,9082156.038961038,8392006.16412573
10990000.0,8.0,128,6.67,AMOLED,60.0,108,3,Xiaomi,High,HD,Dimensity 1200ultra,9884080.519480519,7907867.622033139,9032217.12458396,8308181.232125276
5490000.0,8.0,128,6.67,AMOLED,120.0,108,3,Xiaomi,Medium,HD,Dimensity 8100 ultra,9884080.519480519,8068072.034632035,9082156.038961038,8392006.16412573
9450000.0,8.0,256,6.67,AMOLED,120.0,108,3,Xiaomi,High,HD,Dimensity 8100ultra,9884080.519480519,7852799.846710074,9014675.89118673,8450971.988991197
2950000.0,4.0,64,6.7,IPS LCD,60.0,13,2,Xiaomi,Low,HD,Jr510 8 ,9884080.519480519,7742930.647583708,4344381.985756178,8402907.66897336
5450000.0,8.0,256,6.67,IPS LCD,120.0,48,4,Xiaomi,Medium,HD,Snapdragon 860,9884080.519480519,7852799.846710074,4396241.229006258,8450971.988991197
1750000.0,3.0,64,6.71,IPS LCD,90.0,8,2,Xiaomi,Low,HD,Tiger t603 8,9884080.519480519,7742930.647583708,4344381.985756178,8402907.66897336
2250000.0,6.0,128,6.88,IPS LCD,120.0,32,1,Xiaomi,Low,HD,Unisoc t7250 8,9884080.519480519,7852799.846710074,4396241.229006258,8450971.988991197
3800000.0,8.0,128,6.43,AMOLED,60.0,64,4,Xiaomi,Medium,HD,Helio G95,9884080.519480519,7852799.846710074,9014675.89118673,8450971.988991197
3850000.0,6.0,128,6.43,Super AMOLED,60.0,48,4,Xiaomi,Medium,HD,Snapdragon 678,9884080.519480519,7852799.846710074,7437844.981893155,8450971.988991197
5950000.0,12.0,512,6.67,AMOLED,120.0,200,3,Xiaomi,Medium,HD,Helio G100 ULTRA,9884080.519480519,7588956.679683952,9112274.266970143,8518776.899995312
2150000.0,4.0,128,6.7,IPS LCD,120.0,50,1,ZTE,Low,HD,Unisoc t7200 8,9884080.519480519,8797550.324675325,4392873.934982215,8634637.256053168
4450000.0,8.0,256,6.72,IPS LCD,120.0,50,2,ZTE,Medium,HD,Tiger t820 8,9884080.519480519,9674753.246753247,4382790.110510607,8518776.899995312
5690000.0,12.0,256,6.8,AMOLED,120.0,50,2,ZTE,Medium,HD,Unisoc t9100 8,9884080.519480519,8863726.589200273,8922798.009097502,8402907.66897336
